name,price,recommended_power,pcie_type,gpu_length,created_at
지포스 GT630 (중고),14000,,,,2026-04-20 15:27:56.166823
액슬 지포스 G210 D3 512MB 에즈윈,25190,300.0,PCIE2.0X16,150.0,2026-04-20 15:27:56.166823
AFOX 지포스 G210 D3 512MB LP 디앤디컴,25990,300.0,PCIE2.0X16,150.0,2026-04-20 15:27:56.166823
액슬 지포스 G210 D3 1GB 에즈윈,26640,,PCIE2.0X16,150.0,2026-04-20 15:27:56.166823
GIGABYTE AORUS SLI HB 브릿지 L,38000,,,,2026-04-20 15:27:56.166823
XFX Magnetic Air 시리즈 커스텀 팬 오렌지,38990,,,,2026-04-20 15:27:56.166823
XFX Magnetic Air 시리즈 커스텀 팬 그린,38990,,,,2026-04-20 15:27:56.166823
XFX Magnetic Air 시리즈 커스텀 팬 블루,38990,,,,2026-04-20 15:27:56.166823
AFOX 지포스 GT710 L5 D3 1GB LP 디앤디컴,58160,300.0,PCIE2.0X16,145.0,2026-04-20 15:27:56.166823
갤럭시 GALAX 지포스 GT710 D3 1GB LP 무소음,59170,300.0,PCIE2.0X8,148.0,2026-04-20 15:27:56.166823
갤럭시 GALAZ 지포스 GT710 D3 1GB LP 무소음,59210,300.0,PCIE2.0X16,165.0,2026-04-20 15:27:56.166823
액슬 지포스 GT730 클래식 D3 1GB 에즈윈,59350,300.0,PCIE2.0X16,145.0,2026-04-20 15:27:56.166823
AFOX 지포스 GT730 D3 2GB LP 무소음 디앤디컴,63090,,PCIE2.0X16,145.0,2026-04-20 15:27:56.166823
액슬 지포스 GT730 클래식 D3 2GB 에즈윈,63340,300.0,PCIE2.0X16,156.0,2026-04-20 15:27:56.166823
갤럭시 갤라즈 GALAX 지포스 GT710 D3 2GB LP 무소음,63360,300.0,PCIE2.0X8,148.0,2026-04-20 15:27:56.166823
MSI 지포스 GT710 D3 2GB LP 무소음,64050,300.0,PCIE2.0X8,146.0,2026-04-20 15:27:56.166823
갤럭시 GALAZ 지포스 GT710 D3 2GB LP 무소음,64350,300.0,PCIE2.0X8,148.0,2026-04-20 15:27:56.166823
TUL 라데온 RX 550 D5 2GB LP (벌크),64900,400.0,,176.0,2026-04-20 15:27:56.166823
MSI 지포스 GT710 D3 1GB LP 무소음 V2,65500,300.0,PCIE2.0X8,146.0,2026-04-20 15:27:56.166823
액슬 지포스 GT730 클래식 D3 4GB R2 에즈윈,69360,300.0,PCIE2.0X16,146.0,2026-04-20 15:27:56.166823
갤럭시 GALAX 지포스 GT730 D3 4GB LP,73600,300.0,PCIE2.0X8,148.0,2026-04-20 15:27:56.166823
STCOM 지포스 GT730 D5 2GB LP,76840,300.0,PCIE2.0X16,145.0,2026-04-20 15:27:56.166823
갤럭시 GALAZ 지포스 GT730 D3 4GB LP,80900,300.0,PCIE2.0X8,148.0,2026-04-20 15:27:56.166823
액슬 라데온 RX 550 D5 4GB 에즈윈,112700,,PCIE3.0X16,157.0,2026-04-20 15:27:56.166823
액슬 지포스 GT1030 D5 2GB 에즈윈,116300,,PCIE3.0X16,162.0,2026-04-20 15:27:56.166823
AFOX 지포스 GT1030 L5 D5 2GB LP 디앤디컴,116490,300.0,PCIE3.0X16,168.0,2026-04-20 15:27:56.166823
MSI 지포스 GT1030 에어로 ITX OC D4 2GB,126500,300.0,PCIE3.0X16,147.0,2026-04-20 15:27:56.166823
갤럭시 GALAX 지포스 GT1030 D5 2GB,127790,300.0,PCIE3.0X16,180.0,2026-04-20 15:27:56.166823
갤럭시 GALAX 지포스 GT1030 강아지 EXOC D5 2GB LP,128720,300.0,PCIE3.0X16,162.0,2026-04-20 15:27:56.166823
갤럭시 GALAZ 지포스 GT1030 EXOC WHITE D5 2GB LP,132650,300.0,PCIE3.0X16,162.0,2026-04-20 15:27:56.166823
갤럭시 GALAZ 지포스 GT1030 D5 2GB,134800,300.0,PCIE3.0X16,166.0,2026-04-20 15:27:56.166823
갤럭시 BOY 지포스 GT1030 D5 2GB,137000,300.0,PCIE3.0X16,166.0,2026-04-20 15:27:56.166823
지포스 GTX1060 D5 6GB (중고),141100,,PCIE3.0X16,,2026-04-20 15:27:56.166823
MAXSUN 라데온 RX 580 2048SP 빅맥 화이트 D5 8GB 디앤디컴,142000,400.0,PCIE3.0X16,190.0,2026-04-20 15:27:56.166823
GIGABYTE 지포스 GT1030 UD2 D4 2GB 미니미 피씨디렉트,157000,300.0,PCIE3.0X16,150.0,2026-04-20 15:27:56.166823
AFOX 지포스 GTX1050 Ti H7 D5 4GB 디앤디컴,175500,300.0,PCIE3.0X16,220.0,2026-04-20 15:27:56.166823
STCOM 라데온 RX 580 2048SP Gaming D5 8GB,182760,500.0,PCIE3.0X16,212.0,2026-04-20 15:27:56.166823
액슬 지포스 GTX1050 Ti D5 4GB 에즈윈,183000,300.0,PCIE3.0X16,182.0,2026-04-20 15:27:56.166823
액슬 라데온 RX 580 2048SP D5 8GB R2 에즈윈,185800,500.0,PCIE3.0X16,213.0,2026-04-20 15:27:56.166823
이엠텍 지포스 GTX 1050 Ti MIRACLE II D5 4GB,195940,300.0,PCIE3.0X16,180.0,2026-04-20 15:27:56.166823
AFOX 라데온 RX 580 2048SP D5 8GB 디앤디컴,197480,400.0,PCIE3.0X16,,2026-04-20 15:27:56.166823
AMD 라데온 PRO WX3200 D5 4GB LP 대원씨티에스,197600,,PCIE3.0X16,168.0,2026-04-20 15:27:56.166823
AMD 라데온 PRO WX2100 D5 2GB LP,228210,,PCIE3.0X16,170.0,2026-04-20 15:27:56.166823
갤럭시 GALAX 지포스 RTX 2060 SUPER OC V2 D6 8GB,244660,550.0,PCIE3.0X16,230.0,2026-04-20 15:27:56.166823
액슬 지포스 GTX 1650 D6 4GB R3 에즈윈,266990,300.0,PCIE3.0X16,173.0,2026-04-20 15:27:56.166823
ARKTEK 지포스 GTX 1660 SUPER D6 6GB,268000,450.0,PCIE3.0X16,220.0,2026-04-20 15:27:56.166823
이엠텍 지포스 GTX 1660 SUPER MIRACLE II D6 6GB,276750,450.0,PCIE3.0X16,220.0,2026-04-20 15:27:56.166823
NVIDIA 쿼드로 P2000 D5 5GB ABKO,278640,,PCIE3.0X16,200.0,2026-04-20 15:27:56.166823
액슬 지포스 GTX 1660 SUPER 38mm D6 6GB 에즈윈,284490,450.0,PCIE3.0X16,202.0,2026-04-20 15:27:56.166823
STCOM 지포스 GTX 1660 SUPER D6 6GB,291000,450.0,PCIE3.0X16,212.0,2026-04-20 15:27:56.166823
갤럭시 GALAX 지포스 GTX 1660 SUPER OC D6 6GB,320000,450.0,PCIE3.0X16,214.0,2026-04-20 15:27:56.166823
COLORFUL 지포스 RTX 3050 GAMING DUO V4 D6 6GB 도우정보,320000,450.0,PCIE4.0X16,245.0,2026-04-20 15:27:56.166823
MAXSUN 지포스 RTX 3050 트랜스포머 D6 6GB 디앤디컴,321580,300.0,PCIE4.0X16,189.0,2026-04-20 15:27:56.166823
GAINWARD 지포스 RTX 3050 페가수스 D6 6GB,322350,,,162.0,2026-04-20 15:27:56.166823
GIGABYTE 지포스 RTX 3050 WINDFORCE OC V2 D6 6GB 피씨디렉트,328990,300.0,PCIE4.0X16,191.0,2026-04-20 15:27:56.166823
액슬 지포스 RTX 3050 D6 6GB 에즈윈,329400,300.0,PCIE4.0X16,213.0,2026-04-20 15:27:56.166823
PALIT 지포스 RTX 3050 STORM X D6 6GB 이엠텍,329770,300.0,PCIE4.0X16,162.0,2026-04-20 15:27:56.166823
COLORFUL 지포스 RTX 3050 GAMING DUO V4 D6 6GB 피씨디렉트,331560,450.0,PCIE4.0X16,245.0,2026-04-20 15:27:56.166823
ASUS DUAL 지포스 RTX 3050 O6G OC D6 6GB 대원씨티에스,333810,450.0,PCIE4.0X16,201.0,2026-04-20 15:27:56.166823
GIGABYTE 지포스 RTX 3050 WINDFORCE OC V2 D6 6GB 제이씨현,338800,,PCIE4.0X16,,2026-04-20 15:27:56.166823
이엠텍 지포스 RTX 3050 MIRACLE WHITE D6 6GB,341800,300.0,PCIE4.0X16,187.0,2026-04-20 15:27:56.166823
MSI 지포스 RTX 3050 벤투스 2X E OC D6 6GB,341890,300.0,PCIE4.0X16,189.0,2026-04-20 15:27:56.166823
ASRock 라데온 RX 6650 XT 스틸레전드 화이트 OC D6 8GB 에즈윈,357000,550.0,,303.0,2026-04-20 15:27:56.166823
갤럭시 GALAX 지포스 RTX 3050 EX WHITE D6 6GB DVI,357890,300.0,PCIE4.0X16,209.0,2026-04-20 15:27:56.166823
MAXSUN Arc B580 iCraft D6 12GB 코잇,359000,,PCIE4.0X16,312.0,2026-04-20 15:27:56.166823
MSI 지포스 RTX 3050 벤투스 2X OC D6 6GB,359980,300.0,PCIE4.0X16,189.0,2026-04-20 15:27:56.166823
갤럭시 GALAX 지포스 RTX 3050 EX BLACK D6 6GB DVI,361162,300.0,PCIE4.0X16,209.0,2026-04-20 15:27:56.166823
ASRock 라데온 RX 6600 CHALLENGER D D6 8GB 대원씨티에스,366160,500.0,,269.0,2026-04-20 15:27:56.166823
갤럭시 GALAZ 지포스 RTX 3050 EX BLACK D6 6GB DVI,371950,300.0,PCIE4.0X16,209.0,2026-04-20 15:27:56.166823
이엠텍 지포스 RTX 3050 STORM X NANO D6 6GB,381300,300.0,PCIE4.0X16,162.0,2026-04-20 15:27:56.166823
AMD 라데온 PRO W5500 D6 8GB 대원씨티에스,383530,,PCIE4.0X16,241.0,2026-04-20 15:27:56.166823
MSI 지포스 RTX 3050 벤투스 2X XS OC D6 8GB,386490,500.0,PCIE4.0X16,205.0,2026-04-20 15:27:56.166823
액슬 지포스 RTX 2060 SUPER D6 8GB 에즈윈,391460,500.0,PCIE3.0X16,214.0,2026-04-20 15:27:56.166823
COLORFUL 지포스 RTX 3050 토마호크 DUO V2 D6 8GB 피씨디렉트,394740,550.0,,255.0,2026-04-20 15:27:56.166823
COLORFUL 지포스 RTX 3050 토마호크 DUO V2 D6 8GB,407990,,,255.0,2026-04-20 15:27:56.166823
COLORFUL 지포스 RTX 5050 GAMING DUO OC D6 8GB 피씨디렉트,414400,500.0,PCIE5.0X16,200.0,2026-04-20 15:27:56.166823
GIGABYTE 지포스 RTX 5050 WINDFORCE OC D6 8GB 제이씨현,426560,550.0,PCIE5.0X16,199.0,2026-04-20 15:27:56.166823
COLORFUL 지포스 RTX 5050 Battle AX DUO D6 8GB 피씨디렉트,427510,550.0,PCIE5.0X16,231.0,2026-04-20 15:27:56.166823
PNY 지포스 RTX 5050 D6 8GB Dual Fan 제이씨현,429880,550.0,PCIE5.0X16,197.0,2026-04-20 15:27:56.166823
GIGABYTE 라데온 RX 7600 GAMING OC D6 8GB 제이씨현,432060,550.0,PCIE4.0X16,282.0,2026-04-20 15:27:56.166823
GIGABYTE 지포스 RTX 5050 WINDFORCE OC D6 8GB 피씨디렉트,437940,550.0,PCIE5.0X16,199.0,2026-04-20 15:27:56.166823
MSI 지포스 RTX 5050 벤투스 2X OC D6 8GB,439950,550.0,PCIE5.0X16,197.0,2026-04-20 15:27:56.166823
갤럭시 GALAX 지포스 RTX 5050 BLACK OC D6 8GB DUAL HDMI,442520,550.0,PCIE5.0X16,225.0,2026-04-20 15:27:56.166823
GIGABYTE 지포스 RTX 5050 GAMING OC D6 8GB 제이씨현,447280,550.0,PCIE5.0X16,280.0,2026-04-20 15:27:56.166823
MSI 지포스 RTX 5050 쉐도우 2X OC D6 8GB,447900,550.0,PCIE5.0X16,197.0,2026-04-20 15:27:56.166823
이엠텍 지포스 RTX 5050 MIRACLE WHITE D6 8GB,448930,550.0,PCIE5.0X16,250.0,2026-04-20 15:27:56.166823
XFX 라데온 RX 9060 SWIFT DUAL D6 8GB,448990,450.0,PCIE5.0X16,223.0,2026-04-20 15:27:56.166823
XFX 라데온 RX 7600 SWFT 210 CORE D6 8GB,451290,550.0,,241.0,2026-04-20 15:27:56.166823
ASRock 라데온 RX 9060 CHALLENGER D6 8GB 대원씨티에스,451990,500.0,PCIE5.0X16,249.0,2026-04-20 15:27:56.166823
PNY 지포스 RTX 5050 D6 8GB Dual Fan STCOM,459520,550.0,PCIE5.0X16,197.0,2026-04-20 15:27:56.166823
GIGABYTE 지포스 RTX 5050 UD2 OC D6 8GB Nano LP 제이씨현,467420,550.0,PCIE5.0X16,182.0,2026-04-20 15:27:56.166823
GIGABYTE 지포스 RTX 5050 GAMING OC D6 8GB 피씨디렉트,470410,550.0,PCIE5.0X16,280.0,2026-04-20 15:27:56.166823
갤럭시 GALAX 지포스 RTX 5050 WHITE OC D6 8GB DUAL HDMI,472000,550.0,PCIE5.0X16,225.0,2026-04-20 15:27:56.166823
SAPPHIRE 라데온 RX 7600 PULSE OC D6 8GB,475740,550.0,,240.0,2026-04-20 15:27:56.166823
ASUS DUAL 지포스 RTX 5050 D6 8GB 대원씨티에스,480700,550.0,PCIE5.0X16,203.0,2026-04-20 15:27:56.166823
COLORFUL 지포스 RTX 5050 GAMING DUO D6 8GB 도우정보,484990,500.0,PCIE5.0X16,200.0,2026-04-20 15:27:56.166823
ASUS DUAL 지포스 RTX 5050 OC D6 8GB 대원씨티에스,486200,550.0,PCIE5.0X16,203.0,2026-04-20 15:27:56.166823
GIGABYTE 지포스 RTX 5050 UD2 OC D6 8GB Nano LP 피씨디렉트,491870,550.0,PCIE5.0X16,182.0,2026-04-20 15:27:56.166823
COLORFUL iGame 지포스 RTX 5050 ULTRA DUO OC White D6 8GB 피씨디렉트,494900,500.0,PCIE5.0X16,231.0,2026-04-20 15:27:56.166823
PowerColor 라데온 RX 9060 Reaper D6 8GB 대원씨티에스,496340,500.0,PCIE5.0X16,200.0,2026-04-20 15:27:56.166823
ASUS DUAL 라데온 RX 9060 D6 8GB 대원씨티에스,497470,550.0,PCIE5.0X16,202.0,2026-04-20 15:27:56.166823
PNY 지포스 RTX 5060 OC D7 8GB Dual Fan STCOM,498990,550.0,PCIE5.0X16,200.0,2026-04-20 15:27:56.166823
COLORFUL 지포스 RTX 5060 토마호크 DUO D7 8GB 피씨디렉트,499000,550.0,PCIE5.0X16,231.0,2026-04-20 15:27:56.166823
MANLI 지포스 RTX 5060 Nebula D7 8GB 대원씨티에스,501860,,PCIE5.0X16,211.0,2026-04-20 15:27:56.166823
갤럭시 GALAX 지포스 RTX 5050 BLACK OC V2 D6 8GB DUAL HDMI,505000,550.0,PCIE5.0X16,225.0,2026-04-20 15:27:56.166823
MANLI 지포스 RTX 5060 Polar Fox D7 OC 8GB 대원씨티에스,508500,,PCIE5.0X16,240.0,2026-04-20 15:27:56.166823
PowerColor 라데온 RX 9060 XT Reaper White D6 8GB 대원씨티에스,509000,500.0,PCIE5.0X16,200.0,2026-04-20 15:27:56.166823
PNY 지포스 RTX 5060 OC D7 8GB Dual Fan 제이씨현,513700,,PCIE5.0X16,200.0,2026-04-20 15:27:56.166823
액슬 지포스 RTX 3060 Ti D6 8GB White 에즈윈,519910,600.0,,230.0,2026-04-20 15:27:56.166823
MSI 지포스 RTX 5060 쉐도우 2X OC D7 8GB,519940,550.0,PCIE5.0X16,197.0,2026-04-20 15:27:56.166823
GIGABYTE 지포스 RTX 5060 WINDFORCE MAX OC D7 8GB 피씨디렉트,525590,550.0,PCIE5.0X16,199.0,2026-04-20 15:27:56.166823
COLORFUL 지포스 RTX 5060 GAMING DUO D7 8GB 피씨디렉트,526090,550.0,PCIE5.0X16,200.0,2026-04-20 15:27:56.166823
GIGABYTE 지포스 RTX 5060 UD2 OC D7 8GB Nano LP 피씨디렉트,529000,550.0,PCIE5.0X16,182.0,2026-04-20 15:27:56.166823
COLORFUL iGame 지포스 RTX 5050 ULTRA DUO OC White D6 8GB 도우정보,529990,500.0,PCIE5.0X16,231.0,2026-04-20 15:27:56.166823
GIGABYTE 지포스 RTX 5060 EAGLE OC D7 8GB 제이씨현,530000,450.0,PCIE5.0X16,208.0,2026-04-20 15:27:56.166823
MSI 지포스 RTX 5060 Ti 쉐도우 2X OC 플러스 D7 8GB,530100,600.0,PCIE5.0X16,226.0,2026-04-20 15:27:56.166823
이엠텍 지포스 RTX 5060 MIRACLE WHITE D7 8GB,532480,550.0,PCIE5.0X16,250.0,2026-04-20 15:27:56.166823
XFX 라데온 RX 9060 XT SWIFT DUAL WHITE OC D6 8GB,533650,450.0,PCIE5.0X16,270.0,2026-04-20 15:27:56.166823
GIGABYTE 지포스 RTX 5060 WINDFORCE MAX OC D7 8GB 제이씨현,534600,450.0,PCIE5.0X16,199.0,2026-04-20 15:27:56.166823
PALIT 지포스 RTX 5060 DUAL OC D7 8GB 이엠텍,535510,,PCIE5.0X16,,2026-04-20 15:27:56.166823
갤럭시 GALAZ 지포스 RTX 5050 BLACK OC V2 D6 8GB DUAL HDMI,536950,550.0,PCIE5.0X16,225.0,2026-04-20 15:27:56.166823
MSI 지포스 RTX 5060 벤투스 2X OC D7 8GB,537530,,PCIE5.0X16,,2026-04-20 15:27:56.166823
갤럭시 GALAX 지포스 RTX 5060 WHITE OC D7 8GB,539970,550.0,PCIE5.0X16,225.0,2026-04-20 15:27:56.166823
갤럭시 GALAX 지포스 RTX 5060 EX BLACK OC D7 8GB,539990,550.0,PCIE5.0X16,255.0,2026-04-20 15:27:56.166823
SAPPHIRE 라데온 RX 9060 PULSE OC D6 8GB,541790,450.0,PCIE5.0X16,200.0,2026-04-20 15:27:56.166823
갤럭시 GALAX 지포스 RTX 5060 BLACK OC D7 8GB,542000,550.0,PCIE5.0X16,225.0,2026-04-20 15:27:56.166823
GIGABYTE 라데온 RX 9060 XT Gaming OC D6 8GB 피씨디렉트,547930,450.0,PCIE5.0X16,281.0,2026-04-20 15:27:56.166823
갤럭시 GALAX 지포스 RTX 5060 WHITE OC V2 D7 8GB,549000,550.0,PCIE5.0X16,225.0,2026-04-20 15:27:56.166823
ASUS DUAL 지포스 RTX 5060 OC D7 8GB 대원씨티에스,550000,550.0,PCIE5.0X16,228.0,2026-04-20 15:27:56.166823
ASUS PRIME 라데온 RX 9060 XT OC D6 8GB 대원씨티에스,550000,550.0,PCIE5.0X16,304.0,2026-04-20 15:27:56.166823
GIGABYTE 지포스 RTX 5060 EAGLE OC ICE D7 8GB 피씨디렉트,550000,550.0,PCIE5.0X16,208.0,2026-04-20 15:27:56.166823
GIGABYTE 지포스 RTX 5060 WINDFORCE OC D7 8GB 피씨디렉트,550000,550.0,PCIE5.0X16,199.0,2026-04-20 15:27:56.166823
COLORFUL 지포스 RTX 5060 GAMING DUO D7 8GB 도우정보,550000,550.0,PCIE5.0X16,200.0,2026-04-20 15:27:56.166823
GIGABYTE 지포스 RTX 5060 UD2 OC D7 8GB Nano LP 제이씨현,551970,450.0,PCIE5.0X16,182.0,2026-04-20 15:27:56.166823
GIGABYTE 지포스 RTX 5060 Ti WINDFORCE D7 8GB 피씨디렉트,555000,650.0,PCIE5.0X16,208.0,2026-04-20 15:27:56.166823
ASRock 라데온 RX 9060 XT 스틸레전드 OC D6 8GB 대원씨티에스,557910,550.0,PCIE5.0X16,298.0,2026-04-20 15:27:56.166823
GIGABYTE 지포스 RTX 5060 AERO OC D7 8GB 피씨디렉트,558190,550.0,PCIE5.0X16,281.0,2026-04-20 15:27:56.166823
GIGABYTE 지포스 RTX 5060 Ti WINDFORCE MAX OC D7 8GB 피씨디렉트,558200,650.0,PCIE5.0X16,208.0,2026-04-20 15:27:56.166823
GIGABYTE 지포스 RTX 5060 Ti WINDFORCE MAX OC D7 8GB 제이씨현,558760,650.0,PCIE5.0X16,208.0,2026-04-20 15:27:56.166823
갤럭시 GALAX 지포스 RTX 5060 EX WHITE OC D7 8GB,559450,550.0,PCIE5.0X16,255.0,2026-04-20 15:27:56.166823
ZOTAC GAMING 지포스 RTX 5060 Ti Twin Edge OC D7 8GB,562800,,PCIE5.0X16,,2026-04-20 15:27:56.166823
GIGABYTE 지포스 RTX 5060 EAGLE OC D7 8GB 피씨디렉트,564900,550.0,PCIE5.0X16,208.0,2026-04-20 15:27:56.166823
COLORFUL 지포스 RTX 5060 Ti GAMING DUO D7 8GB 도우정보,565000,600.0,PCIE5.0X16,200.0,2026-04-20 15:27:56.166823
COLORFUL 지포스 RTX 5060 Ti GAMING DUO D7 8GB 피씨디렉트,565140,600.0,PCIE5.0X16,200.0,2026-04-20 15:27:56.166823
MANLI 지포스 RTX 3060 Rush D6 12GB LHR 대원씨티에스,565500,,PCIE4.0X16,245.0,2026-04-20 15:27:56.166823
GIGABYTE 지포스 RTX 5060 EAGLE MAX OC D7 8GB 피씨디렉트,567940,550.0,PCIE5.0X16,281.0,2026-04-20 15:27:56.166823
ASUS DUAL 지포스 RTX 5060 EVO OC D7 8GB 대원씨티에스,568170,550.0,PCIE5.0X16,225.0,2026-04-20 15:27:56.166823
PALIT 지포스 RTX 5060 Ti DUAL D7 8GB 이엠텍,568240,,PCIE5.0X16,,2026-04-20 15:27:56.166823
COLORFUL 지포스 RTX 5060 Ti 토마호크 DUO D7 8GB 피씨디렉트,568770,600.0,PCIE5.0X16,231.0,2026-04-20 15:27:56.166823
액슬 지포스 RTX 3070 D6 8GB White 에즈윈,570820,650.0,,230.0,2026-04-20 15:27:56.166823
GIGABYTE 지포스 RTX 5060 EAGLE MAX OC D7 8GB 제이씨현,570960,550.0,PCIE5.0X16,281.0,2026-04-20 15:27:56.166823
GIGABYTE 지포스 RTX 5060 EAGLE OC ICE D7 8GB 제이씨현,571360,450.0,PCIE5.0X16,208.0,2026-04-20 15:27:56.166823
갤럭시 GALAX 지포스 RTX 5060 BLACK OC V2 D7 8GB DUAL HDMI,574610,550.0,PCIE5.0X16,225.0,2026-04-20 15:27:56.166823
GIGABYTE 지포스 RTX 5060 WINDFORCE OC D7 8GB 제이씨현,574890,450.0,PCIE5.0X16,199.0,2026-04-20 15:27:56.166823
PNY 지포스 RTX 5060 Ti OC D7 8GB Dual Fan STCOM,576330,600.0,PCIE5.0X16,245.0,2026-04-20 15:27:56.166823
SAPPHIRE 라데온 RX 7700 XT NITRO+ OC D6 12GB,580120,,PCIE4.0X16,320.0,2026-04-20 15:27:56.166823
GIGABYTE 지포스 RTX 5060 GAMING OC D7 8GB 제이씨현,581950,450.0,PCIE5.0X16,281.0,2026-04-20 15:27:56.166823
SAPPHIRE 라데온 RX 9060 XT PULSE OC D6 8GB,583000,450.0,PCIE5.0X16,244.0,2026-04-20 15:27:56.166823
GIGABYTE 지포스 RTX 5060 GAMING OC D7 8GB 피씨디렉트,583230,550.0,PCIE5.0X16,281.0,2026-04-20 15:27:56.166823
갤럭시 GALAX 지포스 RTX 5060 BLACK OC V2 D7 8GB,583380,550.0,PCIE5.0X16,225.0,2026-04-20 15:27:56.166823
GIGABYTE 지포스 RTX 5060 Ti WINDFORCE OC D7 8GB 제이씨현,584000,650.0,PCIE5.0X16,208.0,2026-04-20 15:27:56.166823
갤럭시 GALAZ 지포스 RTX 5060 BLACK OC V2 D7 8GB,587950,550.0,PCIE5.0X16,225.0,2026-04-20 15:27:56.166823
MSI 지포스 RTX 5060 Ti 벤투스 2X OC 플러스 D7 8GB,588270,600.0,PCIE5.0X16,227.0,2026-04-20 15:27:56.166823
GIGABYTE 지포스 RTX 5060 Ti AERO OC D7 8GB 피씨디렉트,589180,650.0,PCIE5.0X16,281.0,2026-04-20 15:27:56.166823
갤럭시 GALAX 지포스 RTX 5060 BLACK D7 8GB LP,589530,550.0,PCIE5.0X16,184.0,2026-04-20 15:27:56.166823
GIGABYTE 지포스 RTX 5060 AERO OC D7 8GB 제이씨현,589540,450.0,PCIE5.0X16,281.0,2026-04-20 15:27:56.166823
PowerColor 라데온 RX 7700 XT D6 12GB White 대원씨티에스,589900,700.0,,274.0,2026-04-20 15:27:56.166823
MANLI 지포스 RTX 5060 TI Polar Fox OC D7 8GB 인텍앤컴퍼니,590000,,PCIE5.0X16,240.0,2026-04-20 15:27:56.166823
ASUS DUAL 라데온 RX 9060 XT D6 8GB 대원씨티에스,595000,550.0,PCIE5.0X16,202.0,2026-04-20 15:27:56.166823
GIGABYTE 지포스 RTX 5060 Ti WINDFORCE OC D7 8GB 피씨디렉트,595520,650.0,PCIE5.0X16,208.0,2026-04-20 15:27:56.166823
COLORFUL iGame 지포스 RTX 5060 ULTRA DUO OC White D7 8GB 피씨디렉트,598430,550.0,PCIE5.0X16,231.0,2026-04-20 15:27:56.166823
MANLI 지포스 RTX 5060 Ti Polar Fox OC D7 8GB 대원씨티에스,601900,,PCIE5.0X16,240.0,2026-04-20 15:27:56.166823
갤럭시 GALAX 지포스 RTX 5060 BLACK OC D7 8GB DUAL HDMI,602420,550.0,PCIE5.0X16,225.0,2026-04-20 15:27:56.166823
XFX 라데온 RX 6600 SWFT 210 CORE D6 8GB,602940,500.0,PCIE4.0X16,241.0,2026-04-20 15:27:56.166823
GIGABYTE 지포스 RTX 5060 Ti EAGLE OC ICE D7 8GB 제이씨현,603200,650.0,PCIE5.0X16,215.0,2026-04-20 15:27:56.166823
GIGABYTE 지포스 RTX 5060 Ti EAGLE OC D7 8GB 피씨디렉트,603220,650.0,PCIE5.0X16,215.0,2026-04-20 15:27:56.166823
GIGABYTE 지포스 RTX 5060 Ti EAGLE OC ICE D7 8GB 피씨디렉트,604520,650.0,PCIE5.0X16,215.0,2026-04-20 15:27:56.166823
GIGABYTE 지포스 RTX 5060 Ti EAGLE OC D7 8GB 제이씨현,606000,650.0,PCIE5.0X16,215.0,2026-04-20 15:27:56.166823
ZOTAC GAMING 지포스 RTX 5060 LP D7 8GB,606820,,PCIE5.0X16,,2026-04-20 15:27:56.166823
GIGABYTE 지포스 RTX 5060 Ti EAGLE MAX OC D7 8GB 피씨디렉트,607840,650.0,PCIE5.0X16,281.0,2026-04-20 15:27:56.166823
GIGABYTE 지포스 RTX 5060 Ti EAGLE MAX OC D7 8GB 제이씨현,607970,650.0,PCIE5.0X16,281.0,2026-04-20 15:27:56.166823
PNY 지포스 RTX 5060 Ti OC D7 8GB Dual Fan 제이씨현,608030,600.0,PCIE5.0X16,245.0,2026-04-20 15:27:56.166823
GIGABYTE 지포스 RTX 5060 Ti GAMING OC D7 8GB 피씨디렉트,610470,650.0,PCIE5.0X16,281.0,2026-04-20 15:27:56.166823
ASUS DUAL 지포스 RTX 5060 TI OC D7 8GB 대원씨티에스,610900,550.0,PCIE5.0X16,229.0,2026-04-20 15:27:56.166823
액슬 지포스 RTX 3070 Ti D6X 8GB 에즈윈,613690,,,292.0,2026-04-20 15:27:56.166823
GIGABYTE 지포스 RTX 5060 Ti GAMING OC D7 8GB 제이씨현,613970,650.0,PCIE5.0X16,281.0,2026-04-20 15:27:56.166823
ASUS DUAL 지포스 RTX 5060 TI OC D7 8GB 인텍앤컴퍼니,619000,550.0,PCIE5.0X16,229.0,2026-04-20 15:27:56.166823
갤럭시 GALAZ 지포스 RTX 5060 BLACK OC V2 D7 8GB DUAL HDMI,619000,550.0,PCIE5.0X16,225.0,2026-04-20 15:27:56.166823
MANLI 지포스 RTX 5060 Ti Stellar OC D7 8GB 대원씨티에스,619650,,PCIE5.0X16,315.0,2026-04-20 15:27:56.166823
GIGABYTE 지포스 RTX 5060 Ti AERO OC D7 8GB 제이씨현,621800,650.0,PCIE5.0X16,281.0,2026-04-20 15:27:56.166823
XFX 라데온 RX 9060 XT SWIFT DUAL OC D6 16GB,623060,450.0,PCIE5.0X16,270.0,2026-04-20 15:27:56.166823
XFX 라데온 RX 9060 XT SWIFT DUAL OC D6 8GB,623920,450.0,PCIE5.0X16,270.0,2026-04-20 15:27:56.166823
MANLI 지포스 RTX 5060 Ti Nebula D7 8GB 대원씨티에스,625000,,PCIE5.0X16,239.0,2026-04-20 15:27:56.166823
갤럭시 GALAZ 지포스 RTX 5060 Ti BLACK OC D7 8GB,625970,600.0,PCIE5.0X16,235.0,2026-04-20 15:27:56.166823
갤럭시 GALAX 지포스 RTX 5060 Ti BLACK OC D7 8GB,628190,,PCIE5.0X16,,2026-04-20 15:27:56.166823
갤럭시 GALAZ 지포스 RTX 5060 EX BLACK OC D7 8GB,629000,550.0,PCIE5.0X16,255.0,2026-04-20 15:27:56.166823
GIGABYTE 지포스 RTX 5060 Ti WINDFORCE D7 8GB 제이씨현,630000,650.0,PCIE5.0X16,208.0,2026-04-20 15:27:56.166823
갤럭시 GALAZ 지포스 RTX 5060 Ti BLACK OC V2 D7 8GB,630950,600.0,PCIE5.0X16,235.0,2026-04-20 15:27:56.166823
갤럭시 GALAX 지포스 RTX 5060 Ti BLACK OC V2 D7 8GB,630950,600.0,PCIE5.0X16,235.0,2026-04-20 15:27:56.166823
갤럭시 GALAZ 지포스 RTX 5060 WHITE OC V2 D7 8GB,631340,550.0,PCIE5.0X16,225.0,2026-04-20 15:27:56.166823
갤럭시 GALAZ 지포스 RTX 5060 WHITE OC D7 8GB,631970,550.0,PCIE5.0X16,225.0,2026-04-20 15:27:56.166823
갤럭시 GALAX 지포스 RTX 5060 Ti BLACK OC Classic D7 8GB,632940,600.0,PCIE5.0X16,238.0,2026-04-20 15:27:56.166823
PowerColor 라데온 RX 9060 XT Reaper D6 16GB 대원씨티에스,637500,500.0,PCIE5.0X16,200.0,2026-04-20 15:27:56.166823
갤럭시 GALAX 지포스 RTX 3060 V2 D6 12GB,638000,550.0,PCIE4.0X16,245.0,2026-04-20 15:27:56.166823
갤럭시 GALAZ 지포스 RTX 5060 Ti BLACK OC Classic D7 8GB,644950,600.0,PCIE5.0X16,238.0,2026-04-20 15:27:56.166823
갤럭시 GALAX 지포스 RTX 3070 Ti D6X 8GB,645850,750.0,PCIE4.0X16,238.0,2026-04-20 15:27:56.166823
GIGABYTE 라데온 RX 9060 XT Gaming D6 8GB 제이씨현,648950,450.0,PCIE5.0X16,281.0,2026-04-20 15:27:56.166823
SAPPHIRE 라데온 RX 9060 XT PULSE OC D6 16GB,651170,450.0,PCIE5.0X16,240.0,2026-04-20 15:27:56.166823
갤럭시 GALAX 지포스 RTX 4060 Ti WHITE OC V2 D6 8GB,653000,550.0,PCIE4.0X16,237.0,2026-04-20 15:27:56.166823
PowerColor 라데온 RX 9060 XT Reaper White D6 16GB 대원씨티에스,660390,500.0,PCIE5.0X16,200.0,2026-04-20 15:27:56.166823
COLORFUL iGame 지포스 RTX 5060 Ti ULTRA DUO OC White D7 8GB 피씨디렉트,661940,600.0,PCIE5.0X16,231.0,2026-04-20 15:27:56.166823
갤럭시 GALAZ 지포스 RTX 5060 EX WHITE OC D7 8GB,661950,550.0,PCIE5.0X16,255.0,2026-04-20 15:27:56.166823
ASRock 라데온 RX 9060 XT CHALLENGER OC D6 16GB 대원씨티에스,668740,550.0,PCIE5.0X16,249.0,2026-04-20 15:27:56.166823
갤럭시 GALAX 지포스 RTX 5060 Ti WHITE OC D7 8GB,671300,600.0,PCIE5.0X16,235.0,2026-04-20 15:27:56.166823
갤럭시 GALAX 지포스 RTX 4060 Ti EX BLACK OC D6 8GB,676500,550.0,PCIE4.0X16,251.0,2026-04-20 15:27:56.166823
XFX 라데온 RX 9060 XT SWIFT DUAL WHITE OC D6 16GB,678990,450.0,PCIE5.0X16,290.0,2026-04-20 15:27:56.166823
MANLI 지포스 RTX 4060 Ti Rush D6 8GB 대원씨티에스,679070,,PCIE4.0X16,250.0,2026-04-20 15:27:56.166823
PowerColor 라데온 RX 9060 XT Hellhound OC D6 16GB 대원씨티에스,689790,550.0,PCIE5.0X16,310.0,2026-04-20 15:27:56.166823
COLORFUL iGame 지포스 RTX 5060 Ti ULTRA DUO OC White D7 8GB 도우정보,690000,600.0,PCIE5.0X16,231.0,2026-04-20 15:27:56.166823
갤럭시 GALAZ 지포스 RTX 5060 Ti WHITE OC D7 8GB,694950,600.0,PCIE5.0X16,235.0,2026-04-20 15:27:56.166823
MSI 지포스 RTX 5060 Ti 게이밍 OC D7 8GB 트윈프로져,698990,600.0,PCIE5.0X16,247.0,2026-04-20 15:27:56.166823
갤럭시 GALAX 지포스 RTX 4060 Ti OC V2 D6 8GB,702530,550.0,PCIE4.0X16,237.0,2026-04-20 15:27:56.166823
ASRock 라데온 RX 9060 XT 스틸레전드 OC D6 16GB 대원씨티에스,705760,550.0,PCIE5.0X16,298.0,2026-04-20 15:27:56.166823
PowerColor 라데온 RX 9060 XT Hellhound Spectral White OC D6 16GB 대원씨티에스,708200,550.0,PCIE5.0X16,,2026-04-20 15:27:56.166823
ASUS TUF Gaming 지포스 RTX 5060 TI OC D7 8GB 대원씨티에스,719400,550.0,PCIE5.0X16,302.0,2026-04-20 15:27:56.166823
ASRock 라데온 RX 9060 XT CHALLENGER OC D6 8GB 대원씨티에스,720830,550.0,PCIE5.0X16,249.0,2026-04-20 15:27:56.166823
ASUS DUAL 라데온 RX 9060 XT D6 16GB 대원씨티에스,729000,550.0,PCIE5.0X16,202.0,2026-04-20 15:27:56.166823
갤럭시 GALAX 지포스 RTX 5060 Ti EX BLACK OC D7 8GB,732410,600.0,PCIE5.0X16,255.0,2026-04-20 15:27:56.166823
갤럭시 GALAX 지포스 RTX 4060 Ti EX WHITE OC V2 D6 8GB,734160,550.0,PCIE4.0X16,251.0,2026-04-20 15:27:56.166823
갤럭시 GALAX 지포스 RTX 4060 Ti WHITE OC D6 8GB,735640,550.0,PCIE4.0X16,237.0,2026-04-20 15:27:56.166823
GIGABYTE 라데온 RX 9060 XT Gaming D6 8GB 피씨디렉트,738090,450.0,PCIE5.0X16,281.0,2026-04-20 15:27:56.166823
갤럭시 GALAX 지포스 RTX 5060 Ti EX WHITE OC D7 8GB,738330,600.0,PCIE5.0X16,255.0,2026-04-20 15:27:56.166823
SAPPHIRE 라데온 RX 9060 XT PURE OC D6 16GB,738990,450.0,PCIE5.0X16,240.0,2026-04-20 15:27:56.166823
액슬 지포스 RTX 3080 D6X 10GB 에즈윈,740240,750.0,PCIE4.0X16,311.0,2026-04-20 15:27:56.166823
갤럭시 GALAZ 지포스 RTX 5060 Ti EX BLACK OC D7 8GB,740950,600.0,PCIE5.0X16,255.0,2026-04-20 15:27:56.166823
GIGABYTE 라데온 RX 9060 XT Gaming OC D6 16GB 피씨디렉트,746420,450.0,PCIE5.0X16,281.0,2026-04-20 15:27:56.166823
GIGABYTE 라데온 RX 9060 XT Gaming OC ICE D6 16GB 피씨디렉트,747600,450.0,PCIE5.0X16,281.0,2026-04-20 15:27:56.166823
갤럭시 GALAZ 지포스 RTX 5060 Ti EX WHITE OC D7 8GB,751970,600.0,PCIE5.0X16,255.0,2026-04-20 15:27:56.166823
MSI 지포스 RTX 5060 Ti 게이밍 OC D7 16GB 트윈프로져,755650,600.0,PCIE5.0X16,247.0,2026-04-20 15:27:56.166823
GIGABYTE 라데온 RX 9060 XT Gaming OC ICE D6 16GB 제이씨현,768890,450.0,PCIE5.0X16,281.0,2026-04-20 15:27:56.166823
ASUS PRIME 라데온 RX 9060 XT OC D6 16GB 대원씨티에스,775210,550.0,PCIE5.0X16,304.0,2026-04-20 15:27:56.166823
GIGABYTE 라데온 RX 9060 XT Gaming OC D6 16GB 제이씨현,789000,450.0,PCIE5.0X16,281.0,2026-04-20 15:27:56.166823
GIGABYTE 지포스 RTX 5060 Ti EAGLE OC D7 16GB 제이씨현,796000,650.0,PCIE5.0X16,215.0,2026-04-20 15:27:56.166823
ASUS PRIME 지포스 RTX 5060 TI OC D7 8GB 대원씨티에스,815000,550.0,PCIE5.0X16,304.0,2026-04-20 15:27:56.166823
SAPPHIRE 라데온 RX 9060 XT NITRO+ OC D6 16GB,816580,450.0,PCIE5.0X16,300.0,2026-04-20 15:27:56.166823
갤럭시 GALAX 지포스 RTX 5060 Ti BLACK OC D7 16GB,841000,600.0,PCIE5.0X16,235.0,2026-04-20 15:27:56.166823
GIGABYTE 지포스 RTX 5060 Ti EAGLE OC D7 16GB 피씨디렉트,849000,650.0,PCIE5.0X16,215.0,2026-04-20 15:27:56.166823
MSI 지포스 RTX 5060 Ti 쉐도우 2X OC 플러스 D7 16GB,849000,600.0,PCIE5.0X16,226.0,2026-04-20 15:27:56.166823
MSI 지포스 RTX 5060 Ti 벤투스 2X OC 플러스 D7 16GB,849000,600.0,PCIE5.0X16,227.0,2026-04-20 15:27:56.166823
GIGABYTE 지포스 RTX 5060 Ti EAGLE OC ICE D7 16GB 피씨디렉트,859000,650.0,PCIE5.0X16,215.0,2026-04-20 15:27:56.166823
GIGABYTE 지포스 RTX 5060 Ti EAGLE MAX OC D7 16GB 피씨디렉트,865010,650.0,PCIE5.0X16,281.0,2026-04-20 15:27:56.166823
ASUS PRIME 라데온 RX 9070 EVO OC D6 16GB 대원씨티에스,865330,650.0,PCIE5.0X16,304.0,2026-04-20 15:27:56.166823
GIGABYTE 지포스 RTX 5060 Ti WINDFORCE MAX OC D7 16GB 피씨디렉트,868030,650.0,PCIE5.0X16,208.0,2026-04-20 15:27:56.166823
리드텍 WinFast 지포스 RTX 5060 Ti HURRICANE D7 16GB,869000,600.0,PCIE5.0X16,240.0,2026-04-20 15:27:56.166823
COLORFUL 지포스 RTX 5060 Ti 토마호크 DUO D7 16GB 피씨디렉트,878980,600.0,PCIE5.0X16,231.0,2026-04-20 15:27:56.166823
PNY 지포스 RTX 5060 Ti OC D7 16GB Dual Fan STCOM,883390,600.0,PCIE5.0X16,245.0,2026-04-20 15:27:56.166823
MANLI 지포스 RTX 5060 Ti Polar Fox OC D7 16GB 대원씨티에스,895980,,PCIE5.0X16,240.0,2026-04-20 15:27:56.166823
MSI 지포스 RTX 3060 Ti 벤투스 2X OC D6X 8GB,901400,600.0,PCIE4.0X16,232.0,2026-04-20 15:27:56.166823
COLORFUL 지포스 RTX 5060 Ti GAMING DUO D7 16GB 피씨디렉트,902840,600.0,PCIE5.0X16,200.0,2026-04-20 15:27:56.166823
COLORFUL 지포스 RTX 5060 Ti BATTLE AX DUO D7 16GB 도우정보,905000,600.0,PCIE5.0X16,231.0,2026-04-20 15:27:56.166823
COLORFUL 지포스 RTX 5060 Ti GAMING DUO D7 16GB 도우정보,905000,600.0,PCIE5.0X16,200.0,2026-04-20 15:27:56.166823
SAPPHIRE 라데온 RX 9070 PULSE D6 16GB,925940,650.0,PCIE5.0X16,280.0,2026-04-20 15:27:56.166823
이엠텍 지포스 RTX 5060 Ti MIRACLE WHITE D7 16GB,928990,600.0,PCIE5.0X16,312.0,2026-04-20 15:27:56.166823
GIGABYTE 라데온 RX 9070 GAMING OC D6 16GB 피씨디렉트,933620,750.0,PCIE5.0X16,288.0,2026-04-20 15:27:56.166823
GIGABYTE 지포스 RTX 5060 Ti WINDFORCE OC D7 16GB 피씨디렉트,933970,650.0,PCIE5.0X16,208.0,2026-04-20 15:27:56.166823
갤럭시 GALAX 지포스 RTX 4060 2X OC V2 D6 8GB,950000,550.0,PCIE4.0X16,237.0,2026-04-20 15:27:56.166823
갤럭시 GALAX 지포스 RTX 4060 WHITE OC V2 D6 8GB,950000,550.0,PCIE4.0X16,237.0,2026-04-20 15:27:56.166823
GIGABYTE 지포스 RTX 5060 Ti GAMING OC D7 16GB 피씨디렉트,950000,650.0,PCIE5.0X16,281.0,2026-04-20 15:27:56.166823
GIGABYTE 지포스 RTX 5060 Ti WINDFORCE MAX OC D7 16GB 제이씨현,956000,650.0,PCIE5.0X16,208.0,2026-04-20 15:27:56.166823
COLORFUL 지포스 RTX 5070 GAMING D7 12GB 피씨디렉트,964160,650.0,PCIE5.0X16,300.0,2026-04-20 15:27:56.166823
MSI 지포스 RTX 4060 Ti 벤투스 2X 블랙 OC D6 8GB,966700,550.0,PCIE4.0X16,199.0,2026-04-20 15:27:56.166823
GIGABYTE 지포스 RTX 5070 WINDFORCE OC SFF D7 12GB 피씨디렉트,968990,750.0,PCIE5.0X16,282.0,2026-04-20 15:27:56.166823
MSI 지포스 RTX 5070 쉐도우 2X OC D7 12GB,975290,650.0,PCIE5.0X16,231.0,2026-04-20 15:27:56.166823
MSI 지포스 RTX 5070 벤투스 2X OC D7 12GB,976000,650.0,PCIE5.0X16,236.0,2026-04-20 15:27:56.166823
GIGABYTE 지포스 RTX 5070 GAMING OC D7 12GB 피씨디렉트,980100,750.0,PCIE5.0X16,327.0,2026-04-20 15:27:56.166823
MANLI 지포스 RTX 5070 Nebula D7 12GB 대원씨티에스,980650,,PCIE5.0X16,312.0,2026-04-20 15:27:56.166823
갤럭시 GALAX 지포스 RTX 5060 Ti BLACK 3X D7 16GB DUAL HDMI,982320,600.0,PCIE5.0X16,300.0,2026-04-20 15:27:56.166823
ASUS PRIME 라데온 RX 9070 OC D6 16GB 대원씨티에스,983000,650.0,PCIE5.0X16,312.0,2026-04-20 15:27:56.166823
SAPPHIRE 라데온 RX 9070 PURE OC D6 16GB,987990,650.0,PCIE5.0X16,320.0,2026-04-20 15:27:56.166823
ASRock 라데온 RX 9070 스틸레전드 OC D6 16GB 대원씨티에스,988250,700.0,PCIE5.0X16,298.0,2026-04-20 15:27:56.166823
GIGABYTE 지포스 RTX 5070 GAMING OC D7 12GB 제이씨현,989000,750.0,PCIE5.0X16,327.0,2026-04-20 15:27:56.166823
XFX 라데온 RX 9070 SWIFT OC D6 16GB,989480,800.0,PCIE5.0X16,325.0,2026-04-20 15:27:56.166823
ASUS PRIME 라데온 RX 9070 XT OC D6 16GB 대원씨티에스,990000,750.0,PCIE5.0X16,312.0,2026-04-20 15:27:56.166823
갤럭시 GALAX 지포스 RTX 5060 Ti BLACK OC V2 D7 16GB,990000,600.0,PCIE5.0X16,235.0,2026-04-20 15:27:56.166823
MANLI 지포스 RTX 5070 Stellar OC D7 12GB 대원씨티에스,991060,,PCIE5.0X16,312.0,2026-04-20 15:27:56.166823
MSI 지포스 RTX 5070 벤투스 2X OC 화이트 D7 12GB,999000,650.0,PCIE5.0X16,236.0,2026-04-20 15:27:56.166823
GIGABYTE 지포스 RTX 4070 WINDFORCE OC D6X 12GB 제이씨현,999450,650.0,PCIE4.0X16,261.0,2026-04-20 15:27:56.166823
GIGABYTE 지포스 RTX 5070 WINDFORCE OC SFF D7 12GB 제이씨현,1001860,750.0,PCIE5.0X16,282.0,2026-04-20 15:27:56.166823
XFX 라데온 RX 7800 XT QICK 319 CORE D6 16GB,1003040,700.0,,335.0,2026-04-20 15:27:56.166823
갤럭시 GALAZ 지포스 RTX 5070 BLACK OC D7 12GB,1004250,650.0,PCIE5.0X16,240.0,2026-04-20 15:27:56.166823
MSI 지포스 RTX 5070 벤투스 3X OC D7 12GB,1006250,650.0,PCIE5.0X16,302.0,2026-04-20 15:27:56.166823
GIGABYTE 지포스 RTX 5070 EAGLE OC SFF D7 12GB 피씨디렉트,1013060,750.0,PCIE5.0X16,290.0,2026-04-20 15:27:56.166823
ASUS DUAL 지포스 RTX 5070 OC D7 12GB 대원씨티에스,1014880,750.0,PCIE5.0X16,249.0,2026-04-20 15:27:56.166823
XFX 라데온 RX 9070 QUICKSILVER OC D6 16GB,1020740,800.0,PCIE5.0X16,355.0,2026-04-20 15:27:56.166823
XFX 라데온 RX 9070 XT QUICKSILVER D6 16GB,1025190,800.0,PCIE5.0X16,350.0,2026-04-20 15:27:56.166823
ASRock 라데온 RX 9070 XT CHALLENGER D6 16GB 대원씨티에스,1028890,800.0,PCIE5.0X16,290.0,2026-04-20 15:27:56.166823
갤럭시 GALAZ 지포스 RTX 5060 Ti BLACK 3X D7 16GB DUAL HDMI,1031970,600.0,PCIE5.0X16,300.0,2026-04-20 15:27:56.166823
갤럭시 GALAX 지포스 RTX 5070 BLACK OC D7 12GB,1035950,650.0,PCIE5.0X16,240.0,2026-04-20 15:27:56.166823
ASUS PRIME 지포스 RTX 5070 OC D7 12GB 인텍앤컴퍼니,1036660,750.0,PCIE5.0X16,304.0,2026-04-20 15:27:56.166823
GIGABYTE 지포스 RTX 5070 EAGLE OC SFF D7 12GB 제이씨현,1040430,750.0,PCIE5.0X16,290.0,2026-04-20 15:27:56.166823
GIGABYTE 지포스 RTX 5070 EAGLE OC ICE SFF D7 12GB 피씨디렉트,1041920,750.0,PCIE5.0X16,290.0,2026-04-20 15:27:56.166823
갤럭시 GALAX 지포스 RTX 5070 EX GAMER BLACK OC D7 12GB,1043720,650.0,PCIE5.0X16,322.0,2026-04-20 15:27:56.166823
이엠텍 지포스 RTX 5070 MIRACLE WHITE D7 12GB,1043900,650.0,PCIE5.0X16,329.0,2026-04-20 15:27:56.166823
갤럭시 GALAZ 지포스 RTX 5070 WHITE OC D7 12GB,1047380,650.0,PCIE5.0X16,240.0,2026-04-20 15:27:56.166823
GIGABYTE 지포스 RTX 5070 EAGLE OC ICE SFF D7 12GB 제이씨현,1048330,750.0,PCIE5.0X16,290.0,2026-04-20 15:27:56.166823
ASUS PRIME 지포스 RTX 5070 OC D7 12GB 대원씨티에스,1048840,750.0,PCIE5.0X16,304.0,2026-04-20 15:27:56.166823
MANLI 지포스 RTX 5070 Polar Fox OC D7 12GB 대원씨티에스,1049200,,PCIE5.0X16,315.0,2026-04-20 15:27:56.166823
XFX 라데온 RX 9070 XT SWIFT D6 16GB,1050000,800.0,PCIE5.0X16,325.0,2026-04-20 15:27:56.166823
갤럭시 GALAX 지포스 RTX 5070 WHITE OC D7 12GB,1055780,650.0,PCIE5.0X16,240.0,2026-04-20 15:27:56.166823
GIGABYTE AORUS 지포스 RTX 5060 Ti ELITE D7 16GB 피씨디렉트,1060870,650.0,PCIE5.0X16,329.0,2026-04-20 15:27:56.166823
갤럭시 GALAZ 지포스 RTX 5060 Ti BLACK OC D7 16GB,1061000,600.0,PCIE5.0X16,235.0,2026-04-20 15:27:56.166823
GIGABYTE 지포스 RTX 5060 Ti AERO OC D7 16GB 피씨디렉트,1066060,650.0,PCIE5.0X16,281.0,2026-04-20 15:27:56.166823
PALIT 지포스 RTX 5070 WHITE OC D7 12GB 이엠텍,1070980,650.0,PCIE5.0X16,291.0,2026-04-20 15:27:56.166823
GIGABYTE 지포스 RTX 5070 AERO OC D7 12GB 제이씨현,1071350,750.0,PCIE5.0X16,324.0,2026-04-20 15:27:56.166823
GIGABYTE 지포스 RTX 5070 AERO OC D7 12GB 피씨디렉트,1074450,750.0,PCIE5.0X16,324.0,2026-04-20 15:27:56.166823
MSI 지포스 RTX 5070 게이밍 트리오 OC 화이트 D7 12GB 트라이프로져4,1075820,650.0,PCIE5.0X16,338.0,2026-04-20 15:27:56.166823
PowerColor 라데온 RX 9070 XT Reaper D6 16GB 대원씨티에스,1079000,750.0,PCIE5.0X16,289.0,2026-04-20 15:27:56.166823
갤럭시 GALAZ 지포스 RTX 5070 EX GAMER BLACK OC D7 12GB,1079950,650.0,PCIE5.0X16,322.0,2026-04-20 15:27:56.166823
MSI 지포스 RTX 5070 게이밍 트리오 OC D7 12GB 트라이프로져4,1084950,,PCIE5.0X16,,2026-04-20 15:27:56.166823
갤럭시 GALAX 지포스 RTX 5070 EX GAMER WHITE OC D7 12GB,1085850,650.0,PCIE5.0X16,322.0,2026-04-20 15:27:56.166823
GIGABYTE 지포스 RTX 5060 Ti GAMING OC D7 16GB 제이씨현,1089000,650.0,PCIE5.0X16,281.0,2026-04-20 15:27:56.166823
갤럭시 GALAZ 지포스 RTX 5070 EX GAMER WHITE OC D7 12GB,1089950,650.0,PCIE5.0X16,322.0,2026-04-20 15:27:56.166823
PowerColor 라데온 RX 9070 XT Hellhound D6 16GB 대원씨티에스,1099000,800.0,PCIE5.0X16,327.0,2026-04-20 15:27:56.166823
MSI 지포스 RTX 5060 Ti 벤투스 2X 플러스 D7 8GB,1099000,600.0,PCIE5.0X16,227.0,2026-04-20 15:27:56.166823
MSI 라데온 RX 6600 메크 2X D6 8GB,1100000,500.0,PCIE4.0X16,235.0,2026-04-20 15:27:56.166823
COLORFUL 지포스 RTX 5070 GAMING D7 12GB 도우정보,1100000,650.0,PCIE5.0X16,300.0,2026-04-20 15:27:56.166823
ASUS PRIME 지포스 RTX 5070 D7 12GB 대원씨티에스,1109000,750.0,PCIE5.0X16,304.0,2026-04-20 15:27:56.166823
XFX 라데온 RX 9070 SWIFT DUAL OC D6 16GB,1115230,800.0,PCIE5.0X16,270.0,2026-04-20 15:27:56.166823
ASUS PRIME 라데온 RX 9070 XT WHITE OC D6 16GB 대원씨티에스,1125660,750.0,PCIE5.0X16,312.0,2026-04-20 15:27:56.166823
GIGABYTE 라데온 RX 9070 XT GAMING OC D6 16GB 피씨디렉트,1126040,850.0,PCIE5.0X16,288.0,2026-04-20 15:27:56.166823
GIGABYTE 라데온 RX 9070 XT GAMING OC ICE D6 16GB 피씨디렉트,1139630,850.0,PCIE5.0X16,288.0,2026-04-20 15:27:56.166823
MSI 지포스 RTX 5060 Ti 벤투스 2X 플러스 D7 16GB,1140000,600.0,PCIE5.0X16,227.0,2026-04-20 15:27:56.166823
MSI 지포스 RTX 5060 Ti 게이밍 트리오 OC D7 16GB 트라이프로져4,1140000,600.0,PCIE5.0X16,300.0,2026-04-20 15:27:56.166823
ASRock 라데온 RX 9070 XT 스틸레전드 D6 16GB 대원씨티에스,1144480,800.0,PCIE5.0X16,298.0,2026-04-20 15:27:56.166823
COLORFUL iGame 지포스 RTX 5070 ULTRA OC White D7 12GB 도우정보,1150000,,PCIE5.0X16,,2026-04-20 15:27:56.166823
GIGABYTE 라데온 RX 9070 XT GAMING OC D6 16GB 제이씨현,1151850,850.0,PCIE5.0X16,288.0,2026-04-20 15:27:56.166823
GIGABYTE 라데온 RX 9070 XT GAMING OC ICE D6 16GB 제이씨현,1151880,850.0,PCIE5.0X16,288.0,2026-04-20 15:27:56.166823
GIGABYTE AORUS 지포스 RTX 5070 MASTER D7 12GB 피씨디렉트,1153030,750.0,PCIE5.0X16,317.0,2026-04-20 15:27:56.166823
GIGABYTE 지포스 RTX 4060 Ti WINDFORCE OC D6 8GB 피씨디렉트,1153400,500.0,PCIE4.0X16,201.0,2026-04-20 15:27:56.166823
SAPPHIRE 라데온 RX 9070 XT PULSE D6 16GB,1157880,750.0,PCIE5.0X16,320.0,2026-04-20 15:27:56.166823
XFX 라데온 RX 9070 XT SWIFT WHITE D6 16GB,1171930,800.0,PCIE5.0X16,325.0,2026-04-20 15:27:56.166823
GAINWARD 지포스 RTX 3060 고스트 D6 12GB LHR,1185000,550.0,PCIE4.0X16,245.0,2026-04-20 15:27:56.166823
MSI 지포스 RTX 3060 Ti 게이밍 X D6 8GB 트윈프로져8 LHR,1200000,600.0,PCIE4.0X16,278.0,2026-04-20 15:27:56.166823
ASRock 라데온 RX 9070 XT 스틸레전드 DARK D6 16GB 대원씨티에스,1215230,800.0,PCIE5.0X16,298.0,2026-04-20 15:27:56.166823
SAPPHIRE 라데온 RX 9070 XT PURE OC D6 16GB,1221630,750.0,PCIE5.0X16,320.0,2026-04-20 15:27:56.166823
GIGABYTE AORUS 지포스 RTX 5070 MASTER D7 12GB 제이씨현,1225090,750.0,PCIE5.0X16,317.0,2026-04-20 15:27:56.166823
COLORFUL iGame 지포스 RTX 5070 Vulcan OC D7 12GB 피씨디렉트,1227980,650.0,PCIE5.0X16,336.0,2026-04-20 15:27:56.166823
XFX 라데온 RX 9070 XT QUICKSILVER Magnetic Air WHITE D6 16GB,1249000,800.0,PCIE5.0X16,350.0,2026-04-20 15:27:56.166823
SAPPHIRE 라데온 RX 7900 GRE NITRO+ D6 16GB,1284000,700.0,PCIE4.0X16,320.0,2026-04-20 15:27:56.166823
GIGABYTE 라데온 RX 9070 GAMING OC D6 16GB 제이씨현,1325580,750.0,PCIE5.0X16,288.0,2026-04-20 15:27:56.166823
PowerColor 라데온 RX 9070 XT Hellhound Spectral White D6 16GB 대원씨티에스,1349950,800.0,PCIE5.0X16,327.0,2026-04-20 15:27:56.166823
XFX 라데온 RX 9070 XT QUICKSILVER WHITE D6 16GB,1365050,800.0,PCIE5.0X16,350.0,2026-04-20 15:27:56.166823
NVIDIA RTX PRO 2000 Blackwell D7 16GB 서린 (벌크),1372540,,PCIE5.0X16,168.0,2026-04-20 15:27:56.166823
NVIDIA RTX PRO 2000 Blackwell D7 16GB 서린,1420000,,PCIE5.0X16,168.0,2026-04-20 15:27:56.166823
MANLI 지포스 RTX 5070 Ti Stellar OC D7 16GB 대원씨티에스,1468330,,PCIE5.0X16,315.0,2026-04-20 15:27:56.166823
MANLI 지포스 RTX 5070 Ti Nebula D7 16GB 대원씨티에스,1485790,,PCIE5.0X16,312.0,2026-04-20 15:27:56.166823
GIGABYTE 지포스 RTX 5070 Ti GAMING OC D7 16GB 피씨디렉트,1502100,750.0,PCIE5.0X16,340.0,2026-04-20 15:27:56.166823
GIGABYTE 지포스 RTX 5070 Ti WINDFORCE OC SFF D7 16GB 피씨디렉트,1505680,750.0,PCIE5.0X16,304.0,2026-04-20 15:27:56.166823
GIGABYTE 지포스 RTX 5070 Ti WINDFORCE OC V2 D7 16GB 제이씨현,1523000,750.0,PCIE5.0X16,261.0,2026-04-20 15:27:56.166823
ASRock 라데온 RX 9070 XT Taichi OC D6 16GB 대원씨티에스,1525790,850.0,PCIE5.0X16,330.0,2026-04-20 15:27:56.166823
PowerColor 라데온 RX 9070 Reaper D6 16GB 대원씨티에스,1527240,650.0,PCIE5.0X16,289.0,2026-04-20 15:27:56.166823
GIGABYTE 지포스 RTX 5070 Ti WINDFORCE OC V2 D7 16GB 피씨디렉트,1528250,750.0,PCIE5.0X16,261.0,2026-04-20 15:27:56.166823
GIGABYTE AORUS 지포스 RTX 5060 ELITE D7 8GB 피씨디렉트,1529500,550.0,PCIE5.0X16,329.0,2026-04-20 15:27:56.166823
MANLI 지포스 RTX 5070 Ti Polar Fox OC D7 16GB 대원씨티에스,1532670,,PCIE5.0X16,315.0,2026-04-20 15:27:56.166823
GIGABYTE 지포스 RTX 5070 Ti EAGLE OC ICE SFF D7 16GB 피씨디렉트,1539060,750.0,PCIE5.0X16,304.0,2026-04-20 15:27:56.166823
MSI 지포스 RTX 5070 Ti 벤투스 3X OC D7 16GB,1546900,750.0,PCIE5.0X16,303.0,2026-04-20 15:27:56.166823
MSI 지포스 RTX 5070 Ti 쉐도우 3X OC D7 16GB,1547950,750.0,PCIE5.0X16,303.0,2026-04-20 15:27:56.166823
GIGABYTE 지포스 RTX 5070 Ti WINDFORCE OC SFF D7 16GB 제이씨현,1566860,750.0,PCIE5.0X16,304.0,2026-04-20 15:27:56.166823
GIGABYTE 지포스 RTX 5070 Ti EAGLE OC SFF D7 16GB 피씨디렉트,1575420,750.0,PCIE5.0X16,304.0,2026-04-20 15:27:56.166823
COLORFUL iGame 지포스 RTX 5070 Ti ULTRA OC White D7 16GB 피씨디렉트,1586970,750.0,PCIE5.0X16,331.0,2026-04-20 15:27:56.166823
MSI 지포스 RTX 5070 Ti 게이밍 트리오 OC D7 16GB 트라이프로져4,1588310,750.0,PCIE5.0X16,338.0,2026-04-20 15:27:56.166823
GIGABYTE 지포스 RTX 5070 Ti GAMING OC D7 16GB 제이씨현,1589950,750.0,PCIE5.0X16,340.0,2026-04-20 15:27:56.166823
GIGABYTE 지포스 RTX 5070 Ti EAGLE OC ICE SFF D7 16GB 제이씨현,1589990,750.0,PCIE5.0X16,304.0,2026-04-20 15:27:56.166823
XFX 라데온 RX 7900 XTX MERC 310 BLACK D6 24GB,1590000,850.0,PCIE4.0X16,344.0,2026-04-20 15:27:56.166823
MANLI 지포스 RTX 5070 Ti Gallardo OC D7 16GB 대원씨티에스,1598400,,PCIE5.0X16,359.0,2026-04-20 15:27:56.166823
GIGABYTE 지포스 RTX 5070 Ti EAGLE OC SFF D7 16GB 제이씨현,1601450,750.0,PCIE5.0X16,304.0,2026-04-20 15:27:56.166823
XFX 라데온 RX 9070 XT MERCURY RGB OC WHITE D6 16GB,1602000,800.0,PCIE5.0X16,360.0,2026-04-20 15:27:56.166823
GIGABYTE 지포스 RTX 5070 Ti AERO OC D7 16GB 피씨디렉트,1626120,750.0,PCIE5.0X16,340.0,2026-04-20 15:27:56.166823
GIGABYTE 지포스 RTX 5070 Ti AERO OC D7 16GB 제이씨현,1628000,750.0,PCIE5.0X16,340.0,2026-04-20 15:27:56.166823
ASUS PRIME 지포스 RTX 5070 Ti D7 16GB 대원씨티에스,1642600,750.0,PCIE5.0X16,304.0,2026-04-20 15:27:56.166823
갤럭시 GALAX 지포스 RTX 5070 Ti BLACK 2X OC D7 16GB,1643010,750.0,PCIE5.0X16,239.0,2026-04-20 15:27:56.166823
ASUS TUF Gaming 지포스 RTX 5070 Ti WHITE OC D7 16GB 대원씨티에스,1647169,850.0,PCIE5.0X16,329.0,2026-04-20 15:27:56.166823
COLORFUL iGame 지포스 RTX 5070 Ti ULTRA OC White D7 16GB 도우정보,1650000,,PCIE5.0X16,,2026-04-20 15:27:56.166823
이엠텍 지포스 RTX 5070 Ti MIRACLE WHITE D7 16GB,1655000,750.0,PCIE5.0X16,348.0,2026-04-20 15:27:56.166823
MSI 지포스 RTX 5070 Ti 게이밍 트리오 OC 화이트 D7 16GB 트라이프로져4,1658950,750.0,PCIE5.0X16,338.0,2026-04-20 15:27:56.166823
갤럭시 GALAX 지포스 RTX 5070 Ti EX GAMER BLACK OC D7 16GB,1659220,750.0,PCIE5.0X16,322.0,2026-04-20 15:27:56.166823
ASUS PRIME 지포스 RTX 5070 Ti OC D7 16GB 대원씨티에스,1684250,750.0,PCIE5.0X16,304.0,2026-04-20 15:27:56.166823
GIGABYTE 지포스 RTX 5070 Ti WINDFORCE SFF D7 16GB 피씨디렉트,1696630,750.0,PCIE5.0X16,304.0,2026-04-20 15:27:56.166823
COLORFUL iGame 지포스 RTX 5070 Ti Vulcan OC D7 16GB 피씨디렉트,1705000,750.0,PCIE5.0X16,336.0,2026-04-20 15:27:56.166823
ASUS TUF Gaming 지포스 RTX 5070 Ti BTF WHITE OC D7 16GB 대원씨티에스,1708069,850.0,PCIE5.0X16,329.0,2026-04-20 15:27:56.166823
갤럭시 GALAZ 지포스 RTX 5070 Ti BLACK 2X OC D7 16GB,1714970,750.0,PCIE5.0X16,239.0,2026-04-20 15:27:56.166823
갤럭시 GALAX 지포스 RTX 5070 Ti EX GAMER WHITE OC D7 16GB,1749720,750.0,PCIE5.0X16,322.0,2026-04-20 15:27:56.166823
갤럭시 GALAX 지포스 RTX 5070 Ti BLACK OC D7 16GB,1779900,750.0,PCIE5.0X16,303.0,2026-04-20 15:27:56.166823
갤럭시 GALAX 지포스 RTX 4080 SUPER 3X D6X 16GB,1822000,850.0,PCIE4.0X16,315.0,2026-04-20 15:27:56.166823
갤럭시 GALAZ 지포스 RTX 5070 Ti EX GAMER BLACK OC D7 16GB,1824000,750.0,PCIE5.0X16,322.0,2026-04-20 15:27:56.166823
갤럭시 GALAX 지포스 RTX 5070 Ti HOF GAMING BLACK D7 16GB,1847870,750.0,PCIE5.0X16,341.0,2026-04-20 15:27:56.166823
GIGABYTE 지포스 RTX 3060 Ti GAMING OC D6X 8GB 피씨디렉트,1850000,750.0,PCIE4.0X16,286.0,2026-04-20 15:27:56.166823
GIGABYTE AORUS 지포스 RTX 5070 Ti MASTER D7 16GB 피씨디렉트,1855000,750.0,PCIE5.0X16,360.0,2026-04-20 15:27:56.166823
갤럭시 GALAX 지포스 RTX 5070 Ti HOF GAMING D7 16GB,1871380,750.0,PCIE5.0X16,341.0,2026-04-20 15:27:56.166823
갤럭시 GALAZ 지포스 RTX 5070 Ti HOF GAMING BLACK D7 16GB,1906970,750.0,PCIE5.0X16,341.0,2026-04-20 15:27:56.166823
갤럭시 GALAZ 지포스 RTX 5070 Ti HOF GAMING D7 16GB,1927970,750.0,PCIE5.0X16,341.0,2026-04-20 15:27:56.166823
MSI 지포스 RTX 5070 Ti 게이밍 트리오 OC 플러스 D7 16GB 트라이프로져4,1940860,750.0,PCIE5.0X16,338.0,2026-04-20 15:27:56.166823
GIGABYTE 지포스 RTX 5080 WINDFORCE OC SFF D7 16GB 피씨디렉트,1975860,850.0,PCIE5.0X16,304.0,2026-04-20 15:27:56.166823
MSI 지포스 RTX 5060 게이밍 OC D7 8GB 트윈프로져,1999890,550.0,PCIE5.0X16,248.0,2026-04-20 15:27:56.166823
갤럭시 GALAZ 지포스 RTX 5070 Ti BLACK OC D7 16GB,2000000,750.0,PCIE5.0X16,303.0,2026-04-20 15:27:56.166823
MANLI 지포스 RTX 5080 Nebula D7 16GB 대원씨티에스,2002930,,PCIE5.0X16,312.0,2026-04-20 15:27:56.166823
GIGABYTE 지포스 RTX 5080 WINDFORCE OC SFF D7 16GB 제이씨현,2007400,850.0,PCIE5.0X16,304.0,2026-04-20 15:27:56.166823
MSI 지포스 RTX 5080 벤투스 3X OC D7 16GB,2047040,850.0,PCIE5.0X16,303.0,2026-04-20 15:27:56.166823
COLORFUL iGame 지포스 RTX 5080 ULTRA OC White D7 16GB 피씨디렉트,2054780,850.0,PCIE5.0X16,331.0,2026-04-20 15:27:56.166823
MANLI 지포스 RTX 5080 Gallardo OC D7 16GB 대원씨티에스,2057000,,PCIE5.0X16,359.0,2026-04-20 15:27:56.166823
갤럭시 GALAZ 지포스 RTX 5070 Ti WHITE OC D7 16GB,2058140,750.0,PCIE5.0X16,303.0,2026-04-20 15:27:56.166823
GIGABYTE 지포스 RTX 5080 GAMING OC D7 16GB 피씨디렉트,2064030,850.0,PCIE5.0X16,340.0,2026-04-20 15:27:56.166823
GIGABYTE 지포스 RTX 5080 AERO OC SFF D7 16GB 제이씨현,2064110,850.0,PCIE5.0X16,304.0,2026-04-20 15:27:56.166823
GIGABYTE 지포스 RTX 5080 AERO OC SFF D7 16GB 피씨디렉트,2073640,850.0,PCIE5.0X16,304.0,2026-04-20 15:27:56.166823
GIGABYTE 지포스 RTX 5080 GAMING OC D7 16GB 제이씨현,2074900,850.0,PCIE5.0X16,340.0,2026-04-20 15:27:56.166823
MSI 지포스 RTX 5080 벤투스 3X OC 플러스 D7 16GB,2077890,850.0,PCIE5.0X16,303.0,2026-04-20 15:27:56.166823
MSI 지포스 RTX 5080 쉐도우 3X OC D7 16GB,2078000,850.0,PCIE5.0X16,303.0,2026-04-20 15:27:56.166823
갤럭시 GALAX 지포스 RTX 5080 BLACK OC D7 16GB,2098040,850.0,PCIE5.0X16,303.0,2026-04-20 15:27:56.166823
MANLI 지포스 RTX 5080 Stellar OC D7 16GB 대원씨티에스,2129000,,PCIE5.0X16,360.0,2026-04-20 15:27:56.166823
ASUS PRIME 지포스 RTX 5080 OC D7 16GB 대원씨티에스,2147390,850.0,PCIE5.0X16,306.0,2026-04-20 15:27:56.166823
ASUS PRIME 지포스 RTX 5080 D7 16GB 대원씨티에스,2150860,850.0,PCIE5.0X16,304.0,2026-04-20 15:27:56.166823
MSI 지포스 RTX 3070 Ti 슈프림 X D6X 8GB 트라이프로져2S,2160000,850.0,PCIE4.0X16,335.0,2026-04-20 15:27:56.166823
갤럭시 GALAZ 지포스 RTX 5080 BLACK OC D7 16GB,2174970,850.0,PCIE5.0X16,303.0,2026-04-20 15:27:56.166823
이엠텍 지포스 RTX 5080 MIRACLE WHITE D7 16GB,2197990,850.0,PCIE5.0X16,348.0,2026-04-20 15:27:56.166823
ASRock 라데온 RX 6700 XT CHALLENGER Pro OC D6 12GB 에즈윈,2200000,650.0,PCIE4.0X16,303.0,2026-04-20 15:27:56.166823
COLORFUL iGame 지포스 RTX 5080 ULTRA OC White D7 16GB 도우정보,2210000,,PCIE5.0X16,,2026-04-20 15:27:56.166823
GIGABYTE 라데온 AI PRO R9700 AI TOP D6 32GB 피씨디렉트,2232500,750.0,PCIE5.0X16,267.0,2026-04-20 15:27:56.166823
GIGABYTE AORUS 지포스 RTX 5080 MASTER D7 16GB 피씨디렉트,2238190,850.0,PCIE5.0X16,360.0,2026-04-20 15:27:56.166823
MSI 지포스 RTX 5080 게이밍 트리오 OC D7 16GB 트라이프로져4,2249000,850.0,PCIE5.0X16,338.0,2026-04-20 15:27:56.166823
GIGABYTE AORUS 지포스 RTX 5080 MASTER D7 16GB 제이씨현,2263900,850.0,PCIE5.0X16,360.0,2026-04-20 15:27:56.166823
MSI 지포스 RTX 5080 게이밍 트리오 OC 화이트 D7 16GB 트라이프로져4,2269000,850.0,PCIE5.0X16,338.0,2026-04-20 15:27:56.166823
ASRock 라데온 AI PRO R9700 Creator D6 32GB 대원씨티에스,2282610,750.0,PCIE5.0X16,271.0,2026-04-20 15:27:56.166823
ASUS TUF Gaming 지포스 RTX 5070 Ti OC D7 16GB 대원씨티에스,2287230,850.0,PCIE5.0X16,329.0,2026-04-20 15:27:56.166823
COLORFUL iGame 지포스 RTX 5080 Advanced OC D7 16GB 피씨디렉트,2289170,,PCIE5.0X16,,2026-04-20 15:27:56.166823
GIGABYTE 라데온 AI PRO R9700 AI TOP D6 32GB 제이씨현,2289760,750.0,PCIE5.0X16,267.0,2026-04-20 15:27:56.166823
MSI 지포스 RTX 5080 뱅가드 SOC D7 16GB 하이퍼프로져,2289790,850.0,PCIE5.0X16,357.0,2026-04-20 15:27:56.166823
갤럭시 GALAX 지포스 RTX 5080 HOF GAMING BLACK D7 16GB,2321230,850.0,PCIE5.0X16,341.0,2026-04-20 15:27:56.166823
GIGABYTE AORUS 지포스 RTX 5080 MASTER ICE D7 16GB 제이씨현,2326410,850.0,PCIE5.0X16,360.0,2026-04-20 15:27:56.166823
GIGABYTE AORUS 지포스 RTX 5070 Ti MASTER D7 16GB 제이씨현,2333490,750.0,PCIE5.0X16,360.0,2026-04-20 15:27:56.166823
GIGABYTE AORUS 지포스 RTX 5080 MASTER ICE D7 16GB 피씨디렉트,2336970,850.0,PCIE5.0X16,360.0,2026-04-20 15:27:56.166823
ASUS ProArt 지포스 RTX 5080 OC D7 16GB 대원씨티에스,2350000,850.0,PCIE5.0X16,304.0,2026-04-20 15:27:56.166823
COLORFUL iGame 지포스 RTX 5080 Neptune OC D7 16GB 피씨디렉트,2358820,,PCIE5.0X16,,2026-04-20 15:27:56.166823
갤럭시 GALAZ 지포스 RTX 5080 HOF GAMING BLACK D7 16GB,2399950,850.0,PCIE5.0X16,341.0,2026-04-20 15:27:56.166823
COLORFUL iGame 지포스 RTX 5080 Vulcan OC D7 16GB 피씨디렉트,2429980,,PCIE5.0X16,,2026-04-20 15:27:56.166823
GIGABYTE AORUS 지포스 RTX 5080 XTREME 워터포스 D7 16GB 피씨디렉트,2556440,850.0,PCIE5.0X16,220.0,2026-04-20 15:27:56.166823
GIGABYTE AORUS 지포스 RTX 5080 XTREME 워터포스 WB D7 16GB 피씨디렉트,2558890,850.0,PCIE5.0X16,220.0,2026-04-20 15:27:56.166823
갤럭시 GALAX 지포스 RTX 5080 HOF GAMING D7 16GB,2619500,850.0,PCIE5.0X16,341.0,2026-04-20 15:27:56.166823
MSI 지포스 RTX 4070 SUPER 게이밍 X 슬림 D6X 12GB 트라이프로져3,2668930,650.0,PCIE4.0X16,307.0,2026-04-20 15:27:56.166823
AFOX 지포스 RTX 4080 SUPER BLOWER D6X 16GB 에즈윈,2669500,,PCIE4.0X16,269.0,2026-04-20 15:27:56.166823
MSI 지포스 RTX 5080 벤투스 3X OC 화이트 D7 16GB,2726000,850.0,PCIE5.0X16,303.0,2026-04-20 15:27:56.166823
갤럭시 GALAX 지포스 RTX 5080 WHITE OC D7 16GB,2806000,850.0,PCIE5.0X16,303.0,2026-04-20 15:27:56.166823
MSI 지포스 RTX 4060 벤투스 2X 블랙 OC D6 8GB,2809290,550.0,PCIE4.0X16,199.0,2026-04-20 15:27:56.166823
갤럭시 GALAX 지포스 RTX 5080 EX GAMER BLACK OC D7 16GB,2830000,850.0,PCIE5.0X16,322.0,2026-04-20 15:27:56.166823
갤럭시 GALAX 지포스 RTX 5080 EX GAMER WHITE OC D7 16GB,3060290,850.0,PCIE5.0X16,322.0,2026-04-20 15:27:56.166823
NVIDIA RTX PRO 4000 Blackwell SFF 에디션 D7 24GB 서린,3159270,,PCIE5.0X16,168.0,2026-04-20 15:27:56.166823
ASUS TUF Gaming 지포스 RTX 5080 OC D7 16GB 대원씨티에스,3198990,850.0,PCIE5.0X16,348.0,2026-04-20 15:27:56.166823
MANLI 지포스 RTX 5060 Ti Nebula D7 16GB 대원씨티에스,4200000,,PCIE5.0X16,239.0,2026-04-20 15:27:56.166823
ASUS ROG STRIX 지포스 RTX 5070 Ti OC D7 16GB 대원씨티에스,4200000,850.0,PCIE5.0X16,332.0,2026-04-20 15:27:56.166823
MSI 지포스 RTX 5080 엑스퍼트 OC D7 16GB 플로우프로져2,4750000,850.0,PCIE5.0X16,319.0,2026-04-20 15:27:56.166823
NVIDIA RTX PRO 4500 Blackwell D7 32GB 서린 (벌크),4949060,,PCIE5.0X16,267.0,2026-04-20 15:27:56.166823
NVIDIA RTX PRO 4500 Blackwell D7 32GB 서린,5199990,,PCIE5.0X16,267.0,2026-04-20 15:27:56.166823
GIGABYTE 지포스 RTX 4070 SUPER GAMING OC D6X 12GB 제이씨현,5351290,700.0,PCIE4.0X16,300.0,2026-04-20 15:27:56.166823
GIGABYTE 지포스 RTX 4070 SUPER GAMING OC D6X 12GB 피씨디렉트,5351290,700.0,PCIE4.0X16,300.0,2026-04-20 15:27:56.166823
MSI 지포스 RTX 5090 슈프림 SOC D7 32GB 하이퍼프로져,6296500,,PCIE5.0X16,,2026-04-20 15:27:56.166823
GIGABYTE 지포스 RTX 5090 WINDFORCE OC D7 32GB 피씨디렉트,6325710,1000.0,PCIE5.0X16,342.0,2026-04-20 15:27:56.166823
GIGABYTE AORUS 지포스 RTX 5090 MASTER ICE D7 32GB 피씨디렉트,6338990,1000.0,PCIE5.0X16,360.0,2026-04-20 15:27:56.166823
GIGABYTE AORUS 지포스 RTX 5090 XTREME 워터포스 WB D7 32GB 피씨디렉트,6341890,1000.0,PCIE5.0X16,234.0,2026-04-20 15:27:56.166823
GIGABYTE 지포스 RTX 5090 GAMING OC D7 32GB 피씨디렉트,6347970,1000.0,PCIE5.0X16,342.0,2026-04-20 15:27:56.166823
GIGABYTE AORUS 지포스 RTX 5090 XTREME 워터포스 D7 32GB 제이씨현,6369450,1000.0,PCIE5.0X16,246.0,2026-04-20 15:27:56.166823
MANLI 지포스 RTX 5090 Gallardo OC D7 32GB 대원씨티에스,6370000,,PCIE5.0X16,359.0,2026-04-20 15:27:56.166823
GIGABYTE AORUS 지포스 RTX 5090 XTREME 워터포스 D7 32GB 피씨디렉트,6370580,1000.0,PCIE5.0X16,245.0,2026-04-20 15:27:56.166823
GIGABYTE 지포스 RTX 5090 WINDFORCE OC D7 32GB 제이씨현,6390000,1000.0,PCIE5.0X16,342.0,2026-04-20 15:27:56.166823
GIGABYTE AORUS 지포스 RTX 5090 XTREME 워터포스 WB D7 32GB 제이씨현,6407960,1000.0,PCIE5.0X16,234.0,2026-04-20 15:27:56.166823
GIGABYTE 지포스 RTX 5090 GAMING OC D7 32GB 제이씨현,6433920,1000.0,PCIE5.0X16,342.0,2026-04-20 15:27:56.166823
GIGABYTE AORUS 지포스 RTX 5090 STEALTH ICE D7 32GB 피씨디렉트,6440000,1000.0,PCIE5.0X16,360.0,2026-04-20 15:27:56.166823
ASUS TUF Gaming 지포스 RTX 5090 OC D7 32GB 대원씨티에스,6446000,1000.0,PCIE5.0X16,348.0,2026-04-20 15:27:56.166823
GIGABYTE AORUS 지포스 RTX 5090 MASTER ICE D7 32GB 제이씨현,6459970,1000.0,PCIE5.0X16,360.0,2026-04-20 15:27:56.166823
GIGABYTE AORUS 지포스 RTX 5090 MASTER D7 32GB 제이씨현,6485980,1000.0,PCIE5.0X16,360.0,2026-04-20 15:27:56.166823
GIGABYTE AORUS 지포스 RTX 5090 STEALTH ICE D7 32GB 제이씨현,6541940,1000.0,PCIE5.0X16,360.0,2026-04-20 15:27:56.166823
ASUS TUF Gaming 지포스 RTX 5090 D7 32GB 대원씨티에스,6593440,1000.0,PCIE5.0X16,348.0,2026-04-20 15:27:56.166823
GIGABYTE AORUS 지포스 RTX 5090 AI BOX 피씨디렉트,6727530,850.0,,302.0,2026-04-20 15:27:56.166823
ASUS TUF Gaming 지포스 RTX 5090 D7 32GB 인텍앤컴퍼니,6866640,1000.0,PCIE5.0X16,348.0,2026-04-20 15:27:56.166823
GIGABYTE AORUS 지포스 RTX 5090 MASTER D7 32GB 피씨디렉트,6890000,1000.0,PCIE5.0X16,360.0,2026-04-20 15:27:56.166823
MSI 지포스 RTX 5090 뱅가드 SOC D7 32GB 하이퍼프로져,6989990,1000.0,PCIE5.0X16,357.0,2026-04-20 15:27:56.166823
MSI 지포스 RTX 5090 게이밍 트리오 OC D7 32GB 트라이프로져4,6989990,1000.0,PCIE5.0X16,359.0,2026-04-20 15:27:56.166823
GIGABYTE 지포스 RTX 4090 GAMING OC D6X 24GB 피씨디렉트,7000000,1000.0,PCIE4.0X16,340.0,2026-04-20 15:27:56.166823
GIGABYTE AORUS 지포스 RTX 5090 AI BOX 제이씨현,7012200,850.0,,302.0,2026-04-20 15:27:56.166823
MANLI 지포스 RTX 5090 Stellar OC D7 32GB 대원씨티에스,7450000,,PCIE5.0X16,360.0,2026-04-20 15:27:56.166823
MSI 지포스 RTX 5090 슈프림 리퀴드 SOC D7 32GB,7480000,1000.0,PCIE5.0X16,280.0,2026-04-20 15:27:56.166823
MSI 지포스 RTX 5090 벤투스 3X OC D7 32GB,7600000,1000.0,PCIE5.0X16,323.0,2026-04-20 15:27:56.166823
NVIDIA RTX PRO 5000 Blackwell D7 48GB 서린 (벌크),8488100,,PCIE5.0X16,267.0,2026-04-20 15:27:56.166823
NVIDIA RTX PRO 5000 Blackwell D7 48GB 서린,8490000,,PCIE5.0X16,267.0,2026-04-20 15:27:56.166823
