name,price,socket_type,memory_type,created_at
인텔 펜티엄 E5300 (울프데일),990,775,,2026-04-15 11:09:37.147206
인텔 코어2듀오 E7500 (울프데일),1320,775,,2026-04-15 11:09:37.147206
인텔 펜티엄 E2180 (콘로),1358,775,,2026-04-15 11:09:37.147206
인텔 셀러론 G1830 (하스웰),1430,1150,DDR3,2026-04-15 11:09:37.147206
인텔 셀러론 G1820 (하스웰),1500,1150,DDR3,2026-04-15 11:09:37.147206
인텔 펜티엄 G620 (샌디브릿지),1800,1155,DDR3,2026-04-15 11:09:37.147206
인텔 셀러론 G550 (샌디브릿지),1800,1155,DDR3,2026-04-15 11:09:37.147206
인텔 펜티엄 G860 (샌디브릿지),1800,1155,DDR3,2026-04-15 11:09:37.147206
인텔 펜티엄 G640 (샌디브릿지),1800,1155,DDR3,2026-04-15 11:09:37.147206
인텔 펜티엄 G3220 (하스웰),1810,1150,DDR3,2026-04-15 11:09:37.147206
인텔 펜티엄 G3250 (하스웰 리프레시),1890,1150,DDR3,2026-04-15 11:09:37.147206
인텔 펜티엄 E6300 (울프데일),1900,775,,2026-04-15 11:09:37.147206
인텔 펜티엄 E6500 (울프데일),1900,775,,2026-04-15 11:09:37.147206
인텔 코어2쿼드 Q9300 (요크필드),1940,775,,2026-04-15 11:09:37.147206
인텔 펜티엄 G3240 (하스웰 리프레시),2000,1150,DDR3,2026-04-15 11:09:37.147206
인텔 펜티엄 G850 (샌디브릿지),2090,1155,DDR3,2026-04-15 11:09:37.147206
인텔 펜티엄 G840 (샌디브릿지),2100,1155,DDR3,2026-04-15 11:09:37.147206
인텔 셀러론 G1840 (하스웰 리프레시),2200,1150,DDR3,2026-04-15 11:09:37.147206
인텔 코어i3-2세대 2120 (샌디브릿지),2270,1155,DDR3,2026-04-15 11:09:37.147206
인텔 코어2듀오 E8400 (울프데일),2390,775,,2026-04-15 11:09:37.147206
인텔 코어i3-3세대 3240 (아이비브릿지),2700,1155,DDR3,2026-04-15 11:09:37.147206
인텔 펜티엄 G3440 (하스웰 리프레시),2850,1150,DDR3,2026-04-15 11:09:37.147206
인텔 펜티엄 G2130 (아이비브릿지),2850,1155,DDR3,2026-04-15 11:09:37.147206
인텔 펜티엄 G3420 (하스웰),3000,1150,DDR3,2026-04-15 11:09:37.147206
인텔 코어i3-1세대 530 (클락데일),3200,1156,DDR3,2026-04-15 11:09:37.147206
인텔 셀러론 G1850 (하스웰 리프레시),3270,1150,DDR3,2026-04-15 11:09:37.147206
인텔 코어i3-1세대 540 (클락데일),3270,1156,DDR3,2026-04-15 11:09:37.147206
인텔 코어i3-1세대 550 (클락데일),3280,1156,DDR3,2026-04-15 11:09:37.147206
인텔 코어i5-1세대 750 (린필드),3330,1156,DDR3,2026-04-15 11:09:37.147206
인텔 코어2쿼드 Q8400 (요크필드),3590,775,,2026-04-15 11:09:37.147206
인텔 코어i3-2세대 2100 (샌디브릿지),3600,1155,DDR3,2026-04-15 11:09:37.147206
인텔 펜티엄 G2030 (아이비브릿지),3750,1155,DDR3,2026-04-15 11:09:37.147206
인텔 펜티엄 G3450 (하스웰 리프레시),3800,1150,DDR3,2026-04-15 11:09:37.147206
인텔 코어i3-4세대 4150 (하스웰 리프레시),3890,1150,DDR3,2026-04-15 11:09:37.147206
인텔 코어i5-1세대 650 (클락데일),3890,1156,DDR3,2026-04-15 11:09:37.147206
인텔 코어2쿼드 Q8300 (요크필드),4000,775,,2026-04-15 11:09:37.147206
인텔 펜티엄 G3260 (하스웰 리프레시),4340,1150,DDR3,2026-04-15 11:09:37.147206
인텔 펜티엄 G3460 (하스웰 리프레시),4390,1150,DDR3,2026-04-15 11:09:37.147206
인텔 코어i3-3세대 3220 (아이비브릿지),4590,1155,DDR3,2026-04-15 11:09:37.147206
인텔 펜티엄 G2120 (아이비브릿지),4900,1155,DDR3,2026-04-15 11:09:37.147206
인텔 코어i7-1세대 950 (블룸필드),5000,1366,DDR3,2026-04-15 11:09:37.147206
인텔 펜티엄 E2160 (콘로),5310,775,,2026-04-15 11:09:37.147206
인텔 펜티엄 E2140 (콘로),5400,775,,2026-04-15 11:09:37.147206
인텔 펜티엄 E2200 (콘로),5400,775,,2026-04-15 11:09:37.147206
인텔 펜티엄 G2020 (아이비브릿지),5790,1155,DDR3,2026-04-15 11:09:37.147206
인텔 펜티엄 E6600 (울프데일),5820,775,,2026-04-15 11:09:37.147206
인텔 펜티엄 G4400 (스카이레이크),6140,1151,,2026-04-15 11:09:37.147206
인텔 셀러론 G3930 (카비레이크),6170,1151,,2026-04-15 11:09:37.147206
인텔 셀러론 G1630 (아이비브릿지),6200,1155,DDR3,2026-04-15 11:09:37.147206
인텔 코어i3-6세대 6300 (스카이레이크),6770,1151,,2026-04-15 11:09:37.147206
인텔 코어i5-1세대 760 (린필드),6850,1156,DDR3,2026-04-15 11:09:37.147206
인텔 코어2쿼드 Q6600 (켄츠필드),7000,775,,2026-04-15 11:09:37.147206
인텔 펜티엄 G4600 (카비레이크),7290,1151,,2026-04-15 11:09:37.147206
인텔 펜티엄 G4560 (카비레이크),7550,1151,,2026-04-15 11:09:37.147206
인텔 코어i3-4세대 4130 (하스웰),7740,1150,DDR3,2026-04-15 11:09:37.147206
인텔 코어2듀오 E4500 (콘로),8010,775,,2026-04-15 11:09:37.147206
인텔 펜티엄 E6700 (울프데일),8510,775,,2026-04-15 11:09:37.147206
AMD FX 4100 (잠베지),8550,AM3,DDR3,2026-04-15 11:09:37.147206
인텔 코어2쿼드 Q9500 (요크필드),8680,775,,2026-04-15 11:09:37.147206
인텔 코어i3-4세대 4170 (하스웰 리프레시),8910,1150,DDR3,2026-04-15 11:09:37.147206
인텔 코어2듀오 E6600 (콘로),10000,775,,2026-04-15 11:09:37.147206
인텔 펜티엄 G3430 (하스웰),10000,1150,DDR3,2026-04-15 11:09:37.147206
인텔 코어i7-1세대 860 (린필드),10290,1156,DDR3,2026-04-15 11:09:37.147206
인텔 코어i5-2세대 2400 (샌디브릿지),10550,1155,DDR3,2026-04-15 11:09:37.147206
인텔 코어i3-6세대 6100 (스카이레이크),11160,1151,,2026-04-15 11:09:37.147206
인텔 코어i5-3세대 3330 (아이비브릿지),11370,1155,DDR3,2026-04-15 11:09:37.147206
인텔 코어i5-2세대 2300 (샌디브릿지),11890,1155,DDR3,2026-04-15 11:09:37.147206
인텔 제온 E3-1220 (샌디브릿지),12000,1155,DDR3,2026-04-15 11:09:37.147206
인텔 펜티엄 G3258 (하스웰),12250,1150,DDR3,2026-04-15 11:09:37.147206
인텔 펜티엄 골드 G5420 (커피레이크-R),12280,1151V2,DDR4,2026-04-15 11:09:37.147206
인텔 코어i3-4세대 4370 (하스웰 리프레시),12390,1150,DDR3,2026-04-15 11:09:37.147206
인텔 코어i3-4세대 4360 (하스웰 리프레시),12490,1150,DDR3,2026-04-15 11:09:37.147206
인텔 코어i5-3세대 3470 (아이비브릿지),12990,1155,DDR3,2026-04-15 11:09:37.147206
인텔 코어i5-3세대 3450 (아이비브릿지),13850,1155,DDR3,2026-04-15 11:09:37.147206
인텔 코어i7-1세대 870 (린필드),13890,1156,DDR3,2026-04-15 11:09:37.147206
인텔 코어i3-4세대 4330 (하스웰),14100,1150,DDR3,2026-04-15 11:09:37.147206
AMD A4 7300 (리치랜드),14250,FM2,DDR3,2026-04-15 11:09:37.147206
인텔 코어i5-2세대 2500 (샌디브릿지),14330,1155,DDR3,2026-04-15 11:09:37.147206
인텔 코어i5-2세대 2500K (샌디브릿지),14590,1155,DDR3,2026-04-15 11:09:37.147206
인텔 제온 E3-1220V5 (스카이레이크),15200,1151,,2026-04-15 11:09:37.147206
AMD 페넘II-X4 955 (데네브),15680,AM3,,2026-04-15 11:09:37.147206
인텔 셀러론 G540 (샌디브릿지),15780,1155,DDR3,2026-04-15 11:09:37.147206
인텔 셀러론 G530 (샌디브릿지),15940,1155,DDR3,2026-04-15 11:09:37.147206
AMD 페넘II-X4 945 (데네브),15990,AM3,,2026-04-15 11:09:37.147206
인텔 코어i5-3세대 3570K (아이비브릿지),16070,1155,DDR3,2026-04-15 11:09:37.147206
인텔 펜티엄 E5700 (울프데일),16500,775,,2026-04-15 11:09:37.147206
인텔 펜티엄 G645 (샌디브릿지),16540,1155,DDR3,2026-04-15 11:09:37.147206
인텔 코어2쿼드 Q9550 (요크필드),17000,775,,2026-04-15 11:09:37.147206
인텔 코어i5-3세대 3550 (아이비브릿지),17420,1155,DDR3,2026-04-15 11:09:37.147206
인텔 펜티엄 골드 G5400 (커피레이크),18260,1151V2,DDR4,2026-04-15 11:09:37.147206
AMD FX 8300 (비쉐라),18910,AM3,DDR3,2026-04-15 11:09:37.147206
인텔 제온 X5680 (웨스터미어),19000,1366,DDR3,2026-04-15 11:09:37.147206
인텔 코어i5-3세대 3570 (아이비브릿지),19090,1155,DDR3,2026-04-15 11:09:37.147206
AMD 페넘II-X6 1055T (투반),20000,AM3,,2026-04-15 11:09:37.147206
인텔 코어i3-7세대 7100 (카비레이크),20290,1151,,2026-04-15 11:09:37.147206
인텔 코어i3-6세대 6320 (스카이레이크),20900,1151,,2026-04-15 11:09:37.147206
인텔 셀러론 G4900 (커피레이크),21570,1151V2,DDR4,2026-04-15 11:09:37.147206
인텔 셀러론 G3900 (스카이레이크),21760,1151,,2026-04-15 11:09:37.147206
인텔 코어i5-4세대 4430 (하스웰),22340,1150,DDR3,2026-04-15 11:09:37.147206
인텔 코어i5-4세대 4440 (하스웰),22360,1150,DDR3,2026-04-15 11:09:37.147206
인텔 코어i5-4세대 4460 (하스웰 리프레시),22410,1150,DDR3,2026-04-15 11:09:37.147206
인텔 펜티엄 G4500 (스카이레이크),22450,1151,,2026-04-15 11:09:37.147206
인텔 코어i5-4세대 4670K (하스웰),23190,1150,DDR3,2026-04-15 11:09:37.147206
AMD 라이젠5-1세대 1600 (서밋 릿지),24900,AM4,DDR4,2026-04-15 11:09:37.147206
인텔 코어i5-4세대 4570 (하스웰),26330,1150,DDR3,2026-04-15 11:09:37.147206
인텔 코어i5-4세대 4590 (하스웰 리프레시),27050,1150,DDR3,2026-04-15 11:09:37.147206
인텔 코어i5-4세대 4670 (하스웰),28290,1150,DDR3,2026-04-15 11:09:37.147206
인텔 셀러론 G4930 (커피레이크-R),28890,1151V2,DDR4,2026-04-15 11:09:37.147206
인텔 코어i5-4세대 4690K (데빌스캐년),29740,1150,DDR3,2026-04-15 11:09:37.147206
인텔 코어i5-4세대 4690 (하스웰 리프레시),30270,1150,DDR3,2026-04-15 11:09:37.147206
AMD 라이젠5-1세대 1400 (서밋 릿지),30790,AM4,DDR4,2026-04-15 11:09:37.147206
인텔 제온 E5-2680 v4 (브로드웰-EP),31400,2011,DDR4,2026-04-15 11:09:37.147206
인텔 코어i3-7세대 7320 (카비레이크),33350,1151,,2026-04-15 11:09:37.147206
인텔 셀러론 G5900 (코멧레이크S),34500,1200,DDR4,2026-04-15 11:09:37.147206
인텔 코어i7-2세대 2600 (샌디브릿지),34560,1155,DDR3,2026-04-15 11:09:37.147206
인텔 제온 E3-1270V5 (스카이레이크),35250,1151,,2026-04-15 11:09:37.147206
AMD 애슬론 200GE (레이븐 릿지),36200,AM4,DDR4,2026-04-15 11:09:37.147206
인텔 코어i3-7세대 7300 (카비레이크),36590,1151,,2026-04-15 11:09:37.147206
인텔 코어i3-8세대 8100 (커피레이크),36880,1151V2,DDR4,2026-04-15 11:09:37.147206
인텔 코어i5-6세대 6500 (스카이레이크),41800,1151,,2026-04-15 11:09:37.147206
인텔 코어i5-6세대 6400 (스카이레이크),41880,1151,,2026-04-15 11:09:37.147206
인텔 코어i5-6세대 6600 (스카이레이크),43920,1151,,2026-04-15 11:09:37.147206
인텔 코어i5-4세대 4670 + H81 패키지,45130,1150,DDR3,2026-04-15 11:09:37.147206
인텔 코어i7-2세대 2600K (샌디브릿지),45380,1155,DDR3,2026-04-15 11:09:37.147206
AMD 라이젠5-1세대 1500X (서밋 릿지),46780,AM4,DDR4,2026-04-15 11:09:37.147206
인텔 코어i5-6세대 6600K (스카이레이크),46880,1151,,2026-04-15 11:09:37.147206
인텔 코어i3-7세대 7350K (카비레이크),47160,1151,,2026-04-15 11:09:37.147206
인텔 코어i5-4세대 4690 + H81 패키지,47500,1150,DDR3,2026-04-15 11:09:37.147206
인텔 제온 E3-1230V2 (아이비브릿지),51070,1155,DDR3,2026-04-15 11:09:37.147206
AMD 라이젠7-1세대 1700X (서밋 릿지),53490,AM4,DDR4,2026-04-15 11:09:37.147206
인텔 코어i5-7세대 7600 (카비레이크),54680,1151,,2026-04-15 11:09:37.147206
인텔 코어i5-7세대 7400 (카비레이크),55880,1151,,2026-04-15 11:09:37.147206
AMD 라이젠5-2세대 2600 (피나클 릿지),56790,AM4,DDR4,2026-04-15 11:09:37.147206
인텔 코어i7-3세대 3770 (아이비브릿지),56890,1155,DDR3,2026-04-15 11:09:37.147206
인텔 코어i3-7세대 7300T (카비레이크),57070,1151,,2026-04-15 11:09:37.147206
AMD 라이젠3-1세대 2200G (레이븐 릿지),59810,AM4,,2026-04-15 11:09:37.147206
인텔 코어i3-9세대 9100 (커피레이크-R),60030,1151V2,DDR4,2026-04-15 11:09:37.147206
AMD 라이젠5-3세대 3500 (마티스),62000,AM4,DDR4,2026-04-15 11:09:37.147206
인텔 코어i3-8세대 8300 (커피레이크),62700,1151V2,DDR4,2026-04-15 11:09:37.147206
인텔 코어i5-7세대 7500 (카비레이크),62880,1151,,2026-04-15 11:09:37.147206
AMD 라이젠5-2세대 2600X (피나클 릿지),63380,AM4,DDR4,2026-04-15 11:09:37.147206
인텔 제온 스케일러블 실버 4110 (스카이레이크),64700,3647,DDR4,2026-04-15 11:09:37.147206
AMD 라이젠5-3세대 3500X (마티스),65360,AM4,DDR4,2026-04-15 11:09:37.147206
인텔 코어i7-4세대 4770K (하스웰),65600,1150,DDR3,2026-04-15 11:09:37.147206
AMD 애슬론 3000G (레이븐 릿지),65990,AM4,DDR4,2026-04-15 11:09:37.147206
인텔 코어i7-3세대 3770K (아이비브릿지),66690,1155,DDR3,2026-04-15 11:09:37.147206
인텔 제온 E5-2696 v3 (하스웰-EP),66920,2011,DDR4,2026-04-15 11:09:37.147206
AMD 라이젠7-1세대 1700 (서밋 릿지),70500,AM4,DDR4,2026-04-15 11:09:37.147206
AMD 라이젠3-3세대 4100 (르누아르-X),71000,AM4,DDR4,2026-04-15 11:09:37.147206
인텔 코어i5-6세대 6500 + H110 패키지,71250,1151,,2026-04-15 11:09:37.147206
AMD 라이젠7-2세대 2700 (피나클 릿지),72070,AM4,DDR4,2026-04-15 11:09:37.147206
인텔 셀러론 G3920 (스카이레이크),72420,1151,,2026-04-15 11:09:37.147206
인텔 코어i3-8세대 8350K (커피레이크),72640,1151V2,DDR4,2026-04-15 11:09:37.147206
인텔 코어i5-6세대 6600 + H110 패키지,73630,1151,,2026-04-15 11:09:37.147206
인텔 코어i3-9세대 9100F (커피레이크-R),74790,1151V2,DDR4,2026-04-15 11:09:37.147206
인텔 제온 E5-2603 (샌디브릿지-EP),74990,2011,DDR3,2026-04-15 11:09:37.147206
인텔 코어i5-7세대 7600K (카비레이크),77700,1151,,2026-04-15 11:09:37.147206
인텔 코어i7-4세대 4770 (하스웰),82190,1150,DDR3,2026-04-15 11:09:37.147206
인텔 코어i7-6세대 6700 (스카이레이크),82650,1151,,2026-04-15 11:09:37.147206
인텔 코어i7-4세대 4790 (하스웰 리프레시),85140,1150,DDR3,2026-04-15 11:09:37.147206
인텔 코어i7-2세대 2700K (샌디브릿지),86000,1155,DDR3,2026-04-15 11:09:37.147206
인텔 셀러론 G5905 (코멧레이크S),86240,1200,DDR4,2026-04-15 11:09:37.147206
인텔 코어i7-6세대 6700K (스카이레이크),86380,1151,,2026-04-15 11:09:37.147206
인텔 셀러론 G3950 (카비레이크),88000,1151,,2026-04-15 11:09:37.147206
AMD 라이젠3-3세대 3100 (마티스),90420,AM4,DDR4,2026-04-15 11:09:37.147206
AMD 라이젠3-2세대 3200G (피카소),92100,AM4,DDR4,2026-04-15 11:09:37.147206
인텔 코어i5-8세대 8400 (커피레이크),92850,1151V2,DDR4,2026-04-15 11:09:37.147206
인텔 코어i5-8세대 8500 (커피레이크),93890,1151V2,DDR4,2026-04-15 11:09:37.147206
AMD 라이젠7-2세대 2700X (피나클 릿지),94520,AM4,DDR4,2026-04-15 11:09:37.147206
인텔 제온 X5650 (웨스터미어),97550,1366,DDR3,2026-04-15 11:09:37.147206
인텔 코어i3-10세대 10100F (코멧레이크S),98000,1200,DDR4,2026-04-15 11:09:37.147206
인텔 코어i7-4세대 4790K (데빌스캐년),98590,1150,DDR3,2026-04-15 11:09:37.147206
인텔 제온 스케일러블 브론즈 3206R (캐스케이드레이크),100000,3647,DDR4,2026-04-15 11:09:37.147206
인텔 셀러론 G5925 (코멧레이크S),100610,1200,DDR4,2026-04-15 11:09:37.147206
인텔 코어i5-8세대 8600 (커피레이크),101690,1151V2,DDR4,2026-04-15 11:09:37.147206
AMD 라이젠5-3세대 3600X (마티스),102000,AM4,DDR4,2026-04-15 11:09:37.147206
인텔 코어i3-10세대 10105F (코멧레이크S 리프레시),105000,1200,DDR4,2026-04-15 11:09:37.147206
인텔 코어i5-9세대 9400F (커피레이크-R),107800,1151V2,DDR4,2026-04-15 11:09:37.147206
인텔 셀러론 G5920 (코멧레이크S),109450,1200,DDR4,2026-04-15 11:09:37.147206
인텔 코어i7-7세대 7700 (카비레이크),112680,1151,,2026-04-15 11:09:37.147206
인텔 제온 E3-1220V6 (카비레이크),119700,1151,,2026-04-15 11:09:37.147206
인텔 코어i7-7세대 7700K (카비레이크),124660,1151,,2026-04-15 11:09:37.147206
AMD 라이젠5-3세대 3600 (마티스),127200,AM4,DDR4,2026-04-15 11:09:37.147206
인텔 코어i5-9세대 9600 (커피레이크-R),129550,1151V2,DDR4,2026-04-15 11:09:37.147206
AMD 라이젠5-2세대 3400G (피카소),130000,AM4,DDR4,2026-04-15 11:09:37.147206
인텔 셀러론 G6900 (엘더레이크),131000,1700,DDR5,2026-04-15 11:09:37.147206
인텔 코어i5-8세대 8600K (커피레이크),131150,1151V2,DDR4,2026-04-15 11:09:37.147206
AMD 라이젠5-3세대 3600XT (마티스),132000,AM4,DDR4,2026-04-15 11:09:37.147206
AMD 라이젠5-3세대 4500 (르누아르-X),134000,AM4,DDR4,2026-04-15 11:09:37.147206
인텔 펜티엄 G4520 (스카이레이크),135050,1151,,2026-04-15 11:09:37.147206
인텔 제온 스케일러블 실버 4112 (스카이레이크),137000,3647,DDR4,2026-04-15 11:09:37.147206
인텔 코어i5-9세대 9400 (커피레이크-R),138140,1151V2,DDR4,2026-04-15 11:09:37.147206
인텔 코어i3-10세대 10100 (코멧레이크S),139890,1200,DDR4,2026-04-15 11:09:37.147206
인텔 코어i3-4세대 4160 (하스웰 리프레시),140390,1150,DDR3,2026-04-15 11:09:37.147206
인텔 코어i5-9세대 9600KF (커피레이크-R),145000,1151V2,DDR4,2026-04-15 11:09:37.147206
인텔 코어i5-9세대 9500 (커피레이크-R),149480,1151V2,DDR4,2026-04-15 11:09:37.147206
AMD 라이젠5-4세대 5500 (세잔),149480,AM4,DDR4,2026-04-15 11:09:37.147206
인텔 프로세서 300 (랩터레이크 리프레시),150700,1700,DDR5,2026-04-15 11:09:37.147206
인텔 코어i3-14세대 14100F (랩터레이크 리프레시),151610,1700,DDR5,2026-04-15 11:09:37.147206
인텔 코어i3-12세대 12100F (엘더레이크),152810,1700,DDR5,2026-04-15 11:09:37.147206
인텔 코어i5-11세대 11400F (로켓레이크S),153700,1200,DDR4,2026-04-15 11:09:37.147206
AMD 라이젠5-3세대 4600G (르누아르),154000,AM4,DDR4,2026-04-15 11:09:37.147206
인텔 코어i3-10세대 10105 (코멧레이크S 리프레시),154560,1200,DDR4,2026-04-15 11:09:37.147206
인텔 제온 E3-1231V3 (하스웰 리프레시),155800,1150,DDR3,2026-04-15 11:09:37.147206
인텔 펜티엄 골드 G6405 (코멧레이크S 리프레시),159000,1200,DDR4,2026-04-15 11:09:37.147206
인텔 코어i3-13세대 13100F (랩터레이크),159290,1700,DDR5,2026-04-15 11:09:37.147206
AMD 라이젠5-4세대 5600 (버미어),162000,AM4,DDR4,2026-04-15 11:09:37.147206
인텔 펜티엄 골드 G6400 (코멧레이크S),165630,1200,DDR4,2026-04-15 11:09:37.147206
인텔 코어i5-10세대 10600KF (코멧레이크S),170050,1200,DDR4,2026-04-15 11:09:37.147206
인텔 코어i5-10세대 10400F (코멧레이크S),176860,1200,DDR4,2026-04-15 11:09:37.147206
인텔 코어i5-9세대 9500F (커피레이크-R),177000,1151V2,DDR4,2026-04-15 11:09:37.147206
AMD 라이젠5-5세대 8400F (피닉스),177980,AM5,DDR5,2026-04-15 11:09:37.147206
AMD 라이젠5-5세대 7400 (라파엘),184000,AM5,DDR5,2026-04-15 11:09:37.147206
AMD 라이젠5-5세대 7500F (라파엘),189400,AM5,DDR5,2026-04-15 11:09:37.147206
AMD 라이젠5-4세대 5500GT (세잔),191880,AM4,DDR4,2026-04-15 11:09:37.147206
AMD 라이젠 스레드리퍼 1920X (화이트헤븐),192600,TR4,DDR4,2026-04-15 11:09:37.147206
인텔 코어i3-10세대 10320 (코멧레이크S),194200,1200,DDR4,2026-04-15 11:09:37.147206
인텔 코어i5-11세대 11600KF (로켓레이크S),199100,1200,DDR4,2026-04-15 11:09:37.147206
인텔 코어i5-10세대 10500 (코멧레이크S),202230,1200,DDR4,2026-04-15 11:09:37.147206
AMD 라이젠5-5세대 7400F (라파엘),202390,AM5,DDR5,2026-04-15 11:09:37.147206
AMD 라이젠3-4세대 5300G (세잔),207490,AM4,DDR4,2026-04-15 11:09:37.147206
AMD 라이젠5-4세대 5600G (세잔),208090,AM4,DDR4,2026-04-15 11:09:37.147206
AMD 라이젠5-4세대 5600GT (세잔),208970,AM4,DDR4,2026-04-15 11:09:37.147206
인텔 코어i7-8세대 8700K (커피레이크),211630,1151V2,DDR4,2026-04-15 11:09:37.147206
인텔 코어i5-12세대 12400 (엘더레이크),216120,1700,DDR5,2026-04-15 11:09:37.147206
인텔 코어i5-11세대 11400 (로켓레이크S),218290,1200,DDR4,2026-04-15 11:09:37.147206
AMD 라이젠5 PRO 4650G (르누아르),220000,AM4,DDR4,2026-04-15 11:09:37.147206
인텔 코어i5-12세대 12400F (엘더레이크),220000,1700,DDR5,2026-04-15 11:09:37.147206
인텔 코어i5-11세대 11500 (로켓레이크S),228040,1200,DDR4,2026-04-15 11:09:37.147206
인텔 코어i7-9세대 9700 (커피레이크-R),228300,1151V2,DDR4,2026-04-15 11:09:37.147206
인텔 코어i7-9세대 9700K (커피레이크-R),229160,1151V2,DDR4,2026-04-15 11:09:37.147206
AMD 라이젠7-5세대 8700F (피닉스),230000,AM5,DDR5,2026-04-15 11:09:37.147206
인텔 코어i3-14세대 14100 (랩터레이크 리프레시),231440,1700,DDR5,2026-04-15 11:09:37.147206
인텔 코어i3-12세대 12100 (엘더레이크),233590,1700,DDR5,2026-04-15 11:09:37.147206
인텔 코어 울트라5 시리즈2 225F (애로우레이크),233970,1851,DDR5,2026-04-15 11:09:37.147206
AMD 라이젠7 PRO 4750G (르누아르),235500,AM4,DDR4,2026-04-15 11:09:37.147206
인텔 코어i5-10세대 10600K (코멧레이크S),237820,1200,DDR4,2026-04-15 11:09:37.147206
인텔 코어i7-9세대 9700F (커피레이크-R),250000,1151V2,DDR4,2026-04-15 11:09:37.147206
인텔 코어i5-13세대 13400F (랩터레이크),250790,1700,DDR5,2026-04-15 11:09:37.147206
인텔 코어X-시리즈 i9-7920X (스카이레이크),253000,2066,DDR4,2026-04-15 11:09:37.147206
인텔 코어i5-14세대 14400F (랩터레이크 리프레시),254420,1700,DDR5,2026-04-15 11:09:37.147206
AMD 라이젠5-5세대 8500G (피닉스),256030,AM5,DDR5,2026-04-15 11:09:37.147206
AMD 라이젠5-6세대 9500F (그래니트 릿지),259000,AM5,DDR5,2026-04-15 11:09:37.147206
인텔 펜티엄 골드 G7400 (엘더레이크),259500,1700,DDR5,2026-04-15 11:09:37.147206
인텔 코어i7-10세대 10700KF (코멧레이크S),264620,1200,DDR4,2026-04-15 11:09:37.147206
인텔 코어 울트라5 시리즈2 225 (애로우레이크),269370,1851,DDR5,2026-04-15 11:09:37.147206
AMD 라이젠3-3세대 3300X (마티스),270000,AM4,DDR4,2026-04-15 11:09:37.147206
AMD 라이젠5-5세대 8600G (피닉스),272320,AM5,DDR5,2026-04-15 11:09:37.147206
AMD 라이젠5-6세대 9600X (그래니트 릿지),286580,AM5,DDR5,2026-04-15 11:09:37.147206
인텔 코어i5-9세대 9600K (커피레이크-R),287000,1151V2,DDR4,2026-04-15 11:09:37.147206
AMD 라이젠5-6세대 9600 (그래니트 릿지),288500,AM5,DDR5,2026-04-15 11:09:37.147206
인텔 코어 울트라5 시리즈2 245KF (애로우레이크),294480,1851,DDR5,2026-04-15 11:09:37.147206
인텔 코어i5-12세대 12600 (엘더레이크),300000,1700,DDR5,2026-04-15 11:09:37.147206
인텔 코어i5-12세대 12600KF (엘더레이크),305670,1700,DDR5,2026-04-15 11:09:37.147206
인텔 제온 X5570 (네할렘),305920,1366,DDR3,2026-04-15 11:09:37.147206
인텔 코어i3-13세대 13100 (랩터레이크),306000,1700,DDR5,2026-04-15 11:09:37.147206
인텔 코어i5-10세대 10400 (코멧레이크S),307000,1200,DDR4,2026-04-15 11:09:37.147206
AMD 라이젠5-5세대 7600 (라파엘),310000,AM5,DDR5,2026-04-15 11:09:37.147206
AMD 라이젠7-4세대 5800X (버미어),316800,AM4,DDR4,2026-04-15 11:09:37.147206
인텔 코어i5-13세대 13400 (랩터레이크),323120,1700,DDR5,2026-04-15 11:09:37.147206
AMD 라이젠7-4세대 5700G (세잔),326900,AM4,DDR4,2026-04-15 11:09:37.147206
AMD 라이젠7-5세대 7700 (라파엘),328000,AM5,DDR5,2026-04-15 11:09:37.147206
인텔 코어i5-13세대 13600KF (랩터레이크),329450,1700,DDR5,2026-04-15 11:09:37.147206
AMD 라이젠7-4세대 5700 (세잔),330400,AM4,DDR4,2026-04-15 11:09:37.147206
인텔 코어 울트라5 시리즈2 250KF Plus (애로우레이크 리프레시),336200,1851,DDR5,2026-04-15 11:09:37.147206
AMD 라이젠5-5세대 7600X (라파엘),336770,AM5,DDR5,2026-04-15 11:09:37.147206
인텔 제온 E 2124 (커피레이크),339450,1151V2,DDR4,2026-04-15 11:09:37.147206
인텔 코어 울트라5 시리즈2 245K (애로우레이크),340680,1851,DDR5,2026-04-15 11:09:37.147206
인텔 코어i5-13세대 13600K (랩터레이크),342710,1700,DDR5,2026-04-15 11:09:37.147206
AMD 라이젠5-5세대 7500X3D (라파엘),349990,AM5,DDR5,2026-04-15 11:09:37.147206
인텔 코어i5-12세대 12500 (엘더레이크),355460,1700,DDR5,2026-04-15 11:09:37.147206
인텔 코어i7-10세대 10700 (코멧레이크S),358070,1200,DDR4,2026-04-15 11:09:37.147206
인텔 코어 울트라5 시리즈2 250K Plus (애로우레이크 리프레시),358370,1851,DDR5,2026-04-15 11:09:37.147206
인텔 코어i5-12세대 12600K (엘더레이크),358950,1700,DDR5,2026-04-15 11:09:37.147206
AMD 라이젠7-5세대 7700X (라파엘),364530,AM5,DDR5,2026-04-15 11:09:37.147206
인텔 코어i5-14세대 14400 (랩터레이크 리프레시),366270,1700,DDR5,2026-04-15 11:09:37.147206
인텔 코어i5-13세대 13600 (랩터레이크),369770,1700,DDR5,2026-04-15 11:09:37.147206
AMD 라이젠7-6세대 9700X (그래니트 릿지),375090,AM5,DDR5,2026-04-15 11:09:37.147206
인텔 코어i5-14세대 14600KF (랩터레이크 리프레시),378610,1700,DDR5,2026-04-15 11:09:37.147206
인텔 코어i5-14세대 14600K (랩터레이크 리프레시),381590,1700,DDR5,2026-04-15 11:09:37.147206
AMD 라이젠5-4세대 5600XT (버미어),390000,AM4,DDR4,2026-04-15 11:09:37.147206
AMD 라이젠7-5세대 7800X3D (라파엘),390990,AM5,DDR5,2026-04-15 11:09:37.147206
인텔 코어i7-11세대 11700KF (로켓레이크S),399900,1200,DDR4,2026-04-15 11:09:37.147206
인텔 제온 스케일러블 브론즈 3104 (스카이레이크),400000,3647,DDR4,2026-04-15 11:09:37.147206
AMD 라이젠9-3세대 3900X (마티스),400000,AM4,DDR4,2026-04-15 11:09:37.147206
AMD 라이젠7-3세대 3700X (마티스),405000,AM4,DDR4,2026-04-15 11:09:37.147206
인텔 코어 울트라5 시리즈2 235 (애로우레이크),405870,1851,DDR5,2026-04-15 11:09:37.147206
인텔 제온 E3-1225V6 (카비레이크),408140,1151,,2026-04-15 11:09:37.147206
인텔 제온 E3-1230V6 (카비레이크),411380,1151,,2026-04-15 11:09:37.147206
AMD 라이젠9-4세대 5900X (버미어),413430,AM4,DDR4,2026-04-15 11:09:37.147206
AMD 라이젠7-5세대 8700G (피닉스),420000,AM5,DDR5,2026-04-15 11:09:37.147206
인텔 코어i7-10세대 10700F (코멧레이크S),424440,1200,DDR4,2026-04-15 11:09:37.147206
인텔 코어i7-12세대 12700F (엘더레이크),426800,1700,DDR5,2026-04-15 11:09:37.147206
인텔 코어i9-10세대 10850K (코멧레이크S),430290,1200,DDR4,2026-04-15 11:09:37.147206
인텔 코어 울트라5 시리즈2 225T (애로우레이크),438000,1851,DDR5,2026-04-15 11:09:37.147206
AMD 라이젠7-4세대 5700X3D (버미어),438890,AM4,DDR4,2026-04-15 11:09:37.147206
인텔 제온 E3-1270V6 (카비레이크),440000,1151,,2026-04-15 11:09:37.147206
AMD 라이젠 스레드리퍼 1950X (화이트헤븐),441880,TR4,DDR4,2026-04-15 11:09:37.147206
인텔 코어i7-12세대 12700KF (엘더레이크),442350,1700,DDR5,2026-04-15 11:09:37.147206
AMD 라이젠9-5세대 7900X (라파엘),444990,AM5,DDR5,2026-04-15 11:09:37.147206
인텔 코어i7-11세대 11700K (로켓레이크S),450000,1200,DDR4,2026-04-15 11:09:37.147206
인텔 코어i7-10세대 10700K (코멧레이크S),451000,1200,DDR4,2026-04-15 11:09:37.147206
인텔 제온 E3-1240V6 (카비레이크),455000,1151,,2026-04-15 11:09:37.147206
인텔 제온 E 2124G (커피레이크),455690,1151V2,DDR4,2026-04-15 11:09:37.147206
인텔 코어 울트라7 시리즈2 265KF (애로우레이크),458920,1851,DDR5,2026-04-15 11:09:37.147206
인텔 코어 울트라7 시리즈2 265K (애로우레이크),459810,1851,DDR5,2026-04-15 11:09:37.147206
AMD 라이젠 스레드리퍼 2920X (콜팩스),461690,TR4,DDR4,2026-04-15 11:09:37.147206
인텔 코어i5-14세대 14500 (랩터레이크 리프레시),464600,1700,DDR5,2026-04-15 11:09:37.147206
인텔 코어 울트라5 시리즈2 245 (애로우레이크),465360,1851,DDR5,2026-04-15 11:09:37.147206
인텔 제온 스케일러블 브론즈 3204 (캐스케이드레이크),470000,3647,DDR4,2026-04-15 11:09:37.147206
AMD 라이젠9-5세대 7900 (라파엘),471100,AM5,DDR5,2026-04-15 11:09:37.147206
인텔 코어i7-13세대 13700F (랩터레이크),471670,1700,DDR5,2026-04-15 11:09:37.147206
인텔 코어i3-13세대 13100T (랩터레이크),473100,1700,DDR5,2026-04-15 11:09:37.147206
인텔 코어i5-13세대 13500T (랩터레이크),473100,1700,DDR5,2026-04-15 11:09:37.147206
인텔 코어i5-13세대 13500 (랩터레이크),473100,1700,DDR5,2026-04-15 11:09:37.147206
인텔 코어i5-12세대 12500T (엘더레이크),473100,1700,DDR5,2026-04-15 11:09:37.147206
인텔 코어i5-14세대 14500T (랩터레이크 리프레시),473100,1700,DDR5,2026-04-15 11:09:37.147206
인텔 코어i7-14세대 14700F (랩터레이크 리프레시),473240,1700,DDR5,2026-04-15 11:09:37.147206
인텔 코어i5-12세대 12400T (엘더레이크),478000,1700,DDR5,2026-04-15 11:09:37.147206
인텔 코어i3-12세대 12100T (엘더레이크),478000,1700,DDR5,2026-04-15 11:09:37.147206
인텔 제온 E 2234 (커피레이크-R),481750,1151V2,DDR4,2026-04-15 11:09:37.147206
인텔 코어i7-14세대 14700KF (랩터레이크 리프레시),487830,1700,DDR5,2026-04-15 11:09:37.147206
인텔 코어i7-13세대 13700KF (랩터레이크),492000,1700,DDR5,2026-04-15 11:09:37.147206
인텔 코어i7-11세대 11700 (로켓레이크S),494000,1200,DDR4,2026-04-15 11:09:37.147206
인텔 코어i5-11세대 11600K (로켓레이크S),500000,1200,DDR4,2026-04-15 11:09:37.147206
인텔 코어i9-11세대 11900K (로켓레이크S),500340,1200,DDR4,2026-04-15 11:09:37.147206
인텔 코어i9-12세대 12900KF (엘더레이크),502040,1700,DDR5,2026-04-15 11:09:37.147206
인텔 코어 울트라5 시리즈2 235T (애로우레이크),502830,1851,DDR5,2026-04-15 11:09:37.147206
인텔 코어 울트라7 시리즈2 265F (애로우레이크),510430,1851,DDR5,2026-04-15 11:09:37.147206
인텔 코어i9-11세대 11900 (로켓레이크S),514990,1200,DDR4,2026-04-15 11:09:37.147206
인텔 코어i9-11세대 11900F (로켓레이크S),521780,1200,DDR4,2026-04-15 11:09:37.147206
인텔 코어 울트라7 시리즈2 270K Plus (애로우레이크 리프레시),522080,1851,DDR5,2026-04-15 11:09:37.147206
인텔 코어i9-11세대 11900KF (로켓레이크S),524150,1200,DDR4,2026-04-15 11:09:37.147206
인텔 코어i7-12세대 12700 (엘더레이크),535390,1700,DDR5,2026-04-15 11:09:37.147206
AMD 라이젠9-3세대 3950X (마티스),535410,AM4,DDR4,2026-04-15 11:09:37.147206
인텔 코어 울트라7 시리즈2 265 (애로우레이크),537360,1851,DDR5,2026-04-15 11:09:37.147206
인텔 코어i7-8세대 8700 (커피레이크),544670,1151V2,DDR4,2026-04-15 11:09:37.147206
인텔 코어i7-9세대 9700KF (커피레이크-R),545460,1151V2,DDR4,2026-04-15 11:09:37.147206
인텔 코어i7-11세대 11700F (로켓레이크S),558000,1200,DDR4,2026-04-15 11:09:37.147206
인텔 코어i9-13세대 13900K (랩터레이크),558970,1700,DDR5,2026-04-15 11:09:37.147206
AMD 라이젠7-3세대 3800X (마티스),560760,AM4,DDR4,2026-04-15 11:09:37.147206
인텔 코어X-시리즈 i9-9920X (스카이레이크),561440,2066,DDR4,2026-04-15 11:09:37.147206
인텔 제온 E 2174G (커피레이크),569330,1151V2,DDR4,2026-04-15 11:09:37.147206
인텔 코어i7-12세대 12700K (엘더레이크),587000,1700,DDR5,2026-04-15 11:09:37.147206
AMD 라이젠7-6세대 9800X3D (그래니트 릿지),587930,AM5,DDR5,2026-04-15 11:09:37.147206
인텔 코어i7-12세대 12700T (엘더레이크),590000,1700,DDR5,2026-04-15 11:09:37.147206
인텔 제온 E 2146G (커피레이크),598480,1151V2,DDR4,2026-04-15 11:09:37.147206
인텔 코어i7-14세대 14700 (랩터레이크 리프레시),599730,1700,DDR5,2026-04-15 11:09:37.147206
인텔 제온 스케일러블 실버 4210R (캐스케이드레이크),609610,3647,DDR4,2026-04-15 11:09:37.147206
인텔 코어i7-14세대 14700K (랩터레이크 리프레시),613110,1700,DDR5,2026-04-15 11:09:37.147206
인텔 코어i9-12세대 12900 (엘더레이크),621920,1700,DDR5,2026-04-15 11:09:37.147206
AMD 라이젠9-6세대 9900X (그래니트 릿지),624890,AM5,DDR5,2026-04-15 11:09:37.147206
인텔 코어i7-13세대 13700K (랩터레이크),625390,1700,DDR5,2026-04-15 11:09:37.147206
AMD 라이젠3 PRO 4350G (르누아르),627610,AM4,DDR4,2026-04-15 11:09:37.147206
인텔 코어i9-10세대 10900F (코멧레이크S),630000,1200,DDR4,2026-04-15 11:09:37.147206
인텔 제온 E 2224 (커피레이크-R),630500,1151V2,DDR4,2026-04-15 11:09:37.147206
인텔 코어i9-12세대 12900K (엘더레이크),638270,1700,DDR5,2026-04-15 11:09:37.147206
인텔 코어i9-12세대 12900KS (엘더레이크),644800,1700,DDR5,2026-04-15 11:09:37.147206
AMD 라이젠9-5세대 7950X3D (라파엘),648890,AM5,DDR5,2026-04-15 11:09:37.147206
AMD 라이젠7-1세대 1800X (서밋 릿지),659550,AM4,DDR4,2026-04-15 11:09:37.147206
인텔 코어i9-13세대 13900KF (랩터레이크),667940,1700,DDR5,2026-04-15 11:09:37.147206
AMD 라이젠7-3세대 3800XT (마티스),683600,AM4,DDR4,2026-04-15 11:09:37.147206
AMD 라이젠9-4세대 5900XT (버미어),700000,AM4,DDR4,2026-04-15 11:09:37.147206
인텔 코어i9-14세대 14900KF (랩터레이크 리프레시),704660,1700,DDR5,2026-04-15 11:09:37.147206
인텔 제온 E 2224G (커피레이크-R),712000,1151V2,DDR4,2026-04-15 11:09:37.147206
인텔 코어i3-14세대 14100T (랩터레이크 리프레시),715350,1700,DDR5,2026-04-15 11:09:37.147206
인텔 코어X-시리즈 i7-9800X (스카이레이크),718560,2066,DDR4,2026-04-15 11:09:37.147206
인텔 코어i9-10세대 10900KF (코멧레이크S),720890,1200,DDR4,2026-04-15 11:09:37.147206
인텔 코어X-시리즈 i9-10980XE Extreme Edition (캐스케이드레이크),722040,2066,DDR4,2026-04-15 11:09:37.147206
인텔 코어i9-10세대 10900 (코멧레이크S),733130,1200,DDR4,2026-04-15 11:09:37.147206
인텔 코어 울트라7 시리즈2 265T (애로우레이크),733930,1851,DDR5,2026-04-15 11:09:37.147206
인텔 제온 E3-1275V6 (카비레이크),736000,1151,,2026-04-15 11:09:37.147206
인텔 제온 스케일러블 실버 4208 (캐스케이드레이크),737000,3647,DDR4,2026-04-15 11:09:37.147206
인텔 코어i9-9세대 9900KF (커피레이크-R),738900,1151V2,DDR4,2026-04-15 11:09:37.147206
AMD 라이젠9-4세대 5950X (버미어),739000,AM4,DDR4,2026-04-15 11:09:37.147206
인텔 코어i9-12세대 12900F (엘더레이크),747600,1700,DDR5,2026-04-15 11:09:37.147206
인텔 제온 E 2176G (커피레이크),749990,1151V2,DDR4,2026-04-15 11:09:37.147206
AMD 라이젠7-4세대 5800X3D (버미어),750000,AM4,DDR4,2026-04-15 11:09:37.147206
AMD 라이젠7-6세대 9850X3D (그래니트 릿지),752000,AM5,DDR5,2026-04-15 11:09:37.147206
인텔 제온 E5-2630 v4 (브로드웰-EP),770000,2011,DDR4,2026-04-15 11:09:37.147206
인텔 코어i9-9세대 9900K (커피레이크-R),770000,1151V2,DDR4,2026-04-15 11:09:37.147206
AMD 라이젠9-3세대 3900XT (마티스),775400,AM4,DDR4,2026-04-15 11:09:37.147206
AMD 라이젠9-6세대 9950X (그래니트 릿지),790290,AM5,DDR5,2026-04-15 11:09:37.147206
인텔 코어i7-8세대 8086K (커피레이크),795560,1151V2,DDR4,2026-04-15 11:09:37.147206
AMD 라이젠9-6세대 9900X3D (그래니트 릿지),807000,AM5,DDR5,2026-04-15 11:09:37.147206
인텔 코어i9-14세대 14900K (랩터레이크 리프레시),812370,1700,DDR5,2026-04-15 11:09:37.147206
인텔 코어i7-13세대 13700 (랩터레이크),812500,1700,DDR5,2026-04-15 11:09:37.147206
인텔 코어i9-13세대 13900F (랩터레이크),816500,1700,DDR5,2026-04-15 11:09:37.147206
AMD 라이젠9-5세대 7900X3D (라파엘),829600,AM5,DDR5,2026-04-15 11:09:37.147206
AMD EPYC 4584PX (라파엘),836440,AM5,DDR5,2026-04-15 11:09:37.147206
인텔 코어i9-14세대 14900F (랩터레이크 리프레시),845500,1700,DDR5,2026-04-15 11:09:37.147206
인텔 코어i9-10세대 10900K (코멧레이크S),850000,1200,DDR4,2026-04-15 11:09:37.147206
인텔 코어i9-14세대 14900 (랩터레이크 리프레시),859920,1700,DDR5,2026-04-15 11:09:37.147206
인텔 제온 스케일러블 실버 4210 (캐스케이드레이크),869990,3647,DDR4,2026-04-15 11:09:37.147206
인텔 코어i9-9세대 9900 (커피레이크-R),883700,1151V2,DDR4,2026-04-15 11:09:37.147206
인텔 코어 울트라9 시리즈2 285 (애로우레이크),897660,1851,DDR5,2026-04-15 11:09:37.147206
AMD 라이젠 스레드리퍼 PRO 3955WX (캐슬 픽-W),902850,SWRX8,DDR4,2026-04-15 11:09:37.147206
인텔 코어 울트라9 시리즈2 285K (애로우레이크),909900,1851,DDR5,2026-04-15 11:09:37.147206
AMD EPYC 4585PX (그라도),912200,AM5,DDR5,2026-04-15 11:09:37.147206
AMD 라이젠 스레드리퍼 2950X (콜팩스),915510,TR4,DDR4,2026-04-15 11:09:37.147206
AMD 라이젠9-6세대 9950X3D (그래니트 릿지),921110,AM5,DDR5,2026-04-15 11:09:37.147206
인텔 코어i9-13세대 13900KS (랩터레이크),932500,1700,DDR5,2026-04-15 11:09:37.147206
AMD 라이젠5-4세대 5600X (버미어),950000,AM4,DDR4,2026-04-15 11:09:37.147206
인텔 코어X-시리즈 i9-10920X (캐스케이드레이크),956290,2066,DDR4,2026-04-15 11:09:37.147206
인텔 코어X-시리즈 i9-9940X (스카이레이크),966330,2066,DDR4,2026-04-15 11:09:37.147206
인텔 코어i9-14세대 14900T (랩터레이크 리프레시),968900,1700,DDR5,2026-04-15 11:09:37.147206
인텔 제온 스케일러블 실버 4309Y (아이스레이크),973880,4189,DDR4,2026-04-15 11:09:37.147206
인텔 코어i9-12세대 12900T (엘더레이크),974000,1700,DDR5,2026-04-15 11:09:37.147206
인텔 코어i9-13세대 13900T (랩터레이크),976660,1700,DDR5,2026-04-15 11:09:37.147206
인텔 코어i7-13세대 13700T (랩터레이크),976740,1700,DDR5,2026-04-15 11:09:37.147206
인텔 코어i7-14세대 14700T (랩터레이크 리프레시),978990,1700,DDR5,2026-04-15 11:09:37.147206
인텔 코어X-시리즈 i9-10900X (캐스케이드레이크),995990,2066,DDR4,2026-04-15 11:09:37.147206
인텔 제온 스케일러블 실버 4114 (스카이레이크),1010000,3647,DDR4,2026-04-15 11:09:37.147206
인텔 코어i9-13세대 13900 (랩터레이크),1011750,1700,DDR5,2026-04-15 11:09:37.147206
인텔 코어i9-14세대 14900KS (랩터레이크 리프레시),1017500,1700,DDR5,2026-04-15 11:09:37.147206
인텔 코어 울트라9 시리즈2 285T (애로우레이크),1019770,1851,DDR5,2026-04-15 11:09:37.147206
AMD EPYC 7302P (롬),1066870,,DDR4,2026-04-15 11:09:37.147206
인텔 제온 스케일러블 실버 4214 (캐스케이드레이크),1216410,3647,DDR4,2026-04-15 11:09:37.147206
AMD 라이젠 스레드리퍼 3960X (캐슬 픽),1232710,STRX4,DDR4,2026-04-15 11:09:37.147206
AMD EPYC 7313 (밀라노),1250000,,DDR4,2026-04-15 11:09:37.147206
인텔 제온 스케일러블 실버 4215 (캐스케이드레이크),1277400,3647,DDR4,2026-04-15 11:09:37.147206
인텔 코어X-시리즈 i9-10940X (캐스케이드레이크),1323750,2066,DDR4,2026-04-15 11:09:37.147206
AMD 라이젠 스레드리퍼 1900X (화이트헤븐),1337560,TR4,DDR4,2026-04-15 11:09:37.147206
AMD EPYC 7313P (밀라노),1350000,,DDR4,2026-04-15 11:09:37.147206
AMD 라이젠9-5세대 7950X (라파엘),1500000,AM5,DDR5,2026-04-15 11:09:37.147206
AMD 라이젠 스레드리퍼 2990WX (콜팩스),1563030,TR4,DDR4,2026-04-15 11:09:37.147206
인텔 제온 스케일러블 실버 4216 (캐스케이드레이크),1613000,3647,DDR4,2026-04-15 11:09:37.147206
AMD 라이젠 스레드리퍼 PRO 5955WX (샤갈 프로),1638860,SWRX8,DDR4,2026-04-15 11:09:37.147206
AMD 라이젠 스레드리퍼 7960X (스톰 픽),1963050,,DDR5,2026-04-15 11:09:37.147206
인텔 제온 스케일러블 실버 4314 (아이스레이크),1976000,4189,DDR4,2026-04-15 11:09:37.147206
인텔 제온 스케일러블 실버 4310 (아이스레이크),1977000,4189,DDR4,2026-04-15 11:09:37.147206
AMD EPYC 7302 (롬),2012950,,DDR4,2026-04-15 11:09:37.147206
인텔 제온 스케일러블 실버 4316 (아이스레이크),2025480,4189,DDR4,2026-04-15 11:09:37.147206
AMD 라이젠 스레드리퍼 PRO 3975WX (캐슬 픽-W),2309990,SWRX8,DDR4,2026-04-15 11:09:37.147206
AMD 라이젠 스레드리퍼 9960X (시마다 픽),2328760,,DDR5,2026-04-15 11:09:37.147206
AMD 라이젠 스레드리퍼 2970WX (콜팩스),2350000,TR4,DDR4,2026-04-15 11:09:37.147206
AMD 라이젠 스레드리퍼 PRO 7955WX (스톰 픽),2403470,,DDR5,2026-04-15 11:09:37.147206
AMD 라이젠 스레드리퍼 PRO 9955WX (시마다 픽),2531780,,DDR5,2026-04-15 11:09:37.147206
인텔 제온 스케일러블 골드 5317 (아이스레이크),2532000,4189,DDR4,2026-04-15 11:09:37.147206
인텔 제온 스케일러블 골드 5222 (캐스케이드레이크),2576000,3647,DDR4,2026-04-15 11:09:37.147206
AMD 라이젠 스레드리퍼 3970X (캐슬 픽),2583940,STRX4,DDR4,2026-04-15 11:09:37.147206
AMD 라이젠 스레드리퍼 PRO 5965WX (샤갈 프로),2599000,SWRX8,DDR4,2026-04-15 11:09:37.147206
인텔 제온 스케일러블 골드 6326 (아이스레이크),2629990,4189,DDR4,2026-04-15 11:09:37.147206
인텔 제온 w5-3435X (사파이어 래피드),2681690,,DDR5,2026-04-15 11:09:37.147206
인텔 제온 스케일러블 골드 5220 (캐스케이드레이크),2716000,3647,DDR4,2026-04-15 11:09:37.147206
인텔 제온 스케일러블 골드 5318Y (아이스레이크),2720350,4189,DDR4,2026-04-15 11:09:37.147206
인텔 제온 스케일러블 골드 5318H (쿠퍼레이크),2800400,4189,DDR4,2026-04-15 11:09:37.147206
인텔 제온 스케일러블 골드 5218 (캐스케이드레이크),2814000,3647,DDR4,2026-04-15 11:09:37.147206
인텔 제온 스케일러블 실버 4116 (스카이레이크),2889490,3647,DDR4,2026-04-15 11:09:37.147206
인텔 제온 스케일러블 골드 5318N (아이스레이크),2937980,4189,DDR4,2026-04-15 11:09:37.147206
인텔 제온 스케일러블 골드 5320H (쿠퍼레이크),2996420,4189,DDR4,2026-04-15 11:09:37.147206
인텔 제온 스케일러블 골드 6346 (아이스레이크),3060000,4189,DDR4,2026-04-15 11:09:37.147206
인텔 제온 스케일러블 골드 6526Y (에메랄드 래피드),3068800,,DDR5,2026-04-15 11:09:37.147206
인텔 제온 w5-2465X (사파이어 래피드),3100000,,DDR5,2026-04-15 11:09:37.147206
인텔 제온 스케일러블 골드 5315Y (아이스레이크),3146000,4189,DDR4,2026-04-15 11:09:37.147206
인텔 제온 스케일러블 골드 5320 (아이스레이크),3153170,4189,DDR4,2026-04-15 11:09:37.147206
인텔 제온 스케일러블 골드 5318S (아이스레이크),3253540,4189,DDR4,2026-04-15 11:09:37.147206
AMD 라이젠 스레드리퍼 PRO 5975WX (샤갈 프로),3388310,SWRX8,DDR4,2026-04-15 11:09:37.147206
인텔 제온 스케일러블 골드 6230 (캐스케이드레이크),3410000,3647,DDR4,2026-04-15 11:09:37.147206
인텔 제온 스케일러블 골드 6330 (아이스레이크),3410200,4189,DDR4,2026-04-15 11:09:37.147206
인텔 제온 스케일러블 골드 5320T (아이스레이크),3482040,4189,DDR4,2026-04-15 11:09:37.147206
인텔 제온 스케일러블 골드 6140 (스카이레이크),3485000,3647,DDR4,2026-04-15 11:09:37.147206
인텔 제온 스케일러블 골드 6242R (캐스케이드레이크),3624840,3647,DDR4,2026-04-15 11:09:37.147206
AMD 라이젠 스레드리퍼 7970X (스톰 픽),3690000,,DDR5,2026-04-15 11:09:37.147206
인텔 제온 스케일러블 골드 6336Y (아이스레이크),3711160,4189,DDR4,2026-04-15 11:09:37.147206
인텔 제온 스케일러블 골드 6152 (스카이레이크),3760000,3647,DDR4,2026-04-15 11:09:37.147206
AMD 라이젠 스레드리퍼 9970X (시마다 픽),3889620,,DDR5,2026-04-15 11:09:37.147206
AMD 라이젠7-4세대 5700X (버미어),3920000,AM4,DDR4,2026-04-15 11:09:37.147206
인텔 제온 스케일러블 골드 6312U (아이스레이크),3940000,4189,DDR4,2026-04-15 11:09:37.147206
AMD 라이젠 스레드리퍼 PRO 7965WX (스톰 픽),3990000,,DDR5,2026-04-15 11:09:37.147206
인텔 제온 스케일러블 골드 6234 (캐스케이드레이크),4020800,3647,DDR4,2026-04-15 11:09:37.147206
인텔 제온 스케일러블 골드 5122 (스카이레이크),4090770,3647,DDR4,2026-04-15 11:09:37.147206
인텔 제온 스케일러블 골드 6142 (스카이레이크),4244000,3647,DDR4,2026-04-15 11:09:37.147206
인텔 제온 스케일러블 골드 6134 (스카이레이크),4292000,3647,DDR4,2026-04-15 11:09:37.147206
인텔 제온 스케일러블 골드 6330H (쿠퍼레이크),4433000,4189,DDR4,2026-04-15 11:09:37.147206
인텔 제온 스케일러블 골드 6240 (캐스케이드레이크),4438000,3647,DDR4,2026-04-15 11:09:37.147206
인텔 제온 스케일러블 골드 6334 (아이스레이크),4461370,4189,DDR4,2026-04-15 11:09:37.147206
인텔 제온 스케일러블 골드 5120 (스카이레이크),4476000,3647,DDR4,2026-04-15 11:09:37.147206
AMD 라이젠 스레드리퍼 PRO 9965WX (시마다 픽),4533830,,DDR5,2026-04-15 11:09:37.147206
인텔 제온 스케일러블 골드 6242 (캐스케이드레이크),4592900,3647,DDR4,2026-04-15 11:09:37.147206
인텔 제온 스케일러블 골드 6254 (캐스케이드레이크),4600000,3647,DDR4,2026-04-15 11:09:37.147206
인텔 제온 w7-3465X (사파이어 래피드),4602720,,DDR5,2026-04-15 11:09:37.147206
인텔 제온 스케일러블 골드 6348H (쿠퍼레이크),4787810,4189,DDR4,2026-04-15 11:09:37.147206
인텔 제온 스케일러블 골드 6354 (아이스레이크),4842220,4189,DDR4,2026-04-15 11:09:37.147206
인텔 제온 스케일러블 골드 6330N (아이스레이크),5066000,4189,DDR4,2026-04-15 11:09:37.147206
인텔 제온 스케일러블 골드 6148 (스카이레이크),5199980,3647,DDR4,2026-04-15 11:09:37.147206
인텔 제온 스케일러블 골드 6338N (아이스레이크),5255280,4189,DDR4,2026-04-15 11:09:37.147206
인텔 제온 스케일러블 골드 6314U (아이스레이크),5331880,4189,DDR4,2026-04-15 11:09:37.147206
인텔 제온 스케일러블 골드 6342 (아이스레이크),5393570,4189,DDR4,2026-04-15 11:09:37.147206
인텔 제온 스케일러블 골드 6238 (캐스케이드레이크),5499600,3647,DDR4,2026-04-15 11:09:37.147206
인텔 제온 스케일러블 골드 6128 (스카이레이크),5529000,3647,DDR4,2026-04-15 11:09:37.147206
인텔 제온 스케일러블 골드 6248 (캐스케이드레이크),5576400,3647,DDR4,2026-04-15 11:09:37.147206
인텔 제온 스케일러블 골드 6138 (스카이레이크),5879900,3647,DDR4,2026-04-15 11:09:37.147206
AMD 라이젠 스레드리퍼 PRO 7975WX (스톰 픽),6115990,,DDR5,2026-04-15 11:09:37.147206
인텔 제온 스케일러블 골드 6338 (아이스레이크),6330000,4189,DDR4,2026-04-15 11:09:37.147206
인텔 제온 스케일러블 플래티넘 8354H (쿠퍼레이크),6365610,4189,DDR4,2026-04-15 11:09:37.147206
인텔 제온 스케일러블 골드 6130 (스카이레이크),6373000,3647,DDR4,2026-04-15 11:09:37.147206
AMD 라이젠 스레드리퍼 PRO 9975WX (시마다 픽),6496880,,DDR5,2026-04-15 11:09:37.147206
인텔 제온 스케일러블 골드 6338T (아이스레이크),6614000,4189,DDR4,2026-04-15 11:09:37.147206
인텔 제온 스케일러블 플래티넘 8351N (아이스레이크),6637650,4189,DDR4,2026-04-15 11:09:37.147206
AMD 라이젠 스레드리퍼 7980X (스톰 픽),6907160,,DDR5,2026-04-15 11:09:37.147206
인텔 제온 스케일러블 골드 6252 (캐스케이드레이크),7080200,3647,DDR4,2026-04-15 11:09:37.147206
인텔 제온 스케일러블 골드 6348 (아이스레이크),7203480,4189,DDR4,2026-04-15 11:09:37.147206
인텔 제온 스케일러블 플래티넘 8360H (쿠퍼레이크),7344940,4189,DDR4,2026-04-15 11:09:37.147206
인텔 제온 스케일러블 플래티넘 8353H (쿠퍼레이크),7459000,4189,DDR4,2026-04-15 11:09:37.147206
인텔 제온 스케일러블 플래티넘 8352Y (아이스레이크),7508160,4189,DDR4,2026-04-15 11:09:37.147206
인텔 제온 스케일러블 플래티넘 8352V (아이스레이크),7508160,4189,DDR4,2026-04-15 11:09:37.147206
AMD 라이젠 스레드리퍼 9980X (시마다 픽),7718820,,DDR5,2026-04-15 11:09:37.147206
AMD 라이젠 스레드리퍼 PRO 5995WX (샤갈 프로),7779990,SWRX8,DDR4,2026-04-15 11:09:37.147206
인텔 제온 스케일러블 플래티넘 8358P (아이스레이크),8433080,4189,DDR4,2026-04-15 11:09:37.147206
인텔 제온 스케일러블 플래티넘 8358 (아이스레이크),8487490,4189,DDR4,2026-04-15 11:09:37.147206
인텔 제온 스케일러블 플래티넘 8356H (쿠퍼레이크),8584000,4189,DDR4,2026-04-15 11:09:37.147206
인텔 제온 스케일러블 플래티넘 8352S (아이스레이크),8596300,4189,DDR4,2026-04-15 11:09:37.147206
인텔 제온 스케일러블 골드 6328HL (쿠퍼레이크),8737760,4189,DDR4,2026-04-15 11:09:37.147206
인텔 제온 스케일러블 플래티넘 8360Y (아이스레이크),9738850,4189,DDR4,2026-04-15 11:09:37.147206
AMD 라이젠 스레드리퍼 PRO 7985WX (스톰 픽),9897300,,DDR5,2026-04-15 11:09:37.147206
인텔 제온 스케일러블 플래티넘 8568Y+ (에메랄드 래피드),10141750,,DDR5,2026-04-15 11:09:37.147206
AMD 라이젠 스레드리퍼 PRO 9985WX (시마다 픽),12300000,,DDR5,2026-04-15 11:09:37.147206
AMD 라이젠 스레드리퍼 PRO 3995WX (캐슬 픽-W),12500000,SWRX8,DDR4,2026-04-15 11:09:37.147206
인텔 제온 스케일러블 플래티넘 8360HL (쿠퍼레이크),12731230,4189,DDR4,2026-04-15 11:09:37.147206
인텔 제온 스케일러블 플래티넘 8368 (아이스레이크),12731230,4189,DDR4,2026-04-15 11:09:37.147206
AMD 라이젠 스레드리퍼 PRO 7995WX (스톰 픽),13963700,,DDR5,2026-04-15 11:09:37.147206
인텔 제온 스케일러블 플래티넘 8368Q (아이스레이크),14472250,4189,DDR4,2026-04-15 11:09:37.147206
인텔 제온 스케일러블 플래티넘 8280L (캐스케이드레이크),17100000,3647,DDR4,2026-04-15 11:09:37.147206
인텔 제온 스케일러블 플래티넘 8380H (쿠퍼레이크),17192600,4189,DDR4,2026-04-15 11:09:37.147206
AMD 라이젠 스레드리퍼 PRO 9995WX (시마다 픽),18419110,,DDR5,2026-04-15 11:09:37.147206
인텔 제온 스케일러블 플래티넘 8380 (아이스레이크),19042440,4189,DDR4,2026-04-15 11:09:37.147206
인텔 제온 스케일러블 플래티넘 8376HL (쿠퍼레이크),20130580,4189,DDR4,2026-04-15 11:09:37.147206
인텔 제온 스케일러블 플래티넘 8380HL (쿠퍼레이크),21653970,4189,DDR4,2026-04-15 11:09:37.147206
