Bench_Name,Score
256MB DDR Radeon 9800 XT,37
7900 MOD - Radeon HD 6520G,610
7900 MOD - Radeon HD 6550D,892
A2-2Q,3331
A6 Micro-6500T Quad-Core APU with RadeonR4,220
A10-4Q,3047
A10-8Q,6647
A10-12Q,9192
A10-24Q,15062
A10G,13598
A16,5280
A16-1Q,3430
A16-2B,2150
A16-2Q,3926
A16-4Q,3854
A16-8Q,4768
A16-16Q,3872
A40-2Q,1502
A40-4Q,3712
A40-6Q,2489
A40-8Q,7716
A40-12Q,5025
A40-24Q,3317
A40-48Q,10436
ABIT Siluro T400,3
AicUsbDisplay Device,25878
ALL-IN-WONDER 9000,4
ALL-IN-WONDER 9800,23
ALL-IN-WONDER RADEON 8500DV,5
ALL-IN-WONDER X800 GT,84
All-in-Wonder X1800XL,30
All-in-Wonder X1900,127
AMD Ryzen Z1 Extreme,6430
AMIGAMERLIN 3.1-R1 For Voodoo 4 4500 PCI,3
ASUS A7000,9
ASUS AGP-V3800PRO v31.40H,4
ASUS EAH4870x2,496
Asus GTX 650 FML II EC-EGPU,720
ASUS V9520-X V62.11,7
B8DKMDAP,4557
Barco MXRT 1450,205
Barco MXRT 2600,900
Barco MXRT 5400,1161
Barco MXRT 5450,1079
Barco MXRT 5500,2701
Barco MXRT 5600,2465
Barco MXRT 7100,180
Barco MXRT 7400,900
Barco MXRT 7500,3753
Barco MXRT 7600,4943
Barco MXRV-7100,17382
BASICDISPLAY,69
Beijing Fantasy Technology Fantasy II-M,290
CARRIZO 9874,226
Citrix Indirect Display Adapter,1582
CMP 30HX,5642
CMP 40HX,9343
CONNECT 3D RADEON X300,36
Custom GPU 0405,2948
Custom GPU 0932,3248
CXDisplay Device,10499
Dell 8100,2
Dell 8200,4
Diamond X1300-PCIE 256MB,70
DisplayLink USB Device Ryzen 7 5700U,1917
DisplayLink USB Device Ryzen 7 6800H,4444
DisplayLink USB Device Ryzen 7 7735HS,5768
EAH5450,134
EIZO Quadro MED-XN51LP,5012
EIZO Quadro MED-XN71,7244
EIZO Quadro MED-XN72,9036
EIZO Quadro MED-XN92,17035
Embedded Radeon E9173,1851
Eng Sample: 100-000000560-40_Y,5655
Eng Sample: 100-000000561-40_Y,4206
Extreme AX850 PRO,120
FireGL T2-128,30
FireGL V3100,52
FireGL V3200,84
FireGL V3300,70
FireGL V3350,68
FireGL V3400,103
FireGL V3600,179
FireGL V5100,92
FireGL V5200,114
FireGL V5600,341
FireGL V7100,71
FireGL V7200,116
FireGL V7300,128
FireGL V7350,110
FireGL V7600,615
FireGL V7700,660
FireGL V8600,838
FireGL V8650,550
FireGL X1,59
FireMV 2200 PCI,1
FireMV 2200 PCIe,36
FireMV 2250,45
FireMV 2260,117
FireMV 2400 PCIe,11
FireMV 2450,73
FirePro 3D V3700,178
FirePro 3D V3750,341
FirePro 3D V3800,472
FirePro 3D V4800,853
FirePro 3D V5700,546
FirePro 3D V5800,1231
FirePro 3D V7750,545
FirePro 3D V7800,1867
FirePro 3D V8700,1206
FirePro 3D V8750,1271
FirePro 3D V8800,2437
FirePro 3D V9800,2811
FirePro 2260,112
FirePro 2270,142
FirePro 2450,51
FirePro 2460,170
FirePro M2000,427
FirePro M4000,1591
FirePro M4000 Mobility Pro,1624
Firepro M4100,1059
FirePro M4150,1038
FirePro M4170,1182
FirePro M5100,1874
FirePro M5100 FireGL V,1839
FirePro M5950,1314
FirePro M6000,1820
FirePro M6000 Mobility Pro,1739
FirePro M6100,2515
FirePro M6100 FireGL V,2884
FirePro M7740,665
FirePro M40003,1364
FirePro R5000,2646
FirePro RG220,335
FirePro S7000,4708
FirePro S7150,3770
FirePro S9000,5059
FirePro S9050,4901
FirePro S10000,4537
FirePro V3800,320
FirePro V3900,627
FirePro V4900,1003
FirePro V5700,464
FirePro V5800,1184
FirePro V5900,1187
FirePro V7000,3161
FirePro V7800,2028
FirePro V7900,2260
FirePro V8700,1538
FirePro V8800,2280
FirePro V9800,2726
FirePro W600,1694
FirePro W2100,847
FirePro W4100,1491
FirePro W4170M,1056
Firepro W4190M,1177
FirePro W4300,2678
FirePro W5000,2968
FirePro W5100,2971
FirePro W5130M,1454
Firepro W5170M,1804
FirePro W6150M,2358
FirePro W7000,4315
FirePro W7000 Adapter,4382
FirePro W7100,5038
FirePro W7170M,3693
FirePro W8000,4091
FirePro W8100,6812
FirePro W9000,6115
FirePro W9100,7747
FireStream 9170,647
FireStream 9250,1164
FireStream 9270,1341
FireStream 9370,2528
GeCube RADEON 7000,8
GeForce2 Go,4
GeForce2 GTS/GeForce2 Pro,3
GeForce2 Integrated GPU,4
GeForce2 MX,2
GeForce2 MX 100/200,3
GeForce2 MX with DVI-D and TV-out,4
GeForce2 MX with TV Out,2
GeForce2 MX/MX 400,3
GeForce2 Ti,4
GeForce2 Ultra,6
GeForce3,4
GeForce3 Ti 200,4
GeForce3 Ti 500,2
GeForce4 420 Go,3
GeForce4 420 Go 32M,5
GeForce4 440,4
GeForce4 440 Go,3
GeForce4 440 Go 64M,5
GeForce4 448 Go,5
GeForce4 4200 Go,3
GeForce4 MX 420,4
GeForce4 MX 440,4
GeForce4 MX 440 with AGP8X,4
GeForce4 MX 440SE,4
GeForce4 MX 460,4
GeForce4 MX 4000,4
GeForce4 MX Integrated GPU,6
GeForce4 Ti 4200,5
GeForce4 Ti 4400,7
GeForce4 Ti 4600,5
GeForce4 Ti 4800,5
GeForce4 Ti 4800 SE,6
GeForce9400M,105
GeForce 205,126
GeForce 210,143
GeForce 240M GT,319
GeForce 256,5
GeForce 305M,150
GeForce 310,144
GeForce 310M,128
GeForce 315,196
GeForce 315M,120
GeForce 320M,190
GeForce 405,117
GeForce 410M,272
GeForce 505,143
GeForce 510,291
GeForce 605,331
GeForce 610M,291
GeForce 615,505
GeForce 705M,455
GeForce 710A,426
GeForce 710M,440
GeForce 720A,577
GeForce 730A,764
GeForce 770M,3245
GeForce 800A,435
GeForce 800M,477
GeForce 810A,612
GeForce 810M,420
GeForce 820A,556
GeForce 820M,479
GeForce 825M,748
GeForce 830A,1173
GeForce 830M,1001
GeForce 840A,1082
GeForce 840M,1098
GeForce 845M,1499
GeForce 910M,598
GeForce 920A,816
GeForce 920M,715
GeForce 920MX,1057
GeForce 930A,1217
GeForce 930M,1013
GeForce 930MX,1273
GeForce 940A,1113
GeForce 940M,1133
GeForce 940MX,1506
GeForce 945A,1852
GeForce 945M,2137
GeForce 999 GTX,83
GeForce 6100,27
GeForce 6100 nForce 400,25
GeForce 6100 nForce 405,26
GeForce 6100 nForce 420,25
GeForce 6100 nForce 430,23
GeForce 6150,21
GeForce 6150 LE,33
GeForce 6150SE,24
GeForce 6150SE nForce 430,30
GeForce 6200,37
GeForce 6200 A-LE,32
GeForce 6200 LE,32
GeForce 6200 TurboCache,51
GeForce 6200A,3
GeForce 6200SE TurboCache,37
GeForce 6500,38
GeForce 6600,85
GeForce 6600 GT,142
GeForce 6600 LE,51
GeForce 6610 XL,88
GeForce 6700 XL,95
GeForce 6800,112
GeForce 6800 GS,191
GeForce 6800 GS/XT,102
GeForce 6800 GT,142
GeForce 6800 LE,109
GeForce 6800 Ultra,138
GeForce 6800 XE,58
GeForce 6800 XT,120
GeForce 7000M,13
GeForce 7000M / nForce 610M,12
GeForce 7025 / nForce 630a,33
GeForce 7050 / nForce 610i,25
GeForce 7050 / nForce 620i,39
GeForce 7050 / nForce 630i,37
GeForce 7050 PV / nForce 630a,30
GeForce 7100 / nForce 620i,26
GeForce 7100 / nForce 630i,43
GeForce 7100 GS,51
GeForce 7150 / nForce 630i,33
GeForce 7150M / nForce 630M,18
GeForce 7200 GS,23
GeForce 7300 GS,80
GeForce 7300 GT,122
GeForce 7300 LE,81
GeForce 7300 SE,39
GeForce 7300 SE/7200 GS,49
GeForce 7350 LE,74
GeForce 7500 LE,91
GeForce 7600 GS,166
GeForce 7600 GT,234
GeForce 7650 GS,134
GeForce 7800 GS,177
GeForce 7800 GT,244
GeForce 7800 GTX,268
GeForce 7900 GS,262
GeForce 7900 GT,258
GeForce 7900 GT/GTO,247
GeForce 7900 GTX,387
GeForce 7950 GT,344
GeForce 7950 GX2,267
GeForce 7950 Xtreme,287
GeForce 8100 / nForce 720a,79
GeForce 8200,163
GeForce 8200M G,65
GeForce 8300,101
GeForce 8300 GS,115
GeForce 8400,81
GeForce 8400 GS,170
GeForce 8400 SE,68
GeForce 8400M G,105
GeForce 8400M GS,100
GeForce 8400M GT,88
GeForce 8500 GT,170
GeForce 8600 GS,179
GeForce 8600 GT,145
GeForce 8600 GTS,185
GeForce 8600M GS,88
GeForce 8600M GT,163
GeForce 8700M GT,124
GeForce 8800 GS,330
GeForce 8800 GT,454
GeForce 8800 GTS,400
GeForce 8800 GTS 512,549
GeForce 8800 GTX,555
GeForce 8800 Ultra,642
GeForce 8800M GTS,382
GeForce 8800M GTX,462
GeForce 9100,81
GeForce 9100M G,83
GeForce 9200,168
GeForce 9200M GE,143
GeForce 9200M GS,129
GeForce 9300,126
GeForce 9300 / nForce 730i,128
GeForce 9300 GE,115
GeForce 9300 GS,102
GeForce 9300 SE,81
GeForce 9300GE,97
GeForce 9300M G,84
GeForce 9300M GS,142
GeForce 9400,146
GeForce 9400 GT,197
GeForce 9400M,101
GeForce 9400M G,174
GeForce 9450,104
GeForce 9500 GS,215
GeForce 9500 GT,191
GeForce 9500M,103
GeForce 9500M G,121
GeForce 9500M GS,132
GeForce 9600 GS,281
GeForce 9600 GSO,323
GeForce 9600 GSO 512,329
GeForce 9600 GT,470
GeForce 9600M GS,154
GeForce 9600M GT,163
GeForce 9600M GT / GeForce GT 220M,293
GeForce 9650M GS,270
GeForce 9650M GT,137
GeForce 9700M GT,327
GeForce 9700M GTS,311
GeForce 9800 GT,443
GeForce 9800 GT 1024MB,134
GeForce 9800 GTX,769
GeForce 9800 GTX+,488
GeForce 9800 GTX/9800 GTX+,570
GeForce 9800 GX2,612
GeForce 9800 S,635
GeForce 9800M GS,488
GeForce 9800M GT,381
GeForce 9800M GTS,349
GeForce 9800M GTX,454
GeForce FX 5100,7
GeForce FX 5200,7
GeForce FX 5200 Ultra,12
GeForce FX 5200LE,7
GeForce FX 5200SE,11
GeForce FX 5500,8
GeForce FX 5600,12
GeForce FX 5600 Ultra,17
GeForce FX 5600XT,9
GeForce FX 5700,40
GeForce FX 5700 Ultra,34
GeForce FX 5700LE,24
GeForce FX 5700VE,33
GeForce FX 5900,34
GeForce FX 5900 Ultra,41
GeForce FX 5900XT,40
GeForce FX 5900ZT,32
GeForce FX 5950 Ultra,59
GeForce FX Go5300,12
GeForce FX Go5650,16
GeForce FX Go5700,51
GeForce FX Go 5200,8
GeForce FX Go 5600,17
GeForce G100,176
GeForce G102M,169
GeForce G105M,133
GeForce G200,136
GeForce G205M,125
GeForce G210,156
GeForce G210M,135
GeForce G 103M,62
GeForce G 105M,99
GeForce Go 6100,17
GeForce Go 6150,19
GeForce Go 6200,15
GeForce Go 6400,24
GeForce Go 6600,69
GeForce Go 6600 TE/6200 TE,44
GeForce Go 6800,106
GeForce Go 6800 Ultra,137
GeForce Go 7200,45
GeForce Go 7300,52
GeForce Go 7400,65
GeForce Go 7600,127
GeForce Go 7600 GT,210
GeForce Go 7700,147
GeForce Go 7800,114
GeForce Go 7800 GTX,209
GeForce Go 7900 GS,177
GeForce Go 7900 GTX,270
GeForce Go 7950 GTX,263
GeForce GPU,1153
GeForce GT625M,421
GeForce GT 120,186
GeForce GT 120 / 9500 GT,324
GeForce GT 120M,150
GeForce GT 130,381
GeForce GT 130M,168
GeForce GT 140,657
GeForce GT 220,223
GeForce GT 220M,207
GeForce GT 230,323
GeForce GT 230M,219
GeForce GT 240,474
GeForce GT 240M,211
GeForce GT 320,470
GeForce GT 320M,113
GeForce GT 325M,169
GeForce GT 330,397
GeForce GT 330M,218
GeForce GT 335M,366
GeForce GT 340,738
GeForce GT 415,251
GeForce GT 415M,286
GeForce GT 420,436
GeForce GT 420M,391
GeForce GT 425M,499
GeForce GT 430,596
GeForce GT 435M,535
GeForce GT 440,771
GeForce GT 445M,789
GeForce GT 520,323
GeForce GT 520M,288
GeForce GT 520MX,288
GeForce GT 525M,454
GeForce GT 530,652
GeForce GT 540M,471
GeForce GT 545,1122
GeForce GT 550M,553
GeForce GT 555M,648
GeForce GT 610,336
GeForce GT 610M / GT 620M / GT 710M / GT 720M / GT,368
GeForce GT 620,395
GeForce GT 620M,426
GeForce GT 625,378
GeForce GT 625M,484
GeForce GT 630,685
GeForce GT 630M,515
GeForce GT 635,810
GeForce GT 635M,534
GeForce GT 640,1164
GeForce GT 640M,884
GeForce GT 640M LE,689
GeForce GT 645,2005
GeForce GT 645M,948
GeForce GT 650M,1181
GeForce GT 705,370
GeForce GT 710,618
GeForce GT 710M,424
GeForce GT 720,661
GeForce GT 720A,566
GeForce GT 720M,437
GeForce GT 730,825
GeForce GT 730A,742
GeForce GT 730M,809
GeForce GT 735M,659
GeForce GT 740,1420
GeForce GT 740A,710
GeForce GT 740M,775
GeForce GT 745A,1225
GeForce GT 745M,1078
GeForce GT 750M,1329
GeForce GT 755M,1728
GeForce GT 820M,537
GeForce GT 1010,972
GeForce GT 1030,2399
GeForce GTS 150M,504
GeForce GTS 160M,678
GeForce GTS 240,515
GeForce GTS 250,563
GeForce GTS 250M,519
GeForce GTS 350M,380
GeForce GTS 360M,631
GeForce GTS 450,1347
GeForce GTX 260,1201
GeForce GTX 260M,382
GeForce GTX 275,1349
GeForce GTX 280,1293
GeForce GTX 280M,651
GeForce GTX 285,1476
GeForce GTX 285M,584
GeForce GTX 295,1220
GeForce GTX 460,2264
GeForce GTX 460 SE,1990
GeForce GTX 460 v2,2064
GeForce GTX 460M,1221
GeForce GTX 465,2645
GeForce GTX 470,3165
GeForce GTX 470M,1953
GeForce GTX 480,4078
GeForce GTX 480M,1653
GeForce GTX 485M,2359
GeForce GTX 550 Ti,1558
GeForce GTX 555,1601
GeForce GTX 560,2776
GeForce GTX 560 SE,1847
GeForce GTX 560 Ti,3079
GeForce GTX 560M,1289
GeForce GTX 570,3936
GeForce GTX 570M,1859
GeForce GTX 580,4629
GeForce GTX 580M,1850
GeForce GTX 590,3341
GeForce GTX 645,1877
GeForce GTX 650,1758
GeForce GTX 650 Ti,2535
GeForce GTX 650 Ti BOOST,3409
GeForce GTX 660,4048
GeForce GTX 660 Ti,4412
GeForce GTX 660M,1439
GeForce GTX 670,5366
GeForce GTX 670M,1712
GeForce GTX 670MX,1977
GeForce GTX 675M,1857
GeForce GTX 675MX,3137
GeForce GTX 680,5603
GeForce GTX 680M,3276
GeForce GTX 680M KY_Bullet Edition,3568
GeForce GTX 680MX,3799
GeForce GTX 690,5465
GeForce GTX 745,2119
GeForce GTX 750,3294
GeForce GTX 750 Ti,3899
GeForce GTX 760,4823
GeForce GTX 760 Ti,5306
GeForce GTX 760 Ti OEM,5474
GeForce GTX 760A,1071
GeForce GTX 760M,1740
GeForce GTX 765M,2004
GeForce GTX 770,5962
GeForce GTX 770M,2790
GeForce GTX 775M,3950
GeForce GTX 780,7959
GeForce GTX 780 Ti,9454
GeForce GTX 780M,3897
GeForce GTX 850A,767
GeForce GTX 850M,2534
GeForce GTX 850M - MODDED,1091
GeForce GTX 860M,3096
GeForce GTX 870M,3554
GeForce GTX 880M,3844
GeForce GTX 950,5353
GeForce GTX 950A,2598
GeForce GTX 950M,2577
GeForce GTX 960,6142
GeForce GTX 960A,3464
GeForce GTX 960M,3373
GeForce GTX 965M,3874
GeForce GTX 970,9639
GeForce GTX 970M,5729
GeForce GTX 970XM FORCE,6706
GeForce GTX 980,11077
GeForce GTX 980 Ti,13641
GeForce GTX 980M,7388
GeForce GTX 1050,5047
GeForce GTX 1050 3GB,5114
GeForce GTX 1050 (Mobile),4462
GeForce GTX 1050 Ti,6363
GeForce GTX 1050 Ti (Mobile),5917
GeForce GTX 1050 Ti with Max-Q Design,5313
GeForce GTX 1050 with Max-Q Design,3898
GeForce GTX 1060,10043
GeForce GTX 1060 3GB,9840
GeForce GTX 1060 5GB,9180
GeForce GTX 1060 (Mobile),8160
GeForce GTX 1060 with Max-Q Design,7820
GeForce GTX 1070,13513
GeForce GTX 1070 (Mobile),10465
GeForce GTX 1070 Ti,14669
GeForce GTX 1070 with Max-Q Design,9773
GeForce GTX 1080,15606
GeForce GTX 1080 Ti,18591
GeForce GTX 1080 with Max-Q Design,11679
GeForce GTX 1630,4983
GeForce GTX 1650,7872
GeForce GTX 1650 (Mobile),6968
GeForce GTX 1650 SUPER,10188
GeForce GTX 1650 Ti,7534
GeForce GTX 1650 Ti with Max-Q Design,6639
GeForce GTX 1650 with Max-Q Design,6353
GeForce GTX 1660,11615
GeForce GTX 1660 SUPER,12680
GeForce GTX 1660 Ti,12624
GeForce GTX 1660 Ti (Mobile),10096
GeForce GTX 1660 Ti with Max-Q Design,8605
GeForce GTX Titan,8196
GeForce GTX TITAN Black,9183
GeForce GTX TITAN X,12557
GeForce GTX TITAN Z,8896
GeForce MX110,1410
GeForce MX130,1800
GeForce MX150,2251
GeForce MX230,1815
GeForce MX250,2374
GeForce MX330,2336
GeForce MX350,2818
GeForce MX450,3717
GeForce MX550,4439
GeForce MX570,5812
GeForce MX570 A,6282
GeForce PCX 5300,6
GeForce PCX 5750,34
GeForce PCX 5900,34
GeForce RTX 2050,7711
GeForce RTX 2060,14091
GeForce RTX 2060 12GB,15923
GeForce RTX 2060 (Mobile),11352
GeForce RTX 2060 SUPER,16462
GeForce RTX 2060 with Max-Q Design,9621
GeForce RTX 2070,16063
GeForce RTX 2070 (Mobile),12357
GeForce RTX 2070 SUPER,18138
GeForce RTX 2070 Super with Max-Q Design,13412
GeForce RTX 2070 with Max-Q Design,11396
GeForce RTX 2080,18588
GeForce RTX 2080 (Mobile),15013
GeForce RTX 2080 SUPER,19442
GeForce RTX 2080 Super with Max-Q Design,13467
GeForce RTX 2080 Ti,21457
GeForce RTX 2080 with Max-Q Design,12705
GeForce RTX 3050 4GB Laptop GPU,9500
GeForce RTX 3050 6GB,10759
GeForce RTX 3050 6GB Laptop GPU,10129
GeForce RTX 3050 8GB,12495
GeForce RTX 3050 A Laptop GPU,10876
GeForce RTX 3050 Laptop GPU,12003
GeForce RTX 3050 OEM,11887
GeForce RTX 3050 Ti Laptop GPU,10079
GeForce RTX 3060,16980
GeForce RTX 3060 8GB,15246
GeForce RTX 3060 12GB,16730
GeForce RTX 3060 Laptop GPU,13124
GeForce RTX 3060 Ti,20258
GeForce RTX 3070,22113
GeForce RTX 3070 Laptop GPU,15079
GeForce RTX 3070 Ti,23226
GeForce RTX 3070 Ti Laptop GPU,17420
GeForce RTX 3080,25007
GeForce RTX 3080 12GB,26564
GeForce RTX 3080 Laptop GPU,16121
GeForce RTX 3080 Ti,26760
GeForce RTX 3080 Ti Laptop GPU,18927
GeForce RTX 3090,26537
GeForce RTX 3090 Ti,29277
GeForce RTX 4050 Laptop GPU,14263
GeForce RTX 4060,19508
GeForce RTX 4060 Laptop GPU,17377
GeForce RTX 4060 Ti,22610
GeForce RTX 4060 Ti 16GB,22628
GeForce RTX 4070,26899
GeForce RTX 4070 Laptop GPU,19509
GeForce RTX 4070 SUPER,29955
GeForce RTX 4070 Ti,31566
GeForce RTX 4070 Ti SUPER,31816
GeForce RTX 4080,34449
GeForce RTX 4080 Laptop GPU,24747
GeForce RTX 4080 SUPER,34264
GeForce RTX 4090,38076
GeForce RTX 4090 D,30969
GeForce RTX 4090 Laptop GPU,27063
GeForce RTX 5050,17125
GeForce RTX 5050 Laptop GPU,14314
GeForce RTX 5060,20776
GeForce RTX 5060 Laptop GPU,16793
GeForce RTX 5060 Ti 8GB,22221
GeForce RTX 5060 Ti 16GB,22632
GeForce RTX 5070,28734
GeForce RTX 5070 Laptop GPU,19163
GeForce RTX 5070 Ti,32421
GeForce RTX 5070 Ti Laptop GPU,22648
GeForce RTX 5080,35694
GeForce RTX 5080 Laptop GPU,26351
GeForce RTX 5090,38951
GeForce RTX 5090 D,41452
GeForce RTX 5090 D v2,32935
GeForce RTX 5090 Laptop GPU,28254
GF117,554
Glenfly Arise-GT-10C0,1007
GRID GTX P40-6,4340
GRID K1,650
GRID K2,2736
GRID K120Q,293
GRID K140Q,727
GRID K160Q,628
GRID K180Q,533
GRID K220Q,912
GRID K240Q,2541
GRID K260Q,2949
GRID K280Q,2839
GRID K520,3516
GRID M6-0B,911
GRID M6-1Q,2069
GRID M6-8Q,3568
GRID M10-0B,870
GRID M10-0Q,795
GRID M10-1B,1503
GRID M10-1Q,2384
GRID M10-2B,1643
GRID M10-2Q,2691
GRID M10-4Q,2936
GRID M10-8Q,2595
GRID M60-0B,1838
GRID M60-0Q,827
GRID M60-1B,2256
GRID M60-1Q,3694
GRID M60-2Q,5203
GRID M60-4A,2450
GRID M60-4Q,3831
GRID M60-8A,5523
GRID M60-8Q,3883
GRID P4-1B,2151
GRID P4-1Q,729
GRID P4-2B4,2753
GRID P4-2Q,3162
GRID P4-4Q,6234
GRID P4-8A,3206
GRID P4-8Q,5283
GRID P6-2Q,3925
GRID P6-4Q,4429
GRID P40-1A,2893
GRID P40-1B,3690
GRID P40-1Q,3839
GRID P40-2B,9842
GRID P40-2B4,6501
GRID P40-2Q,9580
GRID P40-3Q,6569
GRID P40-4Q,5926
GRID P40-8Q,7507
GRID P40-12Q,5540
GRID P40-24Q,7056
GRID P100-1B,2223
GRID P100-8Q,3345
GRID P100-16Q,4625
GRID RTX6000-1B,8473
GRID RTX6000-1Q,12616
GRID RTX6000-6Q,21986
GRID RTX6000P-2B,3343
GRID RTX6000P-6Q,4777
GRID T4-1B,1159
GRID T4-1Q,3302
GRID T4-2B,2730
GRID T4-2Q,3798
GRID T4-4Q,3717
GRID T4-8Q,4753
GRID T4-16Q,4490
GRID V100-8Q,16
GRID V100D-8Q,4155
GT 430,223
ICE DISPLAY WDDM DRIVER,1805
IncrediblE HD,389
IncrediblE HD 4000,517
IncrediblE HD 4600,749
Intel 2nd Generation SandyBridge HD,169
Intel 2nd Generation SandyBridge HD 3000,205
Intel 4th Generation Haswell HD,419
Intel 865 Embedded Controller,3
"Intel 915G,910G Express",4
Intel 915G/915GV/910GL Embedded Controller Functio,4
Intel 945G Embedded Chipset Function 0,4
Intel 946GZ Embedded Chipset,3
Intel 946GZ Express,2
Intel 82845G Controller,2
Intel 82845G/GL Controller,2
Intel 82845G/GL/GE/PE/GV Controller,2
Intel 82852/82855 GM/GME Controller,1
Intel 82865G Controller,4
Intel 82915G Express,5
Intel 82915G/915GV/910GL,3
Intel 82915G/GV/910GL Advanced v3.5,2
Intel 82915G/GV/910GL Express,3
Intel 82945G Express,9
Intel 82945G Express-Chipsatzfamilie,8
Intel - Express Chipset G41,56
Intel - Express Chipset Q45/Q43,57
Intel Arc,5481
Intel Arc 130T GPU,6150
Intel Arc 130V GPU,4499
Intel Arc 140T,5634
Intel Arc 140T GPU,6620
Intel Arc 140V GPU,5136
Intel Arc 140V GPU RI,4848
Intel Arc A310,5461
Intel Arc A310 LP,4889
Intel Arc A370M,5115
Intel Arc A380,6304
Intel Arc A380E,6290
Intel Arc A530M,8044
Intel Arc A580,12041
Intel Arc A730M,9808
Intel Arc A750,12620
Intel Arc A770,13352
Intel Arc A770M,11879
Intel Arc B370 GPU,8105
Intel Arc B390 GPU,8969
Intel Arc B570,14079
Intel Arc B580,15971
Intel Arc GPU,9445
Intel Arc Pro,5816
Intel Arc Pro 130T GPU,6129
Intel Arc Pro 140T GPU,6608
Intel Arc Pro A40/A50,5697
Intel Arc Pro A60,9797
Intel Arc Pro B50,12505
Intel Arc Pro B60,15171
Intel Arc Pro B70,18846
Intel Arc Pro B390 GPU,9594
Intel B43 Express Chipset,138
Intel Coffee Lake UHD,1158
Intel Extreme Controller,1
Intel G33/G31 Express,31
Intel G35 Express,90
Intel G41 Express Chipset,152
Intel G41 Express-Chipsatz,57
Intel G45/G43 Express Chipset,147
Intel G45/G43/G41 Express Chipset,67
Intel G965 Express,195
Intel GMA 3150 Express,2
Intel Graphics,3195
Intel Haswell HD - GT1,123
Intel Haswell HD - GT2,139
Intel HD 500,301
Intel HD 505,361
Intel HD 510,622
Intel HD 515,636
Intel HD 520,859
Intel HD 530,988
Intel HD 610,671
Intel HD 615,687
Intel HD 630,1112
Intel HD 2000,213
Intel HD 3000,260
Intel HD 4000,341
Intel HD 4400,532
Intel HD 4600,632
Intel HD 4600 manual-gen9_2015-134121,652
Intel HD 5000,590
Intel HD 5200,830
Intel HD 5300,406
Intel HD 5500,596
Intel HD 5600,1868
Intel HD 6000,878
Intel HD Family,465
Intel HD Graphics 620,918
Intel HD manual-15.28-1861,62
Intel HD manual-gen9_2015-133271,165
Intel HD Modded,112
Intel HD P530,1154
Intel HD P630,1282
Intel HD P3000,281
Intel HD P4000,516
Intel HD P4600,505
Intel HD P4600/P4700,627
Intel Infoshock HD,193
Intel Iris 540,1275
Intel Iris 550,1462
Intel Iris 650,1432
Intel Iris 5100,731
Intel Iris 6100,901
Intel Iris Plus,1782
Intel Iris Plus 640,1361
Intel Iris Plus 645,1743
Intel Iris Plus 650,1596
Intel Iris Plus 655,1724
Intel Iris Pro 580,1966
Intel Iris Pro 5200,1176
Intel Iris Pro 6100,925
Intel Iris Pro Graphics 6200,1524
Intel Iris Pro P580,2025
Intel Iris Pro P6300,1591
Intel Iris Xe,2599
Intel Iris Xe MAX,1858
Intel Iris Xe MAX 100,1863
Intel Media Accelerator,32
Intel Media Accelerator 500,3
Intel Media Accelerator 600,6
Intel Media Accelerator 3150,2
Intel Media Accelerator HD,112
Intel Poison Ivy,738
Intel Q33 Express,6
Intel Q35 Embedded,8
Intel Q35 Express,56
Intel Q45/Q43 Express Chipset,200
Intel Q45/Q43 Express-Chipsatz,57
Intel Q965/Q963 Express,115
Intel Skylake HD DT GT2,576
Intel UHD 630,614
Intel UHD 770,1065
Intel UHD Graphics,1527
Intel UHD Graphics 600,311
Intel UHD Graphics 605,363
Intel UHD Graphics 610,683
Intel UHD Graphics 615,717
Intel UHD Graphics 617,816
Intel UHD Graphics 620,1041
Intel UHD Graphics 630,1227
Intel UHD Graphics 710,1049
Intel UHD Graphics 730,1542
Intel UHD Graphics 750,1685
Intel UHD Graphics 770,1905
Intel UHD Graphics P630,1754
Intel UHD Graphics P750,1669
Intel US15 Embedded Media and Controller,7
ION,108
ION LE,97
L4,10153
L4-1B,1263
L4-1Q,258
L4-2A,3063
L4-2B,1674
L4-2Q,4198
L4-4Q,4731
L4-6Q,4033
L4-8Q,7114
L20-8Q,24277
L40-8Q,7899
L40S,20022
L40S-1Q,2046
L40S-6Q,6587
L40S-8Q,5287
L40S-12Q,8601
L40S-24Q,3257
LuminonCore IDDCX Adapter,6479
M860G with Mobility Radeon 4100,75
M880G with Mobility Radeon HD 4200,92
M880G with Mobility Radeon HD 4225,71
M880G with Mobility Radeon HD 4250,104
Master X3100 Driver,10
Matrox C420 LP PCIe x16,597
Matrox C680 PCIe x16,1803
Matrox C900 PCIe x16,1812
Matrox G200e WDDM 1.2,59
Matrox G200e WDDM 2.0,100
Matrox G200eh,40
Matrox G200eh WDDM 1.2,51
Matrox G200eh WDDM 2.0,54
Matrox G200eR,36
Matrox G200eR WDDM 1.2,45
Matrox G200eR WDDM 2.0,67
Matrox G200eW,39
Matrox G200eW3 WDDM 2.0,89
Matrox G200eW WDDM 1.2,50
Matrox LUMA A310,3690
Matrox LUMA A310F,3873
Matrox LUMA A380P,5811
Matrox M9120 PCIe x16,19
Matrox M9120 Plus LP PCIe x16,25
Matrox M9125 PCIe x16,25
Matrox M9128 LP PCIe x16,31
Matrox M9138 LP PCIe x16,433
Matrox M9140 LP PCIe x16,23
Matrox M9148 LP PCIe x16,40
Matrox M9188 ATX PCIe x16,45
Matrox Millennium P650 PCIe 128,5
Matrox Millennium P690 PCIe x16,366
Matrox Millennium P690 Plus LP PCIe x16,6
Matrox Parhelia 128MB,3
Matrox Parhelia 256MB,9
Matrox Parhelia APVe,5
MEDION RADEON 9800 XXL,71
MEDION RADEON X740XL,94
Mi Pad 5 Adreno 640 GPU,659
Miracast display port driver V3,8421
Mirage Driver,1261
MIRRORV3,1080
Mobile Intel965 Express,17
Mobile Intel 4 Express-Chipsatzfamilie,44
Mobile Intel 45 Express,37
Mobile Intel 45 Express-Chipsatzfamilie,117
Mobile Intel 915GM/GMS/910GML Express,1
Mobile Intel 945 Express,1
Mobile Intel 945GM Express,5
Mobile Intel 945GM/GU Express,5
Mobile Intel 965 Express,45
Mobile Intel 965 Express - BR-0907-0461 v1839,8
Mobile Intel 965 Express-Chipsatzfamilie,24
Mobile Intel - famiglia Express Chipset 45,38
Mobile Intel HD,244
Mobile Intel serie 4 Express,44
MOBILITY FIREGL 7800,4
MOBILITY FIREGL T2,40
MOBILITY FIREGL T2/T2e,33
MOBILITY FireGL V3200,62
MOBILITY FireGL V5000,81
MOBILITY FireGL V5200,44
MOBILITY FireGL V5250,27
Mobility FireGL V5725,219
MOBILITY IGP 9000/9100,10
Mobility Radeon 4100,81
MOBILITY RADEON 7000 IGP,6
MOBILITY RADEON 7500,3
MOBILITY RADEON 9000,3
MOBILITY RADEON 9000 IGP,7
MOBILITY RADEON 9000/9100 IGP,5
MOBILITY RADEON 9100 IGP,2
MOBILITY RADEON 9200,3
MOBILITY RADEON 9550,30
MOBILITY RADEON 9600,36
MOBILITY RADEON 9600 PRO TURBO,24
MOBILITY RADEON 9600/9700,39
MOBILITY RADEON 9700,27
MOBILITY RADEON 9800,46
Mobility Radeon HD 530v,174
Mobility Radeon HD 540v,188
Mobility Radeon HD 545v,199
Mobility Radeon HD 550v,266
Mobility Radeon HD 560v,318
Mobility Radeon HD 565v,353
Mobility Radeon HD 2300,50
Mobility Radeon HD 2400,89
Mobility Radeon HD 2400 XT,102
Mobility Radeon HD 2600,167
Mobility Radeon HD 2600 XT,191
Mobility Radeon HD 3400 Serisi,111
Mobility Radeon HD 3410,62
Mobility Radeon HD 3430,98
Mobility Radeon HD 3450,91
Mobility Radeon HD 3470,93
Mobility Radeon HD 3470 Hybrid X2,93
Mobility Radeon HD 3650,139
Mobility Radeon HD 3670,232
Mobility Radeon HD 3850,365
Mobility Radeon HD 3870,547
Mobility Radeon HD 3870 X2,477
Mobility Radeon HD 4200,90
Mobility Radeon HD 4225,66
Mobility Radeon HD 4250,98
Mobility Radeon HD 4270,92
Mobility Radeon HD 4300 Serisi,73
Mobility Radeon HD 4330,135
Mobility Radeon HD 4350,148
Mobility Radeon HD 4550,191
Mobility Radeon HD 4570,149
Mobility Radeon HD 4650,401
Mobility Radeon HD 4670,463
Mobility Radeon HD 4830,511
Mobility Radeon HD 4850,866
Mobility Radeon HD 4870,719
Mobility Radeon HD 5000,773
Mobility Radeon HD 5000 Serisi,478
Mobility Radeon HD 5165,284
Mobility Radeon HD 5430,181
Mobility Radeon HD 5450,214
Mobility Radeon HD 5470,236
Mobility Radeon HD 5570,525
Mobility Radeon HD 5650,439
Mobility Radeon HD 5730,507
Mobility Radeon HD 5850,763
Mobility Radeon HD 5870,1077
Mobility Radeon HD serie 4200,96
MOBILITY RADEON X300,33
MOBILITY RADEON X600,50
MOBILITY RADEON X600 SE,49
MOBILITY RADEON X700,66
MOBILITY RADEON X700 XL,59
Mobility Radeon X1300,39
Mobility Radeon X1350,39
Mobility Radeon X1400,42
Mobility Radeon X1450,33
Mobility Radeon X1600,92
Mobility Radeon X1700,104
MOBILITY RADEON X1800,130
Mobility Radeon X1900,134
Mobility Radeon X2300,48
Mobility Radeon X2300 HD,48
Mobility Radeon X2500,81
MOBILITY RADEON XPRESS 200,27
Mobility Radeon. HD 5470,215
MOBILITY/RADEON 9000,4
MONSTER GeForce GTX 675M,2637
Moore Threads MTT S70,1914
Moore Threads MTT S80,2380
Moore Threads S3000 MTvGPU-1132,1997
MS Idd Device,1276
MxGPU,1282
N16P-GX,1204
N18E-Q1,2525
nForce 750a SLI,83
nForce 760i SLI,140
nForce 780a SLI,92
nForce 980a/780a SLI,164
NV44,15
NVIDIA A10,21687
NVIDIA A10-4Q,2751
NVIDIA A10G,17660
NVIDIA A40,13900
NVIDIA A40-4Q,4406
NVIDIA A40-8Q,4251
NVIDIA A40-12Q,4335
NVIDIA GeForce3 Ti200,5
nVidia L40,27355
nVidia L40-4Q,32600
nVidia L40-48Q,33269
nVidia L40S-4Q,7687
NVIDIA T500,3618
NVIDIA T600,6364
NVIDIA T600 Laptop GPU,7048
NVIDIA T1000,7651
NVIDIA T1000 8GB,7676
NVIDIA T1200 Laptop GPU,7829
NVIDIA TITAN X,13659
NVIDIA TITAN Xp,18753
NVS 300,119
NVS 310,291
NVS 315,336
NVS 510,677
NVS 810,1146
NVS 2100M,136
NVS 3100M,125
NVS 4200M,310
NVS 5100M,199
NVS 5200M,493
NVS 5400M,613
OPAL XT/GL,1053
OrayIddDriver Device,13177
P102-100,3702
P104-100,3668
P106-090,2684
P106-100,6727
PCI\VEN_1002&DEV_164E&SUBSYS_D0001458&REV_C3 Ryzen,1653
PCI\VEN_1002&DEV_164E&SUBSYS_D0001458&REV_C7 Ryzen,4338
PHDGD Ivy 4,374
PHDGD Ivy 5,445
PHDGD Quantic C3,116
PHDGD Sapphire GR for Mobile Intel 965,25
PHDGD Solo 1.2.0 x86,11
PHDGD Solo 2 x64,20
Q12U-1,5164
Quadro2 MXR/EX,4
Quadro2 Pro,1
Quadro4 380 XGL,6
Quadro4 900 XGL,4
Quadro4 980 XGL,5
Quadro 280 NVS PCIe,5
Quadro 400,148
Quadro 410,434
Quadro 500M,570
Quadro 600,518
Quadro 1000M,553
Quadro 1100M,755
Quadro 2000,945
Quadro 2000 D,1239
Quadro 2000D,980
Quadro 2000M,759
Quadro 2100M,1100
Quadro 3000M,1007
Quadro 4000,1471
Quadro 4000M,1295
Quadro 5000,1963
Quadro 5000M,2059
Quadro 5010M,1691
Quadro 6000,2698
Quadro 7000,3505
Quadro CX,947
Quadro FX 350,85
Quadro FX 350M,44
Quadro FX 360M,86
Quadro FX 370,83
Quadro FX 370 Low Profile,102
Quadro FX 370 LP,108
Quadro FX 370M,93
Quadro FX 380,206
Quadro FX 380 LP,144
Quadro FX 380M,120
Quadro FX 500/600 PCI,14
Quadro FX 500/FX 600,7
Quadro FX 540,80
Quadro FX 550,63
Quadro FX 560,113
Quadro FX 570,257
Quadro FX 570M,99
Quadro FX 580,202
Quadro FX 770M,212
Quadro FX 880M,237
Quadro FX 1000,34
Quadro FX 1100,35
Quadro FX 1300,34
Quadro FX 1400,124
Quadro FX 1500,169
Quadro FX 1500M,171
Quadro FX 1600M,194
Quadro FX 1700,211
Quadro FX 1700M,172
Quadro FX 1800,395
Quadro FX 1800M,478
Quadro FX 2000,18
Quadro FX 2500M,217
Quadro FX 2700,543
Quadro FX 2700M,366
Quadro FX 2800M,414
Quadro FX 3000,69
Quadro FX 3400/4400,104
Quadro FX 3450,148
Quadro FX 3450/4000 SDI,205
Quadro FX 3500,265
Quadro FX 3500M,306
Quadro FX 3600M,466
Quadro FX 3700,371
Quadro FX 3700M,444
Quadro FX 3800,825
Quadro FX 3800M,555
Quadro FX 4000,101
Quadro FX 4500,227
Quadro FX 4500 X2,236
Quadro FX 4600,395
Quadro FX 4700 X2,676
Quadro FX 4800,1007
Quadro FX 5500,242
Quadro FX 5600,517
Quadro FX 5800,1210
Quadro FX Go1400,101
Quadro GP100,13982
Quadro GV100,18623
Quadro K420,721
Quadro K510M,641
Quadro K600,717
Quadro K610M,713
Quadro K620,2205
Quadro K620M,1174
Quadro K1000M,746
Quadro K1100M,1087
Quadro K1200,2958
Quadro K2000,1582
Quadro K2000D,1608
Quadro K2000M,995
Quadro K2100M,1372
Quadro K2200,3578
Quadro K2200M,3533
Quadro K3000M,1623
Quadro K3100M,2312
Quadro K4000,2716
Quadro K4000M,2075
Quadro K4100M,2768
Quadro K4200,4339
Quadro K5000,4000
Quadro K5000M,2804
Quadro K5100M,3340
Quadro K5200,6172
Quadro K6000,8018
Quadro M500M,1176
Quadro M520,1924
Quadro M600M,2249
Quadro M620,2752
Quadro M1000M,2829
Quadro M1200,3190
Quadro M2000,4046
Quadro M2000M,3398
Quadro M2200,4259
Quadro M3000M,5547
Quadro M4000,6675
Quadro M4000M,6080
Quadro M5000,9374
Quadro M5000M,7067
Quadro M5500,7915
Quadro M6000,11709
Quadro M6000 24GB,11486
Quadro NVS 55/280 PCI,6
Quadro NVS 110M,47
Quadro NVS 120M,46
Quadro NVS 130M,97
Quadro NVS 135M,50
Quadro NVS 140M,78
Quadro NVS 150M,70
Quadro NVS 160M,145
Quadro NVS 210S,23
Quadro NVS 210S / GeForce 6150LE,20
Quadro NVS 280 PCI,8
Quadro NVS 280 SD,2
Quadro NVS 285,44
Quadro NVS 285 128MB,38
Quadro NVS 290,228
Quadro NVS 295,113
Quadro NVS 320M,208
Quadro NVS 420,137
Quadro NVS 440,37
Quadro NVS 450,66
Quadro NVS 510M,238
Quadro P400,1667
Quadro P500,1650
Quadro P520,2016
Quadro P600,3335
Quadro P620,3708
Quadro P1000,4504
Quadro P2000,7009
Quadro P2000 with Max-Q Design,5346
Quadro P2200,9413
Quadro P3000,6345
Quadro P3200,8513
Quadro P3200 with Max-Q Design,9178
Quadro P4000,11416
Quadro P4000 with Max-Q Design,9082
Quadro P4200,10135
Quadro P4200 with Max-Q Design,11472
Quadro P5000,12649
Quadro P5200,11239
Quadro P5200 with Max-Q Design,12464
Quadro P6000,15459
Quadro RTX 3000,10652
Quadro RTX 3000 with Max-Q Design,8155
Quadro RTX 4000,14857
Quadro RTX 4000 (Mobile),11692
Quadro RTX 4000 with Max-Q Design,12200
Quadro RTX 5000,15336
Quadro RTX 5000 (Mobile),14832
Quadro RTX 5000 with Max-Q Design,12648
Quadro RTX 6000,17829
Quadro RTX 8000,19911
Quadro T1000,6510
Quadro T1000 with Max-Q Design,6635
Quadro T2000,7281
Quadro T2000 with Max-Q Design,7021
Qualcomm Adreno 7c Gen 3 GPU,777
Qualcomm Adreno 7c+ Gen 3,707
Qualcomm Adreno 8cx Gen 3,1950
Qualcomm Adreno 8cx Gen 3 GPU,1932
Qualcomm Adreno 540 GPU,125
Qualcomm Adreno 618 GPU,129
Qualcomm Adreno 630 GPU,292
Qualcomm Adreno 675 GPU,551
Qualcomm Adreno 680 GPU,907
Qualcomm Adreno 685 GPU,921
Qualcomm Adreno 690 GPU,1087
Qualcomm Adreno X1-45 GPU,1892
Qualcomm Adreno X1-85 GPU,3055
Qualcomm Adreno X2-45 GPU,3210
Qualcomm Adreno X2-90 GPU,7389
QXL KMDOD,18
Racer-Tech USB Display Device,13692
Radeon 520,882
Radeon 530,1033
Radeon 535,1049
Radeon 535DX,770
Radeon 540,1465
Radeon 540X,1602
Radeon 550,2119
Radeon 550X,1478
Radeon 610M,1311
Radeon 610M Ryzen 9 7845HX,5947
Radeon 610M Ryzen 9 7940HX,1562
Radeon 610M Ryzen 9 7945HX,1804
Radeon 610M Ryzen 9 7945HX3D,1659
Radeon 610M Ryzen 9 8940HX,2914
Radeon 610M Ryzen 9 8945HX,2522
Radeon 620,937
Radeon 625,1054
Radeon 630,1619
Radeon 660M,3142
Radeon 660M Ryzen 3 7335U,2141
Radeon 660M Ryzen 5 6600H,3043
Radeon 660M Ryzen 5 7533HS,2937
Radeon 660M Ryzen 5 7535HS,3083
Radeon 680M,3864
Radeon 680M Ryzen 7 7735HS,4421
Radeon 680M Ryzen 9 6900HX,5493
Radeon 740M,2965
Radeon 760M,5343
Radeon 780M,6822
Radeon 820M,2240
Radeon 840M,3801
Radeon 860M,4868
Radeon 880M,7654
Radeon 890M,8108
Radeon 2100,59
Radeon 3000,98
Radeon 3015e,352
Radeon 3020e,502
Radeon 3100,73
Radeon 6600M,535
Radeon 6750M,911
Radeon 7000 / Radeon VE,2
RADEON 7000 / RADEON VE Family,3
RADEON 7200,2
RADEON 7500,3
RADEON 7500 Family,4
Radeon 8040S,10431
Radeon 8050S,16168
Radeon 8060S,18163
RADEON 8500 Family,6
RADEON 9000,4
RADEON 9000 Family,3
RADEON 9100 Family,6
RADEON 9100 IGP,5
RADEON 9200,3
RADEON 9200 LE Family,2
RADEON 9200 PRO Family,2
RADEON 9200 SE,2
RADEON 9250,2
RADEON 9500,36
RADEON 9500 PRO / 9700,41
RADEON 9550,34
Radeon 9550 / X1050,29
RADEON 9600 Family,25
RADEON 9600 PRO,42
RADEON 9600 PRO Family,26
RADEON 9600 TX Family,18
RADEON 9600 XT,35
RADEON 9600SE,27
RADEON 9700 PRO,53
Radeon 9700 TX with TV-Out,44
RADEON 9800,57
RADEON 9800 PRO,59
RADEON 9800 SE,23
RADEON 9800 XT,56
RADEON A9800XT,22
Radeon AI PRO R9700,27444
Radeon Athlon 300GE,562
Radeon Athlon Gold 3150U,765
Radeon Athlon Gold PRO 4150GE,1573
Radeon Athlon PRO 3045B,563
Radeon Athlon Silver 3050U,672
RADEON E2400,51
RADEON E4690,405
Radeon E6460,323
Radeon E6465,231
Radeon E6760,850
Radeon E8860,1680
Radeon E8870PCIe,3368
Radeon E9550,5692
Radeon Eng Sample: 100-000000263-50_Y,3975
Radeon Eng Sample: 100-000000285-30_Y,2639
Radeon Eng Sample: 100-000000536-40_Y,4327
Radeon Eng Sample: 100-000000546-40_Y,3306
Radeon EPYC 4124P 4-Core,1260
Radeon EPYC 4244P 6-Core,1120
Radeon EPYC 4344P 8-Core,1448
Radeon EPYC 4364P 8-Core,801
Radeon EPYC 4464P 12-Core,1383
Radeon EPYC 4484PX 12-Core,1619
Radeon EPYC 4564P 16-Core,1226
Radeon EPYC 4584PX 16-Core,1661
Radeon HD4650,239
Radeon HD4670,365
RADEON HD6370D,320
RADEON HD6410D,422
RADEON HD6530D,531
RADEON HD7450,199
Radeon HD8530M,478
Radeon HD8970M,3368
Radeon HD 2350,76
Radeon HD 2400,120
Radeon HD 2400 PCI,14
Radeon HD 2400 Pro,114
Radeon HD 2400 XT,118
Radeon HD 2600 PRO,211
Radeon HD 2600 Pro AGP,110
Radeon HD 2600 XT,282
Radeon HD 2900 GT,292
Radeon HD 2900 PRO,627
Radeon HD 2900 XT,659
Radeon HD 3000,95
Radeon HD 3200,82
Radeon HD 3300,126
Radeon HD 3450,177
Radeon HD 3470,117
Radeon HD 3650 AGP,150
Radeon HD 3670,168
Radeon HD 3850,401
Radeon HD 3850 AGP,432
Radeon HD 3850 X2,822
Radeon HD 3870,551
Radeon HD 3870 X2,586
Radeon HD 4200,111
Radeon HD 4250,122
Radeon HD 4270,109
Radeon HD 4290,140
Radeon HD 4300/4500 Serisi,155
Radeon HD 4330,135
Radeon HD 4350,164
Radeon HD 4550,235
Radeon HD 4650,248
Radeon HD 4650 AGP,207
Radeon HD 4670,381
Radeon HD 4770,908
Radeon HD 4810,774
Radeon HD 4830,865
Radeon HD 4850,947
Radeon HD 4850 X2,1132
Radeon HD 4870,1386
Radeon HD 4870 X2,1309
Radeon HD 4890,1545
Radeon HD 5450,136
Radeon HD 5470,268
Radeon HD 5550,384
Radeon HD 5570,474
Radeon HD 5600/5700,609
Radeon HD 5670,796
Radeon HD 5750,1174
Radeon HD 5770,1348
Radeon HD 5830,1724
Radeon HD 5850,1942
Radeon HD 5870,2182
Radeon HD 5970,2290
Radeon HD 6230,179
Radeon HD 6250,94
Radeon HD 6290,104
Radeon HD 6290M,140
Radeon HD 6300M,143
Radeon HD 6310,122
Radeon HD 6320,147
Radeon HD 6320 Graphic,216
Radeon HD 6320M,198
RADEON HD 6350,140
Radeon HD 6370D,255
Radeon HD 6370M,275
Radeon HD 6380G,200
Radeon HD 6410D,236
Radeon HD 6430M,192
Radeon HD 6450,198
Radeon HD 6450 + 8470D Dual,762
Radeon HD 6450A,260
Radeon HD 6470M,225
Radeon HD 6480G,257
Radeon HD 6480M,353
Radeon HD 6490M,377
Radeon HD 6520G,300
Radeon HD 6530D,337
Radeon HD 6550A,707
Radeon HD 6550D,400
Radeon HD 6570,553
Radeon HD 6610M,565
Radeon HD 6620G,341
Radeon HD 6630M,684
Radeon HD 6650A,835
Radeon HD 6650M,771
Radeon HD 6670,730
Radeon HD 6670 + 6670 Dual,646
Radeon HD 6670 + 7660D Dual,1492
Radeon HD 6670/7670,945
Radeon HD 6700M,1016
Radeon HD 6750,1034
Radeon HD 6750M,937
Radeon HD 6770,1271
Radeon HD 6770M,964
Radeon HD 6790,1580
Radeon HD 6800M,742
Radeon HD 6850,1929
Radeon HD 6850 X2,2534
Radeon HD 6870,2199
Radeon HD 6900M,1695
Radeon HD 6950,2594
Radeon HD 6970,2830
Radeon HD 6970M,2270
Radeon HD 6990,3118
Radeon HD 7290,111
Radeon HD 7290M,123
Radeon HD 7310,128
Radeon HD 7310 - Carte graphique,174
Radeon HD 7310G,180
Radeon HD 7310M,166
Radeon HD 7340,153
Radeon HD 7340G,196
Radeon HD 7340M,221
Radeon HD 7350,165
Radeon HD 7400G,265
Radeon HD 7420G,314
Radeon HD 7450,223
Radeon HD 7450A,288
Radeon HD 7450M,329
Radeon HD 7470,289
Radeon HD 7470M,407
Radeon HD 7480D,281
Radeon HD 7500G,316
Radeon HD 7500G + 7500M/7600M Dual,616
Radeon HD 7500G + 7550M Dual,497
Radeon HD 7500G + HD 7500M/7600M Dual,355
Radeon HD 7520G,317
Radeon HD 7520G + 7400M Dual,486
Radeon HD 7520G + 7470M Dual,542
Radeon HD 7520G + 7500/7600 Dual,582
Radeon HD 7520G + 7600M Dual,591
Radeon HD 7520G + 7610M Dual,588
Radeon HD 7520G + 7650M Dual,453
Radeon HD 7520G + 7670M Dual,523
Radeon HD 7520G + 7700M Dual,1060
Radeon HD 7520G + 8600/8700M Dual,311
Radeon HD 7520G + 8750M Dual,376
Radeon HD 7520G + HD 7400M Dual,544
Radeon HD 7520G + HD 7500/7600 Dual,832
Radeon HD 7520G + HD 7600M Dual,447
Radeon HD 7520G + HD 7670M Dual,495
Radeon HD 7520G + HD 7700M Dual,574
Radeon HD 7520G + HD 8600/8700M Dual,623
Radeon HD 7520G + HD 8750M Dual,651
Radeon HD 7520G N HD 7520G + HD 7500/7600 7500/760,574
Radeon HD 7520G N HD 7520G + HD 7600M N HD 7600M D,364
Radeon HD 7540D,331
Radeon HD 7540D + 6570 Dual,719
Radeon HD 7540D + 7500 Dual,821
Radeon HD 7540D + HD 6450 Dual,643
Radeon HD 7550M,464
Radeon HD 7550M/7650M,728
Radeon HD 7560D,451
Radeon HD 7560D + 6450 Dual,568
Radeon HD 7560D + 6570 Dual,833
Radeon HD 7560D + 6670 Dual,1130
Radeon HD 7560D + 7560D Dual,982
Radeon HD 7560D + 7570 Dual,985
Radeon HD 7560D + 7670 Dual,1426
Radeon HD 7560D + 7700 Dual,1919
Radeon HD 7560D + HD 6570 Dual,1237
Radeon HD 7560D + HD 6670 Dual,1554
Radeon HD 7560D + HD 7000 Dual,534
Radeon HD 7560D + HD 7600 Dual,1258
Radeon HD 7560D + HD 7670 Dual,1380
Radeon HD 7560D + HD 7700 Dual,1346
Radeon HD 7560D + HD 8570 Dual,935
Radeon HD 7560D + R5 235 Dual,563
Radeon HD 7570,623
Radeon HD 7570M,418
Radeon HD 7570M/HD 7670M,699
Radeon HD 7580D,350
Radeon HD 7600G,334
Radeon HD 7600G + 6400M Dual,376
Radeon HD 7600G + 7450M Dual,389
Radeon HD 7600G + 7500M/7600M Dual,405
Radeon HD 7600G + 7550M Dual,423
Radeon HD 7600G + 8500M/8700M Dual,333
Radeon HD 7600G + HD 7400M Dual,328
Radeon HD 7600G + HD 7500M/7600M Dual,476
Radeon HD 7600G + HD 7550M Dual,509
Radeon HD 7600G + HD 8670M Dual,543
Radeon HD 7600G + HD Dual,435
Radeon HD 7600G N HD 7600G + HD ON HD Dual,526
Radeon HD 7600M + 7600M Dual,773
Radeon HD 7610M,632
Radeon HD 7620G,352
Radeon HD 7620G + 8600M Dual,508
Radeon HD 7620G + 8670M Dual,577
Radeon HD 7620G + HD 8600M Dual,442
Radeon HD 7620G + HD 8670M Dual,507
Radeon HD 7620G N HD 7620G + HD 8600M N HD 8600M D,451
Radeon HD 7640G,446
Radeon HD 7640G + 6400M Dual,526
Radeon HD 7640G + 7400M Dual,637
Radeon HD 7640G + 7450M Dual,754
Radeon HD 7640G + 7470M Dual,595
Radeon HD 7640G + 7500/7600 Dual,627
Radeon HD 7640G + 7500M/7600M Dual,775
Radeon HD 7640G + 7600M Dual,705
Radeon HD 7640G + 7610M Dual,510
Radeon HD 7640G + 7650M Dual,747
Radeon HD 7640G + 7670M Dual,644
Radeon HD 7640G + 7690M Dual,945
Radeon HD 7640G + 7700M Dual,690
Radeon HD 7640G + 8500M Dual,585
Radeon HD 7640G + 8570M Dual,558
Radeon HD 7640G + 8600/8700M Dual,688
Radeon HD 7640G + 8600M Dual,249
Radeon HD 7640G + 8670M Dual,558
Radeon HD 7640G + 8750M Dual,654
Radeon HD 7640G + HD 7400M Dual,576
Radeon HD 7640G + HD 7500/7600 Dual,423
Radeon HD 7640G + HD 7600M Dual,704
Radeon HD 7640G + HD 7600M N HD 7600M Dual,406
Radeon HD 7640G + HD 7670M Dual,518
Radeon HD 7640G + HD 7700M Dual,589
Radeon HD 7640G + HD 7700M N HD 7700M Dual,630
Radeon HD 7640G + HD 8500M Dual,607
Radeon HD 7640G + HD 8500M N HD 8500M Dual,665
Radeon HD 7640G + HD 8570M Dual,474
Radeon HD 7640G + HD 8600/8700M Dual,586
Radeon HD 7640G + HD 8670M Dual,677
Radeon HD 7640G + HD 8750M Dual,996
Radeon HD 7640G + R5 M200 Dual,559
Radeon HD 7640G N HD 7640G + HD 7600M N HD 7600M D,824
Radeon HD 7640G N HD 7640G + HD 7670M Dual,679
Radeon HD 7640G N HD 7640G + HD 8570M Dual,422
Radeon HD 7650A,555
Radeon HD 7650M,421
Radeon HD 7660D,513
Radeon HD 7660D + 6570 Dual,1100
Radeon HD 7660D + 6670 Dual,1238
Radeon HD 7660D + 7470 Dual,465
Radeon HD 7660D + 7500 Dual,1121
Radeon HD 7660D + 7540D Dual,1204
Radeon HD 7660D + 7670 Dual,1061
Radeon HD 7660D + HD 6670 Dual,1484
Radeon HD 7660D + HD 7000 Dual,633
Radeon HD 7660D + HD 7400 Dual,339
Radeon HD 7660D + HD 7700 Dual,1958
Radeon HD 7660D + R5 235 Dual,523
Radeon HD 7660D + R7 240 Dual,941
Radeon HD 7660G,478
Radeon HD 7660G + 7400M Dual,588
Radeon HD 7660G + 7470M Dual,630
Radeon HD 7660G + 7600M Dual,831
Radeon HD 7660G + 7610M Dual,745
Radeon HD 7660G + 7670M Dual,743
Radeon HD 7660G + 7700M Dual,757
Radeon HD 7660G + 7730M Dual,931
Radeon HD 7660G + 8600M Dual,445
Radeon HD 7660G + 8670M Dual,587
Radeon HD 7660G + HD 7500/7600 7500/7600 Dual,1002
Radeon HD 7660G + HD 7500/7600 Dual,760
Radeon HD 7660G + HD 7500M/7600M Dual,999
Radeon HD 7660G + HD 7600M Dual,568
Radeon HD 7660G + HD 7600M N HD 7600M Dual,460
Radeon HD 7660G + HD 7670M Dual,706
Radeon HD 7660G + HD 7700M Dual,777
Radeon HD 7660G + HD 7730M Dual,881
Radeon HD 7660G + HD 8500M Dual,758
Radeon HD 7660G + HD 8600/8700M Dual,747
Radeon HD 7660G + HD 8600M Dual,363
Radeon HD 7660G + HD 8670M Dual,711
Radeon HD 7660G N HD 7660G + HD 7600M N HD 7600M D,722
Radeon HD 7660G N HD 7660G + HD 7670M Dual,704
Radeon HD 7660G N HD 7660G + HD 7700M N HD 7700M D,966
Radeon HD 7670,795
Radeon HD 7670A,1050
Radeon HD 7670M,482
Radeon HD 7670M + 7670M Dual,738
Radeon HD 7690M,832
Radeon HD 7690M XT,1009
Radeon HD 7700-serie,1899
Radeon HD 7730,1163
Radeon HD 7730M,787
Radeon HD 7750,1703
Radeon HD 7750M,1191
Radeon HD 7770,2174
Radeon HD 7790,3090
Radeon HD 7800-serie,4029
Radeon HD 7850,3903
Radeon HD 7850M,1372
Radeon HD 7870,4565
Radeon HD 7870 XT,4469
Radeon HD 7870M,1507
Radeon HD 7950 / R9 280,4764
Radeon HD 7970 / R9 280X,5247
Radeon HD 7970M,3677
Radeon HD 7990,5565
Radeon HD 8180,134
Radeon HD 8210,197
Radeon HD 8210E,193
Radeon HD 8240,246
Radeon HD 8250,217
Radeon HD 8280,260
Radeon HD 8280E,272
Radeon HD 8280G,269
Radeon HD 8310E,340
Radeon HD 8330,278
Radeon HD 8330E,262
Radeon HD 8350,162
Radeon HD 8350G,267
Radeon HD 8370D,314
Radeon HD 8400,273
Radeon HD 8400E,275
Radeon HD 8410G,435
Radeon HD 8450G,334
Radeon HD 8450G + 8600/8700M Dual,1070
Radeon HD 8450G + 8600M Dual,545
Radeon HD 8450G + 8670M Dual,474
Radeon HD 8450G + 8750M Dual,637
Radeon HD 8450G + HD 8600M Dual,452
Radeon HD 8450G + HD 8670M Dual,477
Radeon HD 8450G + HD 8750M Dual,503
Radeon HD 8450G + R5 M230 Dual,578
Radeon HD 8470,246
Radeon HD 8470D,373
Radeon HD 8470D + 6450 Dual,717
Radeon HD 8470D + 6570 Dual,837
Radeon HD 8470D + HD 6450 Dual,862
Radeon HD 8470D + HD 6670 Dual,1435
Radeon HD 8470D + HD 7500 Dual,1545
Radeon HD 8490,263
Radeon HD 8500M,451
Radeon HD 8500M/8700M,852
Radeon HD 8510G,373
Radeon HD 8510G + 8500M Dual,596
Radeon HD 8510G + HD 8500M Dual,629
Radeon HD 8550D,566
Radeon HD 8550G,415
Radeon HD 8550G + 7600M Dual,901
Radeon HD 8550G + 8500M Dual,602
Radeon HD 8550G + 8570M Dual,532
Radeon HD 8550G + 8600/8700M Dual,802
Radeon HD 8550G + 8600M Dual,617
Radeon HD 8550G + 8670M Dual,579
Radeon HD 8550G + 8690M Dual,664
Radeon HD 8550G + 8750M Dual,795
Radeon HD 8550G + HD 7600M Dual,547
Radeon HD 8550G + HD 8500M Dual,558
Radeon HD 8550G + HD 8570M Dual,529
Radeon HD 8550G + HD 8600/8700M Dual,654
Radeon HD 8550G + HD 8600M Dual,593
Radeon HD 8550G + HD 8670M Dual,546
Radeon HD 8550G + HD 8750M Dual,819
Radeon HD 8550G + R5 M200 Dual,619
Radeon HD 8550G + R5 M230 Dual,487
Radeon HD 8550G N HD 8550G + HD 8600M N HD 8600M D,611
Radeon HD 8570,938
Radeon HD 8570 + 8670D Dual,620
Radeon HD 8570 + HD 7660D Dual,949
Radeon HD 8570D,400
Radeon HD 8570D + 6570 Dual,1239
Radeon HD 8570D + 6670 Dual,1039
Radeon HD 8570D + HD8490 Dual,374
Radeon HD 8570D + HD 6570 Dual,868
Radeon HD 8570D + HD 6670 Dual,1260
Radeon HD 8570D + HD 7000 Dual,753
Radeon HD 8570D + HD 7700 Dual,1834
Radeon HD 8570D + HD 8470 Dual,338
Radeon HD 8570D + HD 8570 Dual,1032
Radeon HD 8570D + R5 235 Dual,470
Radeon HD 8570D + R7 200 Dual,999
Radeon HD 8570D + R7 240 Dual,963
Radeon HD 8570M,449
Radeon HD 8600/8700M,1029
Radeon HD 8610G,395
Radeon HD 8610G + 8500M Dual,610
Radeon HD 8610G + 8600M Dual,588
Radeon HD 8610G + 8670M Dual,599
Radeon HD 8610G + HD 8500M Dual,645
Radeon HD 8610G + HD 8600M Dual,480
Radeon HD 8610G + HD 8670M Dual,577
Radeon HD 8610G + R5 M200 Dual,676
Radeon HD 8650D,396
Radeon HD 8650G,499
Radeon HD 8650G + 7600M Dual,741
Radeon HD 8650G + 7670M Dual,883
Radeon HD 8650G + 7700M Dual,1126
Radeon HD 8650G + 8500M Dual,626
Radeon HD 8650G + 8570M Dual,654
Radeon HD 8650G + 8600/8700M Dual,831
Radeon HD 8650G + 8600M Dual,613
Radeon HD 8650G + 8670M Dual,635
Radeon HD 8650G + 8750M Dual,786
Radeon HD 8650G + HD 7600M Dual,819
Radeon HD 8650G + HD 7670M Dual,634
Radeon HD 8650G + HD 8570M Dual,716
Radeon HD 8650G + HD 8600/8700M Dual,763
Radeon HD 8650G + HD 8600M Dual,606
Radeon HD 8650G + HD 8600M N HD 8600M Dual,757
Radeon HD 8650G + HD 8670M Dual,585
Radeon HD 8650G + HD 8750M Dual,651
Radeon HD 8650G + HD 8790M Dual,799
Radeon HD 8650G + R5 M200 Dual,722
Radeon HD 8650G + R5 M230 Dual,686
Radeon HD 8650G N HD 8650G + HD 8570M Dual,773
Radeon HD 8650G N HD 8650G + HD 8600/8700M Dual,796
Radeon HD 8650G N HD 8650G + HD 8600M N HD 8600M D,679
Radeon HD 8670D,514
Radeon HD 8670D + 6670 Dual,1361
Radeon HD 8670D + 7000 Dual,811
Radeon HD 8670D + 7700 Dual,1788
Radeon HD 8670D + 8570 Dual,974
Radeon HD 8670D + HD 6670 Dual,1221
Radeon HD 8670D + HD 7000 Dual,718
Radeon HD 8670D + HD 7600 Dual,1317
Radeon HD 8670D + HD 7700 Dual,1892
Radeon HD 8670D + R5 235 Dual,836
Radeon HD 8670D + R5 330 Dual,746
Radeon HD 8670D + R7 200 Dual,949
Radeon HD 8670D + R7 240 Dual,1020
Radeon HD 8670D N HD 8670D + HD 8670D Dual,488
Radeon HD 8670M,520
Radeon HD 8690A,518
Radeon HD 8690M,984
Radeon HD 8730M,840
Radeon HD 8750M,1063
Radeon HD 8790M,1305
Radeon HD 8790M / R9 M290X,1210
Radeon HD 8850M,973
Radeon HD 8850M / R9 M265X,1139
Radeon HD 8870M,1638
Radeon HD 8870M / R9 M270X / M370X,1799
Radeon HD 8950,2840
Radeon HD 8970M,3876
Radeon HD 8990,5214
Radeon HD HD7850M,1727
Radeon HDG 4670,170
RADEON IGP 34xM,1
RADEON IGP 320,3
Radeon IGP 320M,3
Radeon IGP 340M,2
RADEON IGP 345M,2
RADEON IGP 350M,6
Radeon Infoshock 3000,106
Radeon Instinct MI25 MxGPU,3954
Radeon Instinct MI60,14922
Radeon M535DX,749
Radeon Pro,2562
Radeon Pro 450,2722
Radeon Pro 455,3112
Radeon Pro 460,3452
Radeon Pro 465,4537
Radeon Pro 555,3140
Radeon Pro 560,3475
Radeon Pro 560X,3677
Radeon Pro 570,6336
Radeon Pro 580,7753
Radeon Pro 580X,7540
Radeon Pro 5300,7088
Radeon Pro 5300M,5799
Radeon Pro 5500 XT,7868
Radeon Pro 5500M,6718
Radeon Pro 5600M,9304
Radeon Pro 5700,11456
Radeon Pro 5700 XT,12457
Radeon Pro Duo,8370
Radeon PRO Ryzen 5 PRO 6650U,4140
Radeon PRO Ryzen 7 PRO 6850U,5608
Radeon Pro SSG,10971
Radeon Pro V340 MxGPU,2853
Radeon Pro V520 MxGPU,12257
Radeon Pro V620,26519
Radeon Pro V620 MxGPU,15632
Radeon PRO V710 MxGPU,7297
Radeon Pro Vega 16,4809
Radeon Pro Vega 20,5168
Radeon Pro Vega 48,11269
Radeon Pro Vega 56,12064
Radeon Pro Vega 64,12886
Radeon Pro Vega 64X,13369
Radeon Pro Vega II,15618
Radeon Pro Vega II Duo,13690
Radeon Pro VII,13648
Radeon Pro W5500,8953
Radeon Pro W5500M,3469
Radeon Pro W5500X,7350
Radeon Pro W5700,14138
Radeon Pro W5700X,15178
Radeon PRO W6300,5559
Radeon PRO W6400,8380
Radeon PRO W6600,14978
Radeon PRO W6600M,11477
Radeon PRO W6600X,13113
Radeon PRO W6800,20122
Radeon Pro W6800X,16619
Radeon Pro W6800X Duo,14742
Radeon PRO W7500,13219
Radeon PRO W7600,16354
Radeon PRO W7700,22827
Radeon PRO W7800,27211
Radeon PRO W7900,27729
Radeon Pro WX 2100,1893
Radeon Pro WX 3100,2617
Radeon Pro WX 3200,2232
Radeon Pro WX 4100,3687
Radeon Pro WX 4130,1909
Radeon Pro WX 4150,2550
Radeon Pro WX 4170,2869
Radeon Pro WX 5100,5463
Radeon Pro WX 7100,7710
Radeon Pro WX 7130,6271
Radeon Pro WX 8200,12469
Radeon Pro WX 9100,11794
Radeon Pro WX Vega M GL,4617
Radeon R1E,301
Radeon R2,256
Radeon R2E,211
Radeon R3,316
Radeon R3E,224
Radeon R4,349
Radeon R4E,487
Radeon R5 220,149
Radeon R5 230,201
Radeon R5 235,336
Radeon R5 235 + HD 7560D Dual,743
Radeon R5 235 + HD 8570D Dual,737
Radeon R5 235X,277
Radeon R5 240,561
Radeon R5 310,331
Radeon R5 330,522
Radeon R5 340,856
Radeon R5 420,574
Radeon R5 430,883
Radeon R5 435,760
Radeon R5 A6-7480,674
Radeon R5 A6-8500P,586
"Radeon R5 A6-9400 RADEON R5, 6 COMPUTE CORES 2C+4G",605
Radeon R5 A6-9500 2C+6G,853
"Radeon R5 A6-9500 RADEON R5, 8 COMPUTE CORES 2C+6G",914
Radeon R5 A6-9500E 2C+4G,1014
"Radeon R5 A6-9500E RADEON R5, 6 COMPUTE CORES 2C+4",720
Radeon R5 A10-9600P 4C+6G,619
"Radeon R5 A10-9600P RADEON R5, 10 COMPUTE CORES 4C",699
Radeon R5 A10-9620P 4C+6G,731
"Radeon R5 A10-9620P RADEON R5, 10 COMPUTE CORES 4C",652
Radeon R5 A10-9630P 4C+6G,977
"Radeon R5 A10-9630P RADEON R5, 10 COMPUTE CORES 4C",839
Radeon R5 A240,576
Radeon R5 M230,429
Radeon R5 M240,488
Radeon R5 M255,539
Radeon R5 M315,498
Radeon R5 M320,477
Radeon R5 M330,595
Radeon R5 M335,548
Radeon R5 M420,499
Radeon R5 M430,648
Radeon R5 M435,870
Radeon R5 Opteron X3216,415
Radeon R5 PRO A6-8500B 2C+4G,508
"Radeon R5 PRO A6-8500B R5, 6 Compute Cores 2C+4G",510
Radeon R5 PRO A6-8530B 2C+4G,689
"Radeon R5 PRO A6-8530B R5, 6 COMPUTE CORES 2C+4G",465
Radeon R5 PRO A6-8570 2C+6G,847
"Radeon R5 PRO A6-8570 R5, 8 COMPUTE CORES 2C+6G",965
Radeon R5 PRO A6-8570E 2C+4G,637
"Radeon R5 PRO A6-8570E R5, 6 COMPUTE CORES 2C+4G",632
Radeon R5 PRO A6-9500 2C+6G,1096
"Radeon R5 PRO A6-9500 R5, 8 COMPUTE CORES 2C+6G",760
Radeon R5 PRO A6-9500B 2C+4G,693
"Radeon R5 PRO A6-9500B R5, 6 COMPUTE CORES 2C+4G",412
Radeon R5 PRO A6-9500E 2C+4G,770
Radeon R5 PRO A8-9600B 4C+6G,658
"Radeon R5 PRO A8-9600B R5, 10 COMPUTE CORES 4C+6G",569
Radeon R5 PRO A10-8730B 4C+6G,695
"Radeon R5 PRO A10-8730B R5, 10 COMPUTE CORES 4C+6G",593
Radeon R5E,319
Radeon R6,609
Radeon R6 + R7 M265DX Dual,570
Radeon R6 A8-8600P,474
Radeon R6 A10-8700P,541
Radeon R6 A10-9600P 4C+6G,970
Radeon R6 M255DX,605
Radeon R6 Opteron X3418,955
Radeon R6 PRO A8-8600B 4C+6G,531
"Radeon R6 PRO A8-8600B R6, 10 Compute Cores 4C+6G",574
Radeon R6 PRO A10-8700B 4C+6G,538
"Radeon R6 PRO A10-8700B R6, 10 Compute Cores 4C+6G",545
Radeon R7 240,899
Radeon R7 240 + HD 8570D Dual,917
Radeon R7 240 + HD 8670D Dual,930
Radeon R7 250,1049
Radeon R7 250X,2268
Radeon R7 260,2891
Radeon R7 260X,3203
Radeon R7 340,952
Radeon R7 360,3123
Radeon R7 370,4480
Radeon R7 430,1085
Radeon R7 450,1875
Radeon R7 7850A10-7850K,551
Radeon R7 +8G,1190
Radeon R7 + HD 7700 Dual,1962
Radeon R7 + R5 330 Dual,1028
Radeon R7 + R5 340 Dual,1234
Radeon R7 + R5 435 Dual A10-9700 RADEON,885
Radeon R7 + R5 Dual,897
Radeon R7 + R7 200 Dual,1077
Radeon R7 + R7 240 Dual,1045
Radeon R7 + R7 250 Dual,1232
Radeon R7 + R7 350 Dual,1982
Radeon R7 A8 PRO-7600B,639
Radeon R7 A8-7500,811
Radeon R7 A8-7500 4C+6G,853
Radeon R7 A8-7600,768
Radeon R7 A8-7650K,753
Radeon R7 A8-7670K,849
Radeon R7 A8-7680,780
Radeon R7 A8-8650,718
Radeon R7 A8-9600 RADEON,861
Radeon R7 A10 Extreme Edition,806
Radeon R7 A10 PRO-7800B,717
Radeon R7 A10 PRO-7850B,822
Radeon R7 A10-7700K,772
Radeon R7 A10-7800,741
Radeon R7 A10-7850K,919
Radeon R7 A10-7860K,869
Radeon R7 A10-7870K,1053
Radeon R7 A10-7890K,997
Radeon R7 A10-8750,856
Radeon R7 A10-8850,773
Radeon R7 A10-9700 RADEON,891
Radeon R7 A10-9700E RADEON,887
Radeon R7 A12-9700P RADEON,685
Radeon R7 A12-9720P RADEON,735
Radeon R7 A12-9730P RADEON,976
Radeon R7 A12-9800 RADEON,1072
Radeon R7 A12-9800E RADEON,942
Radeon R7 A265,977
Radeon R7 A360,615
Radeon R7 A365,781
Radeon R7 A370,1281
Radeon R7 FX-8800P,826
Radeon R7 FX-9800P RADEON,759
Radeon R7 FX-9830P RADEON,1327
Radeon R7 G,869
Radeon R7 M260,531
Radeon R7 M260DX,816
Radeon R7 M260X,1008
Radeon R7 M265,571
Radeon R7 M265DX,498
Radeon R7 M270,784
Radeon R7 M340,644
Radeon R7 M350,1080
Radeon R7 M360,590
Radeon R7 M365X,848
Radeon R7 M370,1417
Radeon R7 M380,1668
Radeon R7 M440,906
Radeon R7 M445,945
Radeon R7 M460,1071
Radeon R7 M465,1105
Radeon R7 M465X,1786
Radeon R7 Opteron X3421,1103
Radeon R7 PRO A6-9500 2C+6G,781
Radeon R7 PRO A8-8650B,734
Radeon R7 PRO A8-8670E,978
Radeon R7 PRO A8-9600,844
Radeon R7 PRO A10-8750B,771
Radeon R7 PRO A10-8770,918
Radeon R7 PRO A10-8770E,789
Radeon R7 PRO A10-8850B,945
Radeon R7 PRO A10-9700,818
Radeon R7 PRO A10-9700B,628
Radeon R7 PRO A10-9700E,918
Radeon R7 PRO A12-8800B,599
Radeon R7 PRO A12-8830B,579
Radeon R7 PRO A12-8870,974
Radeon R7 PRO A12-8870E,888
Radeon R7 PRO A12-9800,939
Radeon R7 PRO A12-9800B,682
Radeon R7 PRO A12-9800E,938
Radeon R7E,564
Radeon R8 M365DX,647
Radeon R8 M445DX,796
Radeon R8 M535DX,670
Radeon R9 255,1391
Radeon R9 260,3047
Radeon R9 270,4306
Radeon R9 270 / R7 370,4259
Radeon R9 270X,4874
Radeon R9 280,5524
Radeon R9 280X,6078
Radeon R9 285 / 380,5549
Radeon R9 290,8148
Radeon R9 290 / 390,8150
Radeon R9 290X,8435
Radeon R9 290X / 390X,8380
Radeon R9 295X2,8816
Radeon R9 350,2008
Radeon R9 360,3031
Radeon R9 370,4722
Radeon R9 380,5960
Radeon R9 380X,6127
Radeon R9 390,8804
Radeon R9 390X,9214
Radeon R9 Fury,9526
Radeon R9 Fury + Fury X,9741
Radeon R9 Fury X,9387
Radeon R9 M265X,1175
Radeon R9 M270X,1204
Radeon R9 M275,1114
Radeon R9 M275X,1596
Radeon R9 M275X / M375,1574
Radeon R9 M280X,813
Radeon R9 M290X,3200
Radeon R9 M295X,5150
Radeon R9 M360,1813
Radeon R9 M365X,1481
Radeon R9 M370X,1576
Radeon R9 M375,1001
Radeon R9 M375X,1723
Radeon R9 M380,2758
Radeon R9 M385,2060
Radeon R9 M385X,1993
Radeon R9 M390X,3895
Radeon R9 M395,4896
Radeon R9 M395X,5109
Radeon R9 M470,2330
Radeon R9 M470X,3244
Radeon R9 M485X,3800
Radeon RX590 GME,8320
Radeon RX 460,4098
Radeon RX 470/570,7918
Radeon RX 480,8528
Radeon RX 540,2187
Radeon RX 550,2695
Radeon RX 550X,2334
Radeon RX 560,3680
Radeon RX 560X,3428
Radeon RX 570X,1923
Radeon RX 580,8788
Radeon RX 580 2048SP,7623
Radeon RX 580X,7426
Radeon RX 590,9291
Radeon RX 640,2245
Radeon RX 670,3039
Radeon RX 780,7657
Radeon RX 5300,7605
Radeon RX 5300M,5396
Radeon RX 5500,8857
Radeon RX 5500 XT,9067
Radeon RX 5500M,6030
Radeon RX 5600,11752
Radeon RX 5600 OEM,12425
Radeon RX 5600 XT,13399
Radeon RX 5600M,8797
Radeon RX 5700,14234
Radeon RX 5700 XT,16071
Radeon RX 5700 XT 50th Anniversary,16527
Radeon RX 6300,5383
Radeon RX 6300M,6421
Radeon RX 6400,7738
Radeon RX 6450M,6601
Radeon RX 6500,7705
Radeon RX 6500 XT,9629
Radeon RX 6500M,7275
Radeon RX 6550M,9629
Radeon RX 6600,15057
Radeon RX 6600 LE,14012
Radeon RX 6600 XT,16447
Radeon RX 6600M,13862
Radeon RX 6600S,13279
Radeon RX 6650 XT,17120
Radeon RX 6650M,15188
Radeon RX 6650M XT,16081
Radeon RX 6700,18934
Radeon RX 6700 XT,19731
Radeon RX 6700M,13628
Radeon RX 6700S,15003
Radeon RX 6750 GRE 10GB,18978
Radeon RX 6750 GRE 12GB,20155
Radeon RX 6750 XT,20713
Radeon RX 6800,22039
Radeon RX 6800 XT,25056
Radeon RX 6800M,13269
Radeon RX 6800S,15756
Radeon RX 6850M,12274
Radeon RX 6850M XT,17311
Radeon RX 6900 XT,26685
Radeon RX 6950 XT,28079
Radeon RX 7400,11908
Radeon RX 7600,16497
Radeon RX 7600 XT,17307
Radeon RX 7600M,10999
Radeon RX 7600M XT,14615
Radeon RX 7600S,15499
Radeon RX 7650 GRE,18412
Radeon RX 7700,20753
Radeon RX 7700 XT,22691
Radeon RX 7700S,15432
Radeon RX 7800 XT,24359
Radeon RX 7800M,17634
Radeon RX 7900 GRE,27404
Radeon RX 7900 XT,29035
Radeon RX 7900 XTX,31418
Radeon RX 7900M,22111
Radeon RX 9060,17686
Radeon RX 9060 XT 8GB,19802
Radeon RX 9060 XT 16GB,20116
Radeon RX 9070,25402
Radeon RX 9070 GRE,24025
Radeon RX 9070 XT,26908
Radeon RX Vega11,1605
Radeon RX Vega11 Ryzen 7 3750H,1606
Radeon RX Vega11 Ryzen 7 Microsoft Surface Edition,1502
Radeon RX Vega 6,1492
Radeon RX Vega 6 Ryzen 3 3200U,906
Radeon RX Vega 8,1513
Radeon RX Vega 10,1629
Radeon RX Vega 10 Ryzen 7 3700C,1166
Radeon RX Vega 10 Ryzen 7 3700U,1464
Radeon RX Vega 10 Ryzen 7 3750H,1837
Radeon RX Vega 11,2091
Radeon RX Vega 11 PRD,2401
Radeon RX Vega 11 Processor,1806
Radeon RX Vega 11 Ryzen 5 3350G,1873
Radeon RX Vega 11 Ryzen 5 3400G,2120
Radeon RX Vega 11 Ryzen 5 3400GE,1971
Radeon RX Vega 56,12970
Radeon RX Vega 64,13884
Radeon RX Vega - Renoir Ryzen 3 5300U,2312
Radeon RX Vega M GH,6550
Radeon RX Vega M GL,3937
Radeon RX Vega Ryzen 3 5300U,2329
Radeon RX Vega Ryzen 5 5500U,2319
Radeon RX Vega Ryzen 5 5600GT,9558
Radeon RX Vega Ryzen 7 5825U,2916
Radeon Ryzen 3 3200U,816
Radeon Ryzen 3 3250U,783
Radeon Ryzen 3 3300U,1041
Radeon Ryzen 3 3500U,802
Radeon Ryzen 3 5300U,1508
Radeon Ryzen 3 5425U,1540
Radeon Ryzen 3 7330U,1522
Radeon Ryzen 3 7335U,2163
Radeon Ryzen 3 PRO 4355GE,1622
Radeon Ryzen 3 PRO 5355G,2544
Radeon Ryzen 3 PRO 5355GE,1951
Radeon Ryzen 3 PRO 5450U,1559
Radeon Ryzen 3 PRO 5475U,1752
Radeon Ryzen 3 PRO 7330U,1860
Radeon Ryzen 3 PRO 7335U,1982
Radeon Ryzen 5 150,2667
Radeon Ryzen 5 3450U,1108
Radeon Ryzen 5 3550H,1271
Radeon Ryzen 5 4600GE with Radeon Graphics,2216
Radeon Ryzen 5 5500GT,2399
Radeon Ryzen 5 5500H,2048
Radeon Ryzen 5 5500U,2007
Radeon Ryzen 5 5560U,2030
Radeon Ryzen 5 5600GE,2309
Radeon Ryzen 5 5600GT,2371
Radeon Ryzen 5 5600H,2374
Radeon Ryzen 5 5600U,2084
Radeon Ryzen 5 5625U,2019
Radeon Ryzen 5 6600H,3519
Radeon Ryzen 5 6600HS Creator Edition,3798
Radeon Ryzen 5 6600U,3200
Radeon Ryzen 5 7430U,2198
Radeon Ryzen 5 7500X3D 6-Core,1401
Radeon Ryzen 5 7530U,2163
Radeon Ryzen 5 7533HS,3320
Radeon Ryzen 5 7535HS,3209
Radeon Ryzen 5 7535U,3150
Radeon Ryzen 5 7600 6-Core,1674
Radeon Ryzen 5 7600X3D 6-Core,1642
Radeon Ryzen 5 7600X 6-Core,1600
Radeon Ryzen 5 Microsoft Surface Edition,2031
Radeon Ryzen 5 PRO 4400G,2272
Radeon Ryzen 5 PRO 4655G,2279
Radeon Ryzen 5 PRO 4655GE,2178
Radeon Ryzen 5 PRO 5650G,2300
Radeon Ryzen 5 PRO 5650GE,2228
Radeon Ryzen 5 PRO 5655G,2142
Radeon Ryzen 5 PRO 5655GE,1739
Radeon Ryzen 5 PRO 5675U,1846
Radeon Ryzen 5 PRO 6650H,3867
Radeon Ryzen 5 PRO 6650U,3490
Radeon Ryzen 5 PRO 7445 6-Core,1591
Radeon Ryzen 5 Pro 7535U,2766
Radeon Ryzen 5 PRO 7645 6-Core,1607
Radeon Ryzen 7 170,4506
Radeon Ryzen 7 3700U,1127
Radeon Ryzen 7 4700G,2499
Radeon Ryzen 7 4700GE,2586
Radeon Ryzen 7 4700U,2038
Radeon Ryzen 7 4800H,3118
Radeon Ryzen 7 4800HS,3010
Radeon Ryzen 7 4800U,2295
Radeon Ryzen 7 5700U,2198
Radeon Ryzen 7 5800H,2845
Radeon Ryzen 7 5800HS,2544
Radeon Ryzen 7 5800U,2386
Radeon Ryzen 7 5825U,2413
Radeon Ryzen 7 6800H,4864
Radeon Ryzen 7 6800HS,6186
Radeon Ryzen 7 6800HS Creator Edition,5336
Radeon Ryzen 7 6800U,4226
Radeon Ryzen 7 6810U,5937
Radeon Ryzen 7 7700 8-Core,1635
Radeon Ryzen 7 7700X 8-Core,1926
Radeon Ryzen 7 7730U,2281
Radeon Ryzen 7 7735H,5254
Radeon Ryzen 7 7735HS,4827
Radeon Ryzen 7 7735U,4612
Radeon Ryzen 7 7736U,5825
Radeon Ryzen 7 7800X3D 8-Core,1836
Radeon Ryzen 7 Microsoft Surface Edition,2230
Radeon Ryzen 7 PRO 4750G,2541
Radeon Ryzen 7 PRO 4750GE,2376
Radeon Ryzen 7 PRO 4750U,1964
Radeon Ryzen 7 PRO 5755G,2885
Radeon Ryzen 7 PRO 5755GE,2119
Radeon Ryzen 7 PRO 5800H,2944
Radeon Ryzen 7 PRO 5875U,2177
Radeon Ryzen 7 PRO 6850H,5529
Radeon Ryzen 7 PRO 6850HS,5057
Radeon Ryzen 7 PRO 6850U,4998
Radeon Ryzen 7 PRO 6860Z,4536
Radeon Ryzen 7 PRO 7730U,2233
Radeon Ryzen 7 Pro 7735U,3861
Radeon Ryzen 7 PRO 7745 8-Core,1660
Radeon Ryzen 9 4900H,2555
Radeon Ryzen 9 4950U Mobile,2594
Radeon Ryzen 9 5900H,1609
Radeon Ryzen 9 6900HS,6726
Radeon Ryzen 9 6900HS Creator Edition,4594
Radeon Ryzen 9 7900 12-Core,1852
Radeon Ryzen 9 7900X3D 12-Core,1763
Radeon Ryzen 9 7900X 12-Core,2103
Radeon Ryzen 9 7950X3D 16-Core,1637
Radeon Ryzen 9 7950X 16-Core,2972
Radeon Ryzen 9 PRO 6950H,5608
Radeon Ryzen 9 PRO 6950HS,4463
Radeon Ryzen 9 PRO 7945 12-Core,1596
Radeon Ryzen Embedded R2312,614
Radeon Ryzen Embedded R2314,1253
Radeon Ryzen Embedded R2514,1344
Radeon Ryzen Embedded R2544,1612
Radeon Ryzen Embedded V2516,1714
Radeon Ryzen Embedded V2546,1435
Radeon Ryzen Embedded V2718,1934
Radeon Ryzen Embedded V2748,2077
Radeon Ryzen Z2 Go,4724
Radeon Sky 500,4722
Radeon TM,5551
Radeon TM R9 A360,2060
Radeon VE,2
Radeon Vega 2,506
Radeon Vega 2 Athlon Silver 3050U,487
Radeon Vega 3,892
Radeon Vega 3 3020e,626
Radeon Vega 3 Athlon 300GE,949
Radeon Vega 3 Athlon 300U,794
Radeon Vega 3 Athlon 320GE,733
Radeon Vega 3 Athlon 3000G,946
Radeon Vega 3 Athlon Gold 3150G,1088
Radeon Vega 3 Athlon Gold 3150U,672
Radeon Vega 3 Athlon Silver 3050e,512
Radeon Vega 3 Athlon Silver 3050U,758
Radeon Vega 3 Mobile,1052
Radeon Vega 3 Ryzen 3 3200U,843
Radeon Vega 3 Ryzen 3 3250U,682
Radeon Vega 3 Ryzen Embedded R1305G,580
Radeon Vega 3 Ryzen Embedded R1505G,729
Radeon Vega 3 Ryzen Embedded R1606G,958
Radeon Vega 6,1314
Radeon Vega 6 Ryzen 3 3300U,1332
Radeon Vega 6 Ryzen 3 3350U,1400
Radeon Vega 8,1564
Radeon Vega 8 Mobile,1447
Radeon Vega 8 Ryzen 3 3200G,1688
Radeon Vega 8 Ryzen 3 3200GE,1916
Radeon Vega 8 Ryzen 3 PRO 3200G,1408
Radeon Vega 8 Ryzen 5 3450U,1304
Radeon Vega 8 Ryzen 5 3500U,1359
Radeon Vega 8 Ryzen 5 3501U,1377
Radeon Vega 8 Ryzen 5 3550H,1864
Radeon Vega 8 Ryzen 5 3580U,1621
Radeon Vega 9,1587
Radeon Vega 9 Ryzen 5 3550H,1572
Radeon Vega 9 Ryzen 5 Microsoft Surface Edition,1531
Radeon Vega 10,1484
Radeon Vega 10 Mobile,1535
Radeon Vega 11,1864
Radeon Vega 11 Ryzen 5 PRO 3350G,2208
Radeon Vega 11 Ryzen 5 PRO 3350GE,1810
Radeon Vega 11 Ryzen 5 PRO 3400G,1980
Radeon Vega Frontier Edition,12674
Radeon VII,16252
RADEON X300SE,38
RADEON X550,50
RADEON X550XT,56
Radeon X550XTX,70
RADEON X600 256MB HyperMemory,56
RADEON X600 PRO,67
RADEON X600 SE,49
RADEON X600XT,91
RADEON X700,72
RADEON X700 PRO,75
RADEON X700 SE,71
RADEON X800 GT,84
RADEON X800 GTO,114
RADEON X800 PRO,64
RADEON X800 PRO/GTO,73
RADEON X800 SE,129
RADEON X800 XL,69
RADEON X800 XT,97
RADEON X800 XT Platinum Edition,81
RADEON X800GT,79
RADEON X850 PRO,72
RADEON X850 XT,81
RADEON X850 XT Platinum Edition,81
Radeon X1050,49
Radeon X1200,32
Radeon X1250,37
Radeon X1270,31
Radeon X1300,58
Radeon X1300 PRO,84
Radeon X1550,66
Radeon X1550 64-bit,47
Radeon X1600,49
Radeon X1600 Pro,98
Radeon X1600 Pro / X1300XT,69
Radeon X1600 XT,115
Radeon X1650 GTO,74
Radeon X1650 Pro,84
Radeon X1650 SE,71
Radeon X1700 Targa Edition,116
Radeon X1800 GTO,140
Radeon X1900 CrossFire Edition,137
Radeon X1900 GT,145
Radeon X1950 CrossFire Edition,151
Radeon X1950 GT,106
Radeon X1950 Pro,112
RADEON XPRESS 200,29
RADEON XPRESS 200 CROSSFIRE,18
RADEON XPRESS 200M,22
Radeon Xpress 1100,34
Radeon Xpress 1150,29
Radeon Xpress 1200,35
Radeon Xpress 1250,42
Radeon Xpress 1270,26
Radeon Xpress 1300,52
Radeon Xpress 1300M,40
RadeonT 610M,1065
RadeonT 660M,2220
RadeonT 660M Ryzen 5 6600H,6699
RadeonT 660M Ryzen 5 7535HS,4051
RadeonT 680M Ryzen 7 6800H,2381
RadeonT 680M Ryzen 7 7735HS,5680
RadeonT 780M,7102
RadeonT RX 6850M XT,13992
RadeonT RX Vega 11,1916
RadeonT Ryzen 3 3250U,581
Rage 128 Pro,1
RAGE 128 PRO AGP 4X TMDS,1
Rage Fury Pro/Xpert 2000 Pro,3
RDPDD Chained DD,197
Red Hat QXL controller,52
Red Hat VirtIO GPU DOD controller,1564
RGH Drivers v3,11
RIVA TNT2 Model 64/Model 64 Pro,3
RIVA TNT2/TNT2 Pro,3
RTX5000-Ada-1B,130
RTX 500 Ada Generation Laptop GPU,11189
RTX 1000 Ada Generation Laptop GPU,13591
RTX 2000 Ada Generation,17195
RTX 2000 Ada Generation Embedded GPU,13842
RTX 2000 Ada Generation Laptop GPU,14853
RTX 2000E Ada Generation,15633
RTX 3000 Ada Generation Laptop GPU,16041
RTX 3500 Ada Generation Embedded GPU,22926
RTX 3500 Ada Generation Laptop GPU,19734
RTX 4000 Ada Generation,23655
RTX 4000 Ada Generation Laptop GPU,22187
RTX 4000 SFF Ada Generation,20456
RTX 4500 Ada Generation,28265
RTX 5000 Ada Generation,30333
RTX 5000 Ada Generation Embedded GPU,17055
RTX 5000 Ada Generation Laptop GPU,23365
RTX 5880 Ada Generation,25095
RTX 6000 Ada Generation,28627
RTX A400,6003
RTX A500 Embedded GPU,6197
RTX A500 Laptop GPU,6550
RTX A1000,10770
RTX A1000 6GB Laptop GPU,10021
RTX A1000 Embedded GPU,11009
RTX A1000 Laptop GPU,9452
RTX A2000,13405
RTX A2000 8GB Laptop GPU,10478
RTX A2000 12GB,13667
RTX A2000 Embedded GPU,11117
RTX A2000 Laptop GPU,9482
RTX A3000 12GB Laptop GPU,13843
RTX A3000 Laptop GPU,12634
RTX A4000,19370
RTX A4000 Laptop GPU,14799
RTX A4000H,16768
RTX A4500,20625
RTX A4500 Embedded GPU,8295
RTX A4500 Laptop GPU,16800
RTX A5000,22891
RTX A5000 Laptop GPU,16361
RTX A5500,21192
RTX A5500 Laptop GPU,17223
RTX A6000,22763
RTX PRO 500 Blackwell Generation Laptop GPU,13144
RTX PRO 1000 Blackwell Generation Laptop GPU,14806
RTX PRO 2000 Blackwell,20570
RTX PRO 2000 Blackwell Generation Laptop GPU,16419
RTX PRO 3000 Blackwell Generation Laptop GPU,21693
RTX PRO 4000 Blackwell,28272
RTX PRO 4000 Blackwell Generation Laptop GPU,23263
RTX PRO 4000 Blackwell SFF Edition,24252
RTX PRO 4500 Blackwell,33364
RTX PRO 5000 72GB Blackwell,40493
RTX PRO 5000 Blackwell,32830
RTX PRO 5000 Blackwell Generation Laptop GPU,24326
RTX Pro 6000 Blackwell DC-8Q,2383
RTX Pro 6000 Blackwell DC-12Q,2685
RTX PRO 6000 Blackwell Max-Q Workstation Edition,32391
RTX PRO 6000 Blackwell Server Edition,27523
RTX PRO 6000 Blackwell Workstation Edition,38278
RV530 PRO,118
Ryzen 3 4300G with Radeon Graphics,1709
Ryzen 3 4300GE with Radeon Graphics,2254
Ryzen 3 4300U with Radeon Graphics,1366
Ryzen 3 5300G with Radeon Graphics,1993
Ryzen 3 5300GE with Radeon Graphics,1968
Ryzen 3 5300U with Radeon Graphics,1539
Ryzen 3 5400U with Radeon Graphics,1596
Ryzen 3 5425U with Radeon Graphics,1691
Ryzen 3 7330U with Radeon Graphics,1693
Ryzen 3 7335U with Radeon Graphics,1980
Ryzen 3 PRO 4200GE with Radeon Graphics,1748
Ryzen 3 PRO 4300U with Radeon Graphics,1542
Ryzen 3 Pro 4350G with Radeon Graphics,2056
Ryzen 3 PRO 4350GE with Radeon Graphics,1938
Ryzen 3 PRO 4450U with Radeon Graphics,1449
Ryzen 3 PRO 5350G with Radeon Graphics,2304
Ryzen 3 PRO 5350GE with Radeon Graphics,1788
Ryzen 3 PRO 5450U with Radeon Graphics,1617
Ryzen 3 PRO 5475U with Radeon Graphics,1431
Ryzen 3 PRO 7330U with Radeon Graphics,2144
Ryzen 5 2500U with Radeon Vega,1503
Ryzen 5 4500U with Radeon Graphics,1799
Ryzen 5 4600G with Radeon Graphics,2317
Ryzen 5 4600H with Radeon Graphics,2106
Ryzen 5 4600HS with Radeon Graphics,8370
Ryzen 5 4600U with Radeon Graphics,1896
Ryzen 5 5500GT with Radeon Graphics,2224
Ryzen 5 5500U with Radeon Graphics,1970
Ryzen 5 5560U with Radeon Graphics,2098
Ryzen 5 5600G with Radeon Graphics,2538
Ryzen 5 5600GE with Radeon Graphics,2547
Ryzen 5 5600GT with Radeon Graphics,2200
Ryzen 5 5600H with Radeon Graphics,2297
Ryzen 5 5600U with Radeon Graphics,2150
Ryzen 5 5625U with Radeon Graphics,1996
Ryzen 5 6600H with Radeon Graphics,3579
Ryzen 5 6600HS Creator Edition,3690
Ryzen 5 6600U with Radeon Graphics,3233
Ryzen 5 7430U with Radeon Graphics,2270
Ryzen 5 7530U with Radeon Graphics,2250
Ryzen 5 7535U with Radeon Graphics,3323
Ryzen 5 9600X 6-Core Processor,1858
Ryzen 5 PRO 4400G with Radeon Graphics,2305
Ryzen 5 PRO 4400GE with Radeon Graphics,1441
Ryzen 5 PRO 4500U with Radeon Graphics,2007
Ryzen 5 Pro 4650G with Radeon Graphics,2374
Ryzen 5 PRO 4650GE with Radeon Graphics,2172
Ryzen 5 PRO 4650U with Radeon Graphics,1685
Ryzen 5 PRO 5650G with Radeon Graphics,2481
Ryzen 5 PRO 5650GE with Radeon Graphics,2455
Ryzen 5 PRO 5650U with Radeon Graphics,1971
Ryzen 5 PRO 5675U with Radeon Graphics,1719
Ryzen 5 PRO 6650U,3519
Ryzen 5 PRO 6650U with Radeon Graphics,3533
Ryzen 5 PRO 7530U with Radeon Graphics,1893
Ryzen 5 Pro 7535U with Radeon Graphics,3750
Ryzen 7 2700U with Radeon Vega,1617
Ryzen 7 4700G with Radeon Graphics,2186
Ryzen 7 4700GE with Radeon Graphics,2496
Ryzen 7 4700U with Radeon Graphics,2034
Ryzen 7 4800H with Radeon Graphics,2113
Ryzen 7 4800U with Radeon Graphics,2343
Ryzen 7 5700G with Radeon Graphics,2714
Ryzen 7 5700GE with Radeon Graphics,2606
Ryzen 7 5700U with Radeon Graphics,2241
Ryzen 7 5800H with Radeon Graphics,2736
Ryzen 7 5800HS with Radeon Graphics,2795
Ryzen 7 5800U with Radeon Graphics,2310
Ryzen 7 5825U with Radeon Graphics,2351
Ryzen 7 6800H,5259
Ryzen 7 6800H with Radeon Graphics,4959
Ryzen 7 6800HS,5237
Ryzen 7 6800HS Creator Edition,5465
Ryzen 7 6800HS with Radeon Graphics,6240
Ryzen 7 6800U,5006
Ryzen 7 6800U with Radeon Graphics,4760
Ryzen 7 7730U with Radeon Graphics,2433
Ryzen 7 7735HS with Radeon Graphics,5175
Ryzen 7 7735U with Radeon Graphics,5081
Ryzen 7 9700X 8-Core Processor,2250
Ryzen 7 9800X3D 8-Core Processor,1830
Ryzen 7 Extreme Edition,2115
Ryzen 7 Pro 4750G with Radeon Graphics,2681
Ryzen 7 PRO 4750GE with Radeon Graphics,2549
Ryzen 7 PRO 4750U with Radeon Graphics,2029
Ryzen 7 PRO 5750G with Radeon Graphics,2327
Ryzen 7 PRO 5750GE with Radeon Graphics,2377
Ryzen 7 PRO 5850U with Radeon Graphics,2253
Ryzen 7 PRO 5875U with Radeon Graphics,2067
Ryzen 7 PRO 6850H with Radeon Graphics,5790
Ryzen 7 PRO 6850HS with Radeon Graphics,4087
Ryzen 7 PRO 6850U,5580
Ryzen 7 PRO 6850U with Radeon Graphics,5116
Ryzen 7 PRO 6860Z,5076
Ryzen 7 PRO 6860Z with Radeon Graphics,4869
Ryzen 7 PRO 7730U with Radeon Graphics,2566
Ryzen 7 Pro 7735U with Radeon Graphics,5142
Ryzen 9 4900HS with Radeon Graphics,6790
Ryzen 9 5900HS with Radeon Graphics,5453
Ryzen 9 5900HX with Radeon Graphics,3003
Ryzen 9 6900HS,8005
Ryzen 9 6900HS with Radeon Graphics,6109
Ryzen 9 6900HX with Radeon Graphics,5124
Ryzen 9 9900X 12-Core Processor,1729
Ryzen 9 9950X 16-Core Processor,1770
Ryzen 9 PRO 6950H,5758
Ryzen 9 PRO 6950H with Radeon Graphics,6176
Ryzen 9 PRO 6950HS with Radeon Graphics,4704
S3 5400EW,146
S3 Chrome 430 ULP,39
S3 Chrome S25 DDR2,18
S3 Chrome S27 DDR3,33
S3 Inc. Savage4,3
S3 ProSavageDDR,1
S3 SuperSavage/IXC 1014,1
SAPPHIRE RADEON 9000 ATLANTIS PRO,5
SAPPHIRE RADEON 9600 ATLANTIS,47
Sapphire RADEON X800 GT,112
SAPPHIRE Radeon X1550,61
Seria Mobility Radeon HD 3400,124
Seria Radeon HD 7700,1603
Snapdragon X Elite - X1E001DE - Qualcomm Adreno GP,3245
Snapdragon X Elite - X1E78100 - Qualcomm Adreno GP,2575
Snapdragon X Elite - X1E80100 - Qualcomm Adreno GP,2603
Snapdragon X Elite - X1E84100 - Qualcomm Adreno GP,2981
Snapdragon X Plus - X1P64100 - Qualcomm Adreno GPU,2606
spacedesk Adapter,13758
SQExtFramebufferUmode Device,15054
SUMO 964A,497
SUMO 9640,650
SUMO 9644,465
Surface Duo Adreno 640 GPU,592
T400,3613
T400 4GB,3802
T550 Laptop GPU,4734
TENSOR 1.0 Driver Intel HD 630,1299
Tesla C2050,3175
Tesla C2050 / C2070,3428
Tesla C2070,3120
Tesla C2075,3016
Tesla K20m,4432
Tesla K20Xm,4714
Tesla K40c,4494
Tesla K40m,3143
Tesla K80,5753
Tesla M6,6224
Tesla M10,2968
Tesla M40,10219
Tesla M40 24GB,10641
Tesla M60,6816
Tesla M2070-Q,1305
Tesla P4,9166
Tesla P40,11595
Tesla P100-PCIE-16GB,9621
Tesla T4,9911
Tesla T10,11763
Tesla V100-PCIE-16GB,12328
Tesla V100-SXM2-16GB,11265
TITAN RTX,19948
TITAN V,19720
TITAN V CEO Edition,16987
TITAN Xp COLLECTORS EDITION,18540
TRINITY DEVASTATOR MOBILE,578
TRINITY SCRAPPER MOBILE,498
TURZX Display,28635
V9560XT,6
Vanta/Vanta LT,3
VIA C9-HD IGP,12
VIA Chrome9 HC3 IGP,2
VIA Chrome9 HC IGP,4
VIA Chrome9 HC IGP Family,3
VIA Chrome9 HC IGP Family WDDM,3
VIA Chrome9 HC IGP Prerelease WDDM 1.1,2
VIA Chrome9 HC IGP WDDM,2
VIA Chrome9 HC IGP WDDM 1.1,3
VIA Chrome9 HCM IGP,1
VIA Chrome9 HD IGP,10
VIA/S3G C-645/640 GPU,132
VIA/S3G Chrome 645/640 GPU,109
VIA/S3G DeltaChrome IGP,3
VIA/S3G KM400/KN400,4
VIA/S3G UniChrome IGP,4
VIA/S3G UniChrome Pro IGP,4
VIA/S3G UniChromeII,5
VisionTek Radeon 7000,1
VMware Horizon Indirect Display Driver,3565
VNC Mirror Driver,3897
VRVD5 Ryzen 5 5600U,1646
WinFast A250 LE,4
Xabre,5
XGI Volari Family v1.13.23.D_V,4
ZX C-960,74
ZX C-1080,283
ZX C-1190,346
ZX Chrome 645/640 GPU,147
