name,price,socket_type,cooler_length,created_at
AMD Wraith Stealth,940,AMD4,,2026-05-21 09:29:27.587474
인텔 인텔 115X 정품 중고,1890,115X,,2026-05-21 09:29:27.587474
EVERCOOL COOLMARKER CM-1200 SCREW,3950,"115X,2000",50.0,2026-05-21 09:29:27.587474
EVERCOOL COOLMARKER CM-1700/1200 PLUS,4280,"115X,2000",45.0,2026-05-21 09:29:27.587474
조이쿨 MCJ-1700/1200 알루미늄,4450,"115X,2200",45.0,2026-05-21 09:29:27.587474
PNC PARTNER EVEREST BK1700/1200,4560,"115X,1800",52.0,2026-05-21 09:29:27.587474
인텔 인텔 115X 정품,4710,115X,,2026-05-21 09:29:27.587474
인텔 소켓1156 정품,4860,115X,,2026-05-21 09:29:27.587474
COOLERTEC BETA-3020 BLUE,5150,"115X,1800",57.0,2026-05-21 09:29:27.587474
EVERCOOL COOLMARKER CM-1700 SCREW,5240,2600,60.0,2026-05-21 09:29:27.587474
PNC PARTNER EVEREST BK1700/1200 RGB,5300,"115X,1800",52.0,2026-05-21 09:29:27.587474
조이쿨 RGB-AM4,5400,"AMD4,2200",45.0,2026-05-21 09:29:27.587474
EVERCOOL COOLMARKER CM-1200/115X RGB,5420,"115X,2200",49.0,2026-05-21 09:29:27.587474
COOLERTEC GAMMA-100-BLUE,5650,"AM2,2400",,2026-05-21 09:29:27.587474
EVERCOOL COOLMARKER CM-1200AL PWM,5780,"115X,2400",48.0,2026-05-21 09:29:27.587474
투민시스템 THERMANOVA NOVA1 RGB,5790,"115X,1851,AMD4,1300",70.0,2026-05-21 09:29:27.587474
EVERCOOL COOLMARKER CM-1700 RGB,5900,2200,49.0,2026-05-21 09:29:27.587474
라이트컴 COMS NB780,6120,"115X,2200",71.0,2026-05-21 09:29:27.587474
COOLERTEC ICECAP AM2 SILENT WHITE,6280,AM2,,2026-05-21 09:29:27.587474
조이쿨 MRM-90 SLIM,6430,"115X,2400",48.0,2026-05-21 09:29:27.587474
조이쿨 MRM-90 SLIM V2,6430,"115X,2400",48.0,2026-05-21 09:29:27.587474
SRHX NB779,6450,"115X,AMD4,AM2,2000",65.0,2026-05-21 09:29:27.587474
조이쿨 JHF-1700-80 PWM,6560,2600,60.0,2026-05-21 09:29:27.587474
조이쿨 JHC-1700-90,6560,2200,60.0,2026-05-21 09:29:27.587474
조이쿨 JH80-2600 SLIM,6670,"115X,2600",50.0,2026-05-21 09:29:27.587474
EVERCOOL COOLMARKER CM-1700(CU) PWM,7110,2600,48.0,2026-05-21 09:29:27.587474
야인컴퓨터 YAIN YC-700 LED,7150,115X,,2026-05-21 09:29:27.587474
라이트컴 COMS BT738 CPU 쿨러,7160,"115X,AM2,1300",65.0,2026-05-21 09:29:27.587474
야인컴퓨터 YAIN YC-700 PRO LED,7180,1851,65.0,2026-05-21 09:29:27.587474
인텔 소켓 1200 정품,7190,"115X,2600",,2026-05-21 09:29:27.587474
라이트컴 COMS BT079,7410,"115X,2200",,2026-05-21 09:29:27.587474
조이쿨 JH80CU-2600-115X,7450,"115X,2600",60.0,2026-05-21 09:29:27.587474
조이쿨 JH80CU-4000-115X,7790,"115X,4000",60.0,2026-05-21 09:29:27.587474
디직스 아이스피아 WIND1000,7930,"115X,AM2,2400",60.0,2026-05-21 09:29:27.587474
조이쿨 MVC-90 PWM,8000,"115X,2300",60.0,2026-05-21 09:29:27.587474
쿨러마스터 STANDARD A30,8070,"AMD4,AM2,2500",48.0,2026-05-21 09:29:27.587474
앱코 자이로스 95XF V2 1700 ONLY FRGB,8190,"1851,2400",65.0,2026-05-21 09:29:27.587474
ID-COOLING DK-17 PWM,8220,2200,42.0,2026-05-21 09:29:27.587474
조이쿨 MRM-90 CU,8220,"115X,1366,2400",60.0,2026-05-21 09:29:27.587474
조이쿨 MINI BLACK-80 PWM V2,8260,"115X,AMD4,AM2,2500",122.0,2026-05-21 09:29:27.587474
PNC PARTNER EVEREST BK092 LED,8360,"115X,AMD4,AM2,1300",131.0,2026-05-21 09:29:27.587474
잘만 CNPS80G Rev.3,8400,"115X,AMD4,AM2,2500",50.0,2026-05-21 09:29:27.587474
COOLERTEC GIANT-775 ORANGE-PP,8450,2000,,2026-05-21 09:29:27.587474
잘만 ZM-LPH40 벌크,8480,"1851,2400",64.0,2026-05-21 09:29:27.587474
조이쿨 RGB-90CU SILENT,8520,"115X,2200",70.0,2026-05-21 09:29:27.587474
조이쿨 MRM-90 CU V2,8540,"115X,2400",60.0,2026-05-21 09:29:27.587474
조이쿨 MINI BLACK-80 PWM,8570,"115X,AMD4,AM2,2500",122.0,2026-05-21 09:29:27.587474
조이쿨 RGB-90CU V2,8600,2200,70.0,2026-05-21 09:29:27.587474
조이쿨 HF-681 화이트LED,8700,"115X,1200",75.0,2026-05-21 09:29:27.587474
이그닉 사무용 PWM 구리심 쿨러,8790,"115X,2500",60.0,2026-05-21 09:29:27.587474
PNC PARTNER EVEREST BK092 WHITE LED,8800,"115X,AMD4,AM2,1300",131.0,2026-05-21 09:29:27.587474
아이티젠 비티즈 T80 LED RGB,8890,"115X,1366,2500",60.0,2026-05-21 09:29:27.587474
조이쿨 HF-681 PWM,9280,"115X,2000",75.0,2026-05-21 09:29:27.587474
컴이지 킹덤 X92-I LED,9320,"115X,1800",130.0,2026-05-21 09:29:27.587474
조이쿨 MINI BLACK-92 PWM,9360,"115X,1366,AMD4,AM2,2400",122.0,2026-05-21 09:29:27.587474
조이쿨 ITX16-115X 3P,9400,"115X,2300",,2026-05-21 09:29:27.587474
컴이지 킹덤 X92-IA LED,9470,"115X,AMD4,1800",128.0,2026-05-21 09:29:27.587474
ID-COOLING SE-802 SD V3 데이븐,9570,"115X,1851,AMD4,2200",116.0,2026-05-21 09:29:27.587474
조이쿨 RGB-MINI90,9630,"115X,1366,AMD4,AM2,2000",125.0,2026-05-21 09:29:27.587474
COOLERTEC CT-1150/1155/1156-Slim(AL),9740,"115X,3000",30.0,2026-05-21 09:29:27.587474
다산코퍼레이션 디프렌드 ODIN C200 RGB mini,9900,"115X,AMD4,2000",130.0,2026-05-21 09:29:27.587474
ID-COOLING SE-902 SD V3 데이븐,10470,"1851,115X,AMD4,2000",120.0,2026-05-21 09:29:27.587474
ID-COOLING DK-03 RGB,10530,"115X,AMD4,AM2,1600",65.0,2026-05-21 09:29:27.587474
인텔 Laminar RM1,10900,3150,47.0,2026-05-21 09:29:27.587474
COOLERTEC ALPHA-100-BLUE,10990,"115X,2400",,2026-05-21 09:29:27.587474
ARCTIC Alpine 17 서린,11270,2000,66.0,2026-05-21 09:29:27.587474
조이쿨 RGB-120,11370,"115X,1366,AMD4,AM2,2000",135.0,2026-05-21 09:29:27.587474
EVERCOOL EC115X-BLUE LED,11804,"115X,2200",65.0,2026-05-21 09:29:27.587474
써멀테이크 UX400,12000,"1851,115X,AM2,AMD4,1800",152.0,2026-05-21 09:29:27.587474
조이쿨 RGB-120 V2,12000,"115X,AMD4,AM2,2000",135.0,2026-05-21 09:29:27.587474
ID-COOLING DK-07A RAINBOW 데이븐,12290,"AMD4,1800",60.0,2026-05-21 09:29:27.587474
NCTOP LYP-I7C008Y01,12930,3000,20.0,2026-05-21 09:29:27.587474
싸이번 BREEZE AC92,12970,"1851,115X,AMD4,2200",128.0,2026-05-21 09:29:27.587474
조이쿨 ITX20-115X/1700,13000,"115X,2800",20.0,2026-05-21 09:29:27.587474
라이트컴 COMS BT197,13410,"115X,AM2,2200",12.0,2026-05-21 09:29:27.587474
COOLERTEC ALPHA 1000 WHITE,13440,"115X,1366,2000",58.0,2026-05-21 09:29:27.587474
EVERCOOL EC155A-915BP SLIM,13730,"115X,2600",,2026-05-21 09:29:27.587474
COOLERTEC GAMMA-300 ORANGE-CU,13760,"AMD4,AM2,2300",60.0,2026-05-21 09:29:27.587474
조이쿨 MVC-90 LED PWM,13970,"115X,2300",60.0,2026-05-21 09:29:27.587474
조이쿨 ITX20-1700,14110,2800,20.0,2026-05-21 09:29:27.587474
아이티젠 비티즈 T400 LED RGB,14500,"115X,1366,AMD4,AM2,1300",155.0,2026-05-21 09:29:27.587474
야인컴퓨터 YAIN YC-T180,14580,"115X,2011,1366,1600",156.0,2026-05-21 09:29:27.587474
PCCOOLER BT896,14780,"115X,AMD4,AM2,1600",70.0,2026-05-21 09:29:27.587474
다산코퍼레이션 디프렌드 ODIN C400S RGB Mini,14900,"1851,115X,AMD4,2500",128.0,2026-05-21 09:29:27.587474
Segotep S4 AGHP,14900,"115X,AMD4,1800",155.0,2026-05-21 09:29:27.587474
조이쿨 ITX32-115X-CU,14980,"115X,2400",32.0,2026-05-21 09:29:27.587474
조이쿨 RGB-4PIPE90,14990,"115X,AMD4,AM2,2200",80.0,2026-05-21 09:29:27.587474
COOLERTEC CT-AM4-SLIM-CU(PWM),15120,"AMD4,3000",30.0,2026-05-21 09:29:27.587474
COOLERTEC CT-AM4-SLIM-CU(PWM)-2,15120,"AMD4,2800",20.0,2026-05-21 09:29:27.587474
다산코퍼레이션 디프렌드 ODIN C400S Mini,15570,"115X,1851,AMD4,2500",128.0,2026-05-21 09:29:27.587474
잘만 CNPS4X V2,15680,"1851,AMD4,2000",135.0,2026-05-21 09:29:27.587474
타무즈 TC400 RGB,15820,"1851,115X,1366,AMD4,AM2,1500",153.0,2026-05-21 09:29:27.587474
COOLERTEC ALPHA-300 BLUE PLUS,15950,"115X,3200",20.0,2026-05-21 09:29:27.587474
투민시스템 THERMANOVA NOVA6 ARGB,15990,"1851,115X,AMD4,1800",155.0,2026-05-21 09:29:27.587474
ID-COOLING SE-903 XT FRGB 데이븐,16320,"1851,115X,AMD4,2200",123.0,2026-05-21 09:29:27.587474
darkFlash ELLSWORTH S31,16620,"115X,1851,AMD4,1800",153.0,2026-05-21 09:29:27.587474
LEADCOOL AC-1000 RGB,16780,"1366,1851,115X,2400",134.0,2026-05-21 09:29:27.587474
LEADCOOL AC-1100 RGB,16900,"1366,1851,115X,AMD4,2400",134.0,2026-05-21 09:29:27.587474
잘만 CNPS7600 ARGB,17140,"115X,AMD4,AM2,2000",52.0,2026-05-21 09:29:27.587474
JONSBO CR-1300 EVO RGB,17240,"1851,115X,AMD4,2000",128.0,2026-05-21 09:29:27.587474
마이크로닉스 MA-100,17400,"115X,1851,AMD4,2000",127.0,2026-05-21 09:29:27.587474
잘만 CNPS9X OPTIMA II RGB,17580,"2066,115X,1851,2011,AMD4,AM2,1500",155.0,2026-05-21 09:29:27.587474
써멀테이크 UX400 ARGB Sync,17630,"115X,1851,AMD4,AM2,1800",152.0,2026-05-21 09:29:27.587474
3RSYS Socoool RC150 RGB,17720,"AMD4,2000",125.0,2026-05-21 09:29:27.587474
LEADCOOL AC-2100 PRO RGB,17850,"115X,1851,1366,AMD4,1800",154.0,2026-05-21 09:29:27.587474
Antec A30 NEO,17870,"115X,AMD4,AM2,2000",146.0,2026-05-21 09:29:27.587474
앱코 타이폰 ST120X4,17900,"1851,115X,1366,AMD4,1800",149.0,2026-05-21 09:29:27.587474
3RSYS Socoool RC100 RGB,17940,"115X,1366,AM2,AMD4,2000",130.0,2026-05-21 09:29:27.587474
앱코 자이로스 92X4 INTEL ONLY FRGB,18000,"1851,115X,1366,2000",132.0,2026-05-21 09:29:27.587474
COOLLEO B40S LITE 3RSYS,18100,"1851,115X,AMD4,2200",133.0,2026-05-21 09:29:27.587474
야인컴퓨터 YAIN ZERO YC1900,18290,"2011,115X,1366,AMD4,AM2,1600",156.0,2026-05-21 09:29:27.587474
darkFlash ELLSWORTH S31 PRO ARGB,18290,"1851,115X,AMD4,1800",153.0,2026-05-21 09:29:27.587474
잘만 CNPS9X OPTIMA II ARGB,18340,"115X,1851,AMD4,1500",155.0,2026-05-21 09:29:27.587474
3RSYS Socoool RC450N PWM,18440,"1851,115X,AMD4,2500",45.0,2026-05-21 09:29:27.587474
JONSBO CR-1400 EVO AUTO RGB,18520,"115X,1851,AMD4,2200",130.0,2026-05-21 09:29:27.587474
LEADCOOL AC-3100 PRO ARGB,18520,"115X,1366,1851,AMD4,1800",154.0,2026-05-21 09:29:27.587474
JONSBO CR-1000 EVO STANDARD,18680,"115X,1851,AMD4,1500",154.0,2026-05-21 09:29:27.587474
마이크로닉스 ICEROCK MA-92 RGB,18890,"1851,1366,115X",137.0,2026-05-21 09:29:27.587474
JIUSHARK JF120R Emerald,18900,"115X,1851,AMD4,1800",157.0,2026-05-21 09:29:27.587474
BRAVOTEC M4 마블 아이언맨,18960,"115X,1366,AMD4,1500",157.0,2026-05-21 09:29:27.587474
BRAVOTEC M4 마블 스파이더맨,18960,"115X,1366,AMD4,1500",157.0,2026-05-21 09:29:27.587474
BRAVOTEC M4 마블 타노스,18960,"115X,1366,AMD4,1500",157.0,2026-05-21 09:29:27.587474
BRAVOTEC M4 마블 캡틴아메리카,18970,"115X,1366,AMD4,1500",157.0,2026-05-21 09:29:27.587474
JIUSHARK JF100RS Crystal,19000,"1851,115X,AMD4,2300",131.0,2026-05-21 09:29:27.587474
타무즈 TC45-4 WD,19000,"1851,115X,2066,2011,1366,AMD4,AM2,2500",45.0,2026-05-21 09:29:27.587474
쿨러마스터 HYPER 212 HALO,19140,"1851,115X,AMD4,2050",154.0,2026-05-21 09:29:27.587474
3RSYS Socoool RC260N PWM,19200,"115X,1851,AMD4,2200",127.0,2026-05-21 09:29:27.587474
JONSBO CR-1400 오토 RGB,19206,"1851,115X,AMD4,2300",126.0,2026-05-21 09:29:27.587474
DEEPCOOL UD551 ARGB,19290,"AMD4,1800",71.0,2026-05-21 09:29:27.587474
발키리 AQ125,19500,"115X,1851,AMD4,1800",152.0,2026-05-21 09:29:27.587474
앱코 자이로스 120X4 FRGB,19500,"115X,1851,1366,AMD4,1800",150.0,2026-05-21 09:29:27.587474
쿨러마스터 HYPER 212 SPECTRUM V3 ARGB,19520,"1851,115X,AMD4,1750",152.0,2026-05-21 09:29:27.587474
EVERCOOL EC155C-915BP,19570,"115X,2600",30.0,2026-05-21 09:29:27.587474
EVERCOOL EC1700B(CU)-915BP Slim,19770,2600,31.0,2026-05-21 09:29:27.587474
잘만 CNPS17X,19800,"2066,2011,115X,AM2,AMD4,1500",162.0,2026-05-21 09:29:27.587474
Antec T120 RGB,19800,"115X,1366,AMD4,AM2,1500",82.0,2026-05-21 09:29:27.587474
DEEPCOOL GAMMAXX 200T,19800,"115X,AMD4,AM2,1600",131.0,2026-05-21 09:29:27.587474
JIUSHARK JF120R Emerald ARGB,19900,"115X,1851,AMD4,1800",157.0,2026-05-21 09:29:27.587474
PCCOOLER R4000-I,19900,"1851,115X,1800",150.0,2026-05-21 09:29:27.587474
마이크로닉스 ICEROCK MA-410,19900,"1851,115X,AMD4,2000",158.0,2026-05-21 09:29:27.587474
JIUSHARK JF120R Emerald RGB,19900,"1851,115X,AMD4,1800",157.0,2026-05-21 09:29:27.587474
Antec A30 NEO ARGB,20000,"115X,AMD4,AM2,2000",146.0,2026-05-21 09:29:27.587474
야인컴퓨터 YAIN ZERO YC1900 오토 RGB,20270,"2011,1366,1851,115X,AMD4,AM2,1600",156.0,2026-05-21 09:29:27.587474
ALSEYE Q120S Plus,20430,"2066,1366,115X,2011,AMD4,3000",160.0,2026-05-21 09:29:27.587474
3RSYS Socoool RC370N PWM 램프리,20500,"115X,AMD4,1800",150.0,2026-05-21 09:29:27.587474
DEEPCOOL AG400 G2,20740,"1851,AMD4,2200",154.0,2026-05-21 09:29:27.587474
에디 CY100,20890,"1851,115X,AMD4,2000",148.0,2026-05-21 09:29:27.587474
DEEPCOOL GAMMAXX 300R LED,20900,"115X,1366,AMD4,AM2,1600",135.0,2026-05-21 09:29:27.587474
JIUSHARK JF100RS Crystal ARGB,21000,"115X,1851,AMD4,2300",131.0,2026-05-21 09:29:27.587474
JIUSHARK JF100RS Crystal Auto RGB,21000,"115X,1851,AMD4,2300",131.0,2026-05-21 09:29:27.587474
iHTP J8 ARGB,21000,"115X,2066,2011,1366,AMD4,AM2,2200",131.0,2026-05-21 09:29:27.587474
OH'S CV-420,21000,"1851,115X,AMD4,2400",148.0,2026-05-21 09:29:27.587474
앱코 타이폰 ST120X5,21000,"1851,1366,115X,AMD4,1800",158.0,2026-05-21 09:29:27.587474
3RSYS Socoool RC250 ARGB,21100,"115X,AMD4,2300",119.0,2026-05-21 09:29:27.587474
타무즈 T4-V4,21350,"1851,2066,2011,115X,1366,AMD4,1950",154.0,2026-05-21 09:29:27.587474
SNOWMAN MT4-SE ARGB 싸이번,21400,"115X,1366,1851,AMD4,1900",,2026-05-21 09:29:27.587474
마이크로닉스 MA420 스웰로우 ARGB,21400,"2011,115X,1851,AMD4,1800",153.0,2026-05-21 09:29:27.587474
PentaWave Z04E SRB ARGB,21500,"1851,AMD4,1950",157.0,2026-05-21 09:29:27.587474
조이쿨 X600 BW PWM,21580,"115X,1366,AMD4,AM2,1800",155.0,2026-05-21 09:29:27.587474
조이쿨 ITX39-4HEAT90,21580,"115X,2100",39.0,2026-05-21 09:29:27.587474
Thermalright Assassin X 120 Refined SE 서린,21900,"115X,AMD4,1550",148.0,2026-05-21 09:29:27.587474
JONSBO CR-1000 EVO AUTO RGB,21900,"1851,115X,AMD4,1500",154.0,2026-05-21 09:29:27.587474
JIUSHARK JF150RS Lily,21900,"115X,1851,AMD4,2200",135.0,2026-05-21 09:29:27.587474
발키리 AQ125 ARGB,21940,"1851,115X,AMD4,1800",152.0,2026-05-21 09:29:27.587474
쿨러마스터 Hyper 212 3DHP,21980,"115X,1851,AMD4,2050",158.0,2026-05-21 09:29:27.587474
LEADCOOL POONG AC-3100 ARGB,22000,"2011,1851,115X,2066,AM2,AMD4,1800",158.0,2026-05-21 09:29:27.587474
앱코 SUITMASTER 자이로스 X201 RGB,22000,"115X,2011,1366,AMD4,AM2,1800",158.0,2026-05-21 09:29:27.587474
ID-COOLING SE-214 XT V2 AUTO RGB 데이븐,22210,"1851,115X,AMD4,2000",152.0,2026-05-21 09:29:27.587474
MAXTILL MAX400,22240,"1851,1366,115X,AMD4,1600",150.0,2026-05-21 09:29:27.587474
3RSYS Socoool RC370 ARGB 램프리,22500,"115X,AMD4,1800",150.0,2026-05-21 09:29:27.587474
Thermalright Assassin X 120 Refined SE ARGB 서린,22790,"115X,AMD4,1550",148.0,2026-05-21 09:29:27.587474
조이쿨 XC90-36W,22890,"115X,1366,3000",36.0,2026-05-21 09:29:27.587474
ID-COOLING SE-214-XT 오토 RGB 데이븐,22890,"115X,1851,AMD4,1500",150.0,2026-05-21 09:29:27.587474
COOLLEO B40S DIG ARGB 3RSYS,22900,"1851,115X,AMD4,2200",129.0,2026-05-21 09:29:27.587474
PCCOOLER CPS RT400,22900,"115X,1851,AMD4,2200",152.0,2026-05-21 09:29:27.587474
Thermalright COGAGE IMPACT 120 서린,23000,"115X,AMD4,1550",148.0,2026-05-21 09:29:27.587474
JIUSHARK JF100 Crystal,23000,"115X,1851,AMD4,1500",157.0,2026-05-21 09:29:27.587474
타무즈 T4-V3 ARGB,23140,"1851,115X,2066,2011,AMD4,1600",154.0,2026-05-21 09:29:27.587474
LEADCOOL AC-3100 DIGITAL ARGB,23210,"115X,1366,1851,AMD4,1800",154.0,2026-05-21 09:29:27.587474
ID-COOLING SE-214-XT 데이븐,23280,"115X,1851,AMD4,1800",151.0,2026-05-21 09:29:27.587474
마이크로닉스 ICEROCK MA-500 ARGB,23400,"1851,115X,AMD4,2000",158.0,2026-05-21 09:29:27.587474
에디 CY100A ARGB,23460,"1851,115X,AMD4,2000",148.0,2026-05-21 09:29:27.587474
LEADCOOL POONG AC-2100 RAINBOW,23500,"2066,1851,115X,2011,AMD4,AM2,1800",158.0,2026-05-21 09:29:27.587474
인텔 Laminar RH1 벌크,23500,3000,69.0,2026-05-21 09:29:27.587474
조이쿨 XC90-39W,23580,"115X,3000",39.0,2026-05-21 09:29:27.587474
쿨러마스터 HYPER 411 NANO,23660,"1851,115X,AMD4,2500",136.0,2026-05-21 09:29:27.587474
3RSYS TEAMMOST RC800 ARGB,23710,"2011,115X,2066,AMD4,1500",156.0,2026-05-21 09:29:27.587474
PCCOOLER PALADIN EX400S,23900,"115X,1851,AMD4,1800",157.0,2026-05-21 09:29:27.587474
JIUSHARK JF150RS Lily RGB,23900,"115X,1851,AMD4,2200",135.0,2026-05-21 09:29:27.587474
3RSYS TEAMMOST TM-50 RGB,23900,"115X,1366,AMD4,AM2,1500",154.0,2026-05-21 09:29:27.587474
JIUSHARK JF150RS Lily ARGB,23900,"1851,115X,AMD4,2200",135.0,2026-05-21 09:29:27.587474
PCCOOLER CPS R400 ARGB,23900,"1851,115X,AMD4,2200",133.0,2026-05-21 09:29:27.587474
3RSYS Socoool RC270 ARGB,23980,"115X,1851,AMD4,2200",127.0,2026-05-21 09:29:27.587474
ID-COOLING SE-214 XT V2 BLACK 데이븐,24170,"115X,1851,AMD4,2000",152.0,2026-05-21 09:29:27.587474
ID-COOLING SE-214-XT ARGB 데이븐,24250,"1851,115X,AMD4,1500",150.0,2026-05-21 09:29:27.587474
MSI MAG 코어프로저 AA13 ARGB,24250,"1851,AMD4,2070",152.0,2026-05-21 09:29:27.587474
ID-COOLING SE-214 XT V2 ARGB 데이븐,24250,"1851,115X,AMD4,2000",152.0,2026-05-21 09:29:27.587474
다산코퍼레이션 디프렌드 ODIN DA-613,24410,"115X,AMD4,1700",158.0,2026-05-21 09:29:27.587474
Thermalright Assassin X 90 SE V2 서린,24720,"115X,AMD4,2200",118.0,2026-05-21 09:29:27.587474
GAMEMAX Gamma90 Digital,24780,"115X,1851,AMD4,2500",132.0,2026-05-21 09:29:27.587474
COOLERTEC CT-775-1U-BLOWER (PWM),24790,6000,,2026-05-21 09:29:27.587474
PCCOOLER PALADIN EX400 ARGB,24900,"1851,115X,AMD4,1800",157.0,2026-05-21 09:29:27.587474
JIUSHARK JF100D Digital,24900,"1851,115X,AMD4,1500",154.0,2026-05-21 09:29:27.587474
ID-COOLING IS-40X V3,24920,"115X,AMD4,2800",45.0,2026-05-21 09:29:27.587474
타무즈 T4-V4D,25200,"2011,1366,1851,2066,115X,AMD4,1900",154.0,2026-05-21 09:29:27.587474
쿨러마스터 HYPER 411 NANO ARGB,25220,"1851,115X,AMD4,2500",136.0,2026-05-21 09:29:27.587474
ARCTIC Freezer 8A,25530,"AMD4,2300",136.0,2026-05-21 09:29:27.587474
MAXTILL MAX400 ARGB,25540,"115X,1366,1851,AMD4,1600",150.0,2026-05-21 09:29:27.587474
3RSYS Socoool RC750N PWM,25620,"115X,AMD4,2100",75.0,2026-05-21 09:29:27.587474
잘만 CNPS9X ECO DS,25760,"1851,AMD4,2100",155.0,2026-05-21 09:29:27.587474
Thermalright Assassin X 120 Refined SE WHITE ARGB 서린,25790,"115X,AMD4,1550",148.0,2026-05-21 09:29:27.587474
쿨러마스터 Hyper 212 3DHP ARGB,25880,"1851,115X,AMD4,2050",158.0,2026-05-21 09:29:27.587474
ID-COOLING FROZN A410 SE 데이븐,25990,"115X,1851,AMD4,1800",152.0,2026-05-21 09:29:27.587474
ARCTIC Freezer 8i,25990,"1851,2300",136.0,2026-05-21 09:29:27.587474
ARCTIC Freezer 8A CO,26000,"AMD4,2300",136.0,2026-05-21 09:29:27.587474
ID-COOLING IS-40-XT 데이븐,26070,"1851,115X,AMD4,2800",47.0,2026-05-21 09:29:27.587474
darkFlash Ellsworth S21,26110,"115X,1366,AMD4,AM2,2000",157.0,2026-05-21 09:29:27.587474
몬스타 옥시푸스 델타 A40,26180,"1851,115X,AMD4,2000",156.0,2026-05-21 09:29:27.587474
ALSEYE WIND CUBE LP,26490,"115X,2011,1366,AMD4,AM2,4000",97.0,2026-05-21 09:29:27.587474
잘만 CNPS9X PERFORMA,26900,"115X,AMD4,1800",157.0,2026-05-21 09:29:27.587474
아이티젠 비티즈 T600 NON-LED,26900,"1366,2011,115X,AMD4,AM2,1950",148.0,2026-05-21 09:29:27.587474
darkFlash Ellsworth S21 ARGB,26990,"115X,1366,AMD4,AM2,2000",157.0,2026-05-21 09:29:27.587474
darkFlash Ellsworth S11 PRO ARGB,26990,"2011,115X,2066,AM2,AMD4,1800",158.0,2026-05-21 09:29:27.587474
3RSYS Socoool RC160 RGB,27000,"1851,115X,2011,AMD4,2300",118.0,2026-05-21 09:29:27.587474
GELID SLIM SILENCE AM1,27000,1200,26.0,2026-05-21 09:29:27.587474
EVERCOOL MCI02-510BA,27140,5500,24.0,2026-05-21 09:29:27.587474
잘만 CNPS9X PERFORMA PLUS,27340,"1851,115X,AMD4,2000",157.0,2026-05-21 09:29:27.587474
XIGMATEK LOKI II,27400,"115X,1366,2800",134.0,2026-05-21 09:29:27.587474
마이크로닉스 MA-4 Frigate,27400,"115X,1851,AMD4,1500",156.0,2026-05-21 09:29:27.587474
iHTP J15 DIGITAL ARGB,27400,"1851,115X,AMD4,2000",156.0,2026-05-21 09:29:27.587474
DEEPCOOL AG400 G2 ARGB,27530,"1851,AMD4,2200",154.0,2026-05-21 09:29:27.587474
PROLIMATECH GENESIS TWIN,27660,"115X,1366,AM2,2000",160.0,2026-05-21 09:29:27.587474
Thermalright Assassin X 90 SE ARGB 서린,27720,"115X,AMD4,2200",118.0,2026-05-21 09:29:27.587474
3RSYS Socoool RC980N 쌍철봉,27760,"115X,1851,AMD4,2100",137.0,2026-05-21 09:29:27.587474
PCCOOLER CPS RT400 TCL FULL ARGB,27900,"115X,1851,AMD4,2200",152.0,2026-05-21 09:29:27.587474
ARCTIC Freezer 8i CO,27990,"1851,2300",136.0,2026-05-21 09:29:27.587474
JIUSHARK JF100,28000,"115X,1851,AMD4,1500",157.0,2026-05-21 09:29:27.587474
다산코퍼레이션 디프렌드 ODIN DA-613 ARGB,28060,"115X,AMD4,1700",158.0,2026-05-21 09:29:27.587474
타무즈 T4-V4D-ARGB,28350,"1851,2066,2011,1366,115X,AMD4,1900",154.0,2026-05-21 09:29:27.587474
COOLERTEC CT-775-1U-PASSIVE,28400,,,2026-05-21 09:29:27.587474
Thermalright Assassin King 120 SE 서린,28480,"115X,AMD4,1550",148.0,2026-05-21 09:29:27.587474
COOLERTEC CT-1155/1156-1U(2BALL),28490,"115X,5500",,2026-05-21 09:29:27.587474
3RSYS Socoool RC1080 오토 RGB,28490,"1851,AMD4,1800",151.0,2026-05-21 09:29:27.587474
DEEPCOOL AG400 DIGITAL,28920,"115X,1851,AMD4,2100",152.0,2026-05-21 09:29:27.587474
JIUSHARK JF200MINI Crystal,29000,"1851,2011,115X,AMD4,2300",144.0,2026-05-21 09:29:27.587474
3RSYS Socoool RC1050N PWM 램프리,29400,"115X,AMD4,1800",153.0,2026-05-21 09:29:27.587474
BRAVOTEC M4 마블 블랙팬서,29500,"115X,1366,AMD4,1500",157.0,2026-05-21 09:29:27.587474
LEADCOOL JD-1000 PWM 벌크,29500,"1851,115X,1366,2400",134.0,2026-05-21 09:29:27.587474
Thermalright Assassin X 120 Refined SE PLUS 서린,29600,"115X,AMD4,1550",148.0,2026-05-21 09:29:27.587474
DEEPCOOL AG400 오토 RGB,29760,"1851,115X,AMD4,2000",150.0,2026-05-21 09:29:27.587474
COUGAR FORZA 50 ESSENTIAL 서린,29770,"1851,115X,2066,2011,1366,AMD4,AM2,2000",155.0,2026-05-21 09:29:27.587474
AEROCOOL RIME 4,29890,"115X,2066,2011,AMD4,1800",155.0,2026-05-21 09:29:27.587474
JIUSHARK JF500 Ruby,29900,"1851,115X,AMD4,1800",157.0,2026-05-21 09:29:27.587474
MAXTILL MAX600,29900,"1851,1366,115X,AMD4,1600",154.0,2026-05-21 09:29:27.587474
PCCOOLER PALADIN 400,29900,"1851,115X,AMD4,1600",157.0,2026-05-21 09:29:27.587474
Thermalright Assassin King 120 MINI V2 서린,29900,"115X,AMD4,1500",135.0,2026-05-21 09:29:27.587474
GELID SNOWSTORM,30000,"115X,1366,AM2,2200",138.0,2026-05-21 09:29:27.587474
Thermalright Assassin King 120 SE ARGB,30500,"115X,AMD4,1550",148.0,2026-05-21 09:29:27.587474
Thermalright Assassin X 90 SE,30700,"115X,AMD4,2400",118.0,2026-05-21 09:29:27.587474
PentaWave S06D LE ARGB,31180,"115X,1851,AMD4,1950",156.0,2026-05-21 09:29:27.587474
DEEPCOOL AG400 ARGB,31230,"115X,AMD4,2000",150.0,2026-05-21 09:29:27.587474
타무즈 TC600 ARGB,31270,"1851,115X,1366,2011,AMD4,2000",157.0,2026-05-21 09:29:27.587474
XIGMATEK Windpower WP1266 RGB,31700,"115X,2066,2011,1366,AMD4,AM2,1800",160.0,2026-05-21 09:29:27.587474
3RSYS Socoool RC1050 ARGB 램프리,31780,"115X,AMD4,1800",153.0,2026-05-21 09:29:27.587474
PCCOOLER PALADIN 400 ARGB,31900,"115X,1851,AMD4,1600",157.0,2026-05-21 09:29:27.587474
JIUSHARK JF500 Ruby RGB,31900,"115X,1851,AMD4,1800",157.0,2026-05-21 09:29:27.587474
JIUSHARK JF550 Elite,31900,"115X,1851,AMD4,1600",158.0,2026-05-21 09:29:27.587474
JIUSHARK JF500 Ruby ARGB,31900,"1851,115X,AMD4,1800",157.0,2026-05-21 09:29:27.587474
darkFlash Ellsworth S11 AUTO RGB,32000,"115X,2066,2011,1366,AMD4,AM2,1800",156.0,2026-05-21 09:29:27.587474
darkFlash EXPLORE E400 PLUS ARGB,32220,"1366,1851,115X,AMD4,1800,2100",155.0,2026-05-21 09:29:27.587474
ID-COOLING DK-03i RGB PWM,32410,"115X,1800",,2026-05-21 09:29:27.587474
PCCOOLER PALADIN EX400,32550,"115X,AMD4,1800",157.0,2026-05-21 09:29:27.587474
잘만 CNPS9X OPTIMA RGB,32820,"115X,AMD4,1500",156.0,2026-05-21 09:29:27.587474
PCCOOLER PALADIN 400 DIGITAL,32900,"115X,1851,AMD4,1600",157.0,2026-05-21 09:29:27.587474
Thermalright Assassin King 120 Mini ARGB V3 서린,32900,"115X,AMD4,1500",135.0,2026-05-21 09:29:27.587474
GAMEMAX Sigma520 Digital,33000,"1851,115X,AMD4,1800",151.0,2026-05-21 09:29:27.587474
JIUSHARK JF200MINI Crystal Auto RGB,33000,"1851,115X,2011,AMD4,2300",144.0,2026-05-21 09:29:27.587474
JIUSHARK JF100 ARGB,33000,"115X,1851,AMD4,1500",157.0,2026-05-21 09:29:27.587474
upHere N1055CF SIMPLE,33000,"115X,AMD4,AM2,1800",155.0,2026-05-21 09:29:27.587474
JIUSHARK JF200MINI Crystal ARGB,33000,"115X,1851,2011,AMD4,2300",144.0,2026-05-21 09:29:27.587474
몬스타 옥시푸스 아이오타 A40,33000,"1851,115X,AMD4,2000",156.0,2026-05-21 09:29:27.587474
PentaWave Z03I-53 SRB,33860,"1851,AMD4,2700",53.0,2026-05-21 09:29:27.587474
JIUSHARK JF550 Elite RGB,33900,"115X,1851,AMD4,1600",158.0,2026-05-21 09:29:27.587474
JIUSHARK JF550 Elite ARGB,33900,"115X,1851,AMD4,1600",158.0,2026-05-21 09:29:27.587474
Antec A400i RGB,34000,"115X,2011,1366,AMD4,AM2,1800",155.0,2026-05-21 09:29:27.587474
JIUSHARK JF100S,34000,"115X,1851,AMD4,1500",157.0,2026-05-21 09:29:27.587474
Antec C40 BLUE LED,34000,"115X,1366,AMD4,AM2,2200",136.0,2026-05-21 09:29:27.587474
Thermalright Peerless Assassin 90 SE 서린,34100,"115X,1851,AMD4,2200",110.0,2026-05-21 09:29:27.587474
Thermalright Assassin X 120 R Digital 서린,34300,"115X,1851,AMD4,2000",151.0,2026-05-21 09:29:27.587474
발키리 AL125 LCD ARGB,34320,"115X,1851,AMD4,2150",155.0,2026-05-21 09:29:27.587474
타무즈 T6-V4D-ARGB,34780,"1366,1851,115X,2066,2011,AMD4,1900",154.0,2026-05-21 09:29:27.587474
XIGMATEK Gaia SD1283,34900,"115X,1366,AM2,1500",159.0,2026-05-21 09:29:27.587474
COOLLEO A60 V2 ARGB 3RSYS,34900,"1851,115X,AMD4,2000",156.0,2026-05-21 09:29:27.587474
JONSBO CR-3000E ARGB,34920,"1851,115X,AMD4,1600",155.0,2026-05-21 09:29:27.587474
XIGMATEK AIR-KILLER PRO ARGB,34980,"115X,2066,2011,1366,AMD4,AM2,1800",160.0,2026-05-21 09:29:27.587474
OH'S CV-620,35000,"1851,115X,AMD4,2400",151.0,2026-05-21 09:29:27.587474
잘만 CNPS9X PERFORMA ARGB PLUS,35220,"115X,1851,AMD4,2000",157.0,2026-05-21 09:29:27.587474
ID-COOLING IS-30i BLACK,35250,"1851,115X,3600",30.0,2026-05-21 09:29:27.587474
DEEPCOOL GAMMAXX GTE,35400,"115X,2066,1366,AMD4,AM2,1500",157.0,2026-05-21 09:29:27.587474
앱코 타이폰 DT120X6,35900,"1366,115X,1851,AMD4,1900",158.0,2026-05-21 09:29:27.587474
3RSYS Socoool RC1400N Quiet 쌍철봉,35900,"115X,1851,AMD4,2000",151.0,2026-05-21 09:29:27.587474
잘만 CNPS9X PERFORMA ARGB,35900,"115X,AMD4,1800",157.0,2026-05-21 09:29:27.587474
Thermalright Assassin X 120 R Digital ARGB 서린,36290,"115X,1851,AMD4,2000",151.0,2026-05-21 09:29:27.587474
ALSEYE Q120DT Plus,36750,"2011,2066,1851,1366,115X,AMD4,3000",160.0,2026-05-21 09:29:27.587474
쿨러마스터 V4 Alpha 3DHP,36820,"115X,1851,AMD4,2050,1850",161.0,2026-05-21 09:29:27.587474
DEEPCOOL AG620 G2,36900,"1851,AMD4,2000,2200",159.0,2026-05-21 09:29:27.587474
EVERCOOL LGAL2011A-B715,36900,"2011,5500",,2026-05-21 09:29:27.587474
다산코퍼레이션 디프렌드 D620 LITE ARGB,36950,"1851,115X,AMD4,1700",157.0,2026-05-21 09:29:27.587474
쿨러마스터 HYPER 620S ARGB,37340,"1851,115X,AMD4,1100,1750",154.0,2026-05-21 09:29:27.587474
Thermalright Peerless Assassin 120 SE 서린,37480,"115X,AMD4,1550",155.0,2026-05-21 09:29:27.587474
DEEPCOOL AK400 DIGITAL SE,37540,"1851,115X,AMD4,1850",157.0,2026-05-21 09:29:27.587474
ID-COOLING FROZN A620 PRO SE 데이븐,37830,"115X,1851,AMD4,2000",157.0,2026-05-21 09:29:27.587474
MAXTILL MAX600 ARGB,37890,"1366,115X,1851,AMD4,1600",154.0,2026-05-21 09:29:27.587474
3RSYS Socoool RC1400 Quiet 쌍철봉,37900,"1851,115X,AMD4,2000",151.0,2026-05-21 09:29:27.587474
SCYTHE SHURIKEN 3,38000,"115X,1851,AMD4,2500",39.0,2026-05-21 09:29:27.587474
COOLERTEC ALPHA-1700 GOLD,38470,"115X,3000",20.0,2026-05-21 09:29:27.587474
AEROCOOL RIME 4 DUAL,38890,"115X,2066,2011,AMD4,1800",155.0,2026-05-21 09:29:27.587474
COOLERTEC CT-AM4-1U-BLOWER,38920,"AMD4,3000",27.0,2026-05-21 09:29:27.587474
JIUSHARK JF200S,39400,"115X,1366,2011,1851,AMD4,1408,1500",157.0,2026-05-21 09:29:27.587474
PCCOOLER CPS RT620 PRO 카본스틸,39900,"1851,115X,AMD4,2200",153.0,2026-05-21 09:29:27.587474
Thermalright Peerless Assassin 120 SE ARGB 서린,39900,"115X,AMD4,1550",155.0,2026-05-21 09:29:27.587474
Thermalright Peerless Assassin 120 SE,39900,"115X,AMD4,1550",155.0,2026-05-21 09:29:27.587474
Thermalright Assassin X 120 서린,40140,"2066,2011,115X,AMD4,1500",154.0,2026-05-21 09:29:27.587474
Thermalright Assassin X 120 V2 서린,40260,"115X,AMD4,1500",154.0,2026-05-21 09:29:27.587474
SCYTHE SHURIKEN 2,40490,"115X,1366,AMD4,AM2,2500",58.0,2026-05-21 09:29:27.587474
Thermalright Assassin Spirit 120 Vision ARGB 서린,40700,"1851,115X,AMD4,1500",154.0,2026-05-21 09:29:27.587474
발키리 DQ125 쿼드빔 ARGB,40710,"1851,115X,AMD4,2400",154.0,2026-05-21 09:29:27.587474
ID-COOLING IS-53 XT 데이븐,40740,"1851,AMD4,3000",53.0,2026-05-21 09:29:27.587474
GELID SLIMHERO,41000,"115X,1366,AM2,1600",59.0,2026-05-21 09:29:27.587474
쿨러마스터 HYPER 420S ARGB,41100,"1851,115X,AMD4,1750",152.0,2026-05-21 09:29:27.587474
Thermalright Assassin King 90 V2 서린,41290,"2066,2011,115X,1851,AMD4,2200",125.0,2026-05-21 09:29:27.587474
COOLERTEC CT 2011 2U V3,41360,"2011,5500",50.0,2026-05-21 09:29:27.587474
Thermalright Assassin Spirit 120 EVO 서린,41640,"115X,AMD4,2000",156.0,2026-05-21 09:29:27.587474
ID-COOLING FROZN A620 PRO SE ARGB 데이븐,41710,"115X,1851,AMD4,2000",157.0,2026-05-21 09:29:27.587474
darkFlash Ellsworth D21,41760,"115X,AM2,AMD4,1600",155.0,2026-05-21 09:29:27.587474
발키리 DQ125 쿼드빔,41820,"1851,115X,AMD4,2400",154.0,2026-05-21 09:29:27.587474
Thermalright Assassin Spirit 120 EVO ARGB 서린,41920,"115X,AMD4,2000",156.0,2026-05-21 09:29:27.587474
SCYTHE IORI,42360,"115X,1366,AM2,1800",117.0,2026-05-21 09:29:27.587474
잘만 CNPS13X,42580,"115X,1851,AMD4,2000",159.0,2026-05-21 09:29:27.587474
COUGAR FORZA 50 ARGB 서린,42760,"1851,115X,2066,2011,1366,AMD4,AM2,2000",155.0,2026-05-21 09:29:27.587474
SCYTHE FUMA 3,42890,"115X,2066,2011,AMD4,1500",154.0,2026-05-21 09:29:27.587474
PCCOOLER CPS RC400-53,42900,"1851,115X,AMD4,2700",53.0,2026-05-21 09:29:27.587474
GELID TRANQUILLO Rev.3,43000,"115X,1366,AM2,1500",153.0,2026-05-21 09:29:27.587474
ID-COOLING IS-50X V3 Ver2.0,43890,"115X,AMD4,2000",56.0,2026-05-21 09:29:27.587474
Antec A400 RGB,44380,"115X,2066,2011,1366,AMD4,AM2,1800",155.0,2026-05-21 09:29:27.587474
쿨러마스터 HYPER 622 HALO,44380,"1851,115X,AMD4,1700,2050",157.0,2026-05-21 09:29:27.587474
3RSYS Socoool RC310 RGB,44830,"115X,AMD4,1500",155.0,2026-05-21 09:29:27.587474
PCCOOLER G6,44940,"2011,1851,115X,2066,AM2,AMD4,1600",158.0,2026-05-21 09:29:27.587474
darkFlash Ellsworth D21 ARGB,45470,"115X,AMD4,AM2,1600",155.0,2026-05-21 09:29:27.587474
타무즈 T660-V4D,45500,"1851,2066,115X,1366,2011,AMD4,1900",154.0,2026-05-21 09:29:27.587474
발키리 CL140,45500,"115X,1851,AMD4,2000",165.0,2026-05-21 09:29:27.587474
3RSYS Socoool RC1800 LITE,45500,"115X,AMD4,1600",156.0,2026-05-21 09:29:27.587474
잘만 CNPS10X PERFORMA ST,45640,"115X,AMD4,1500",155.0,2026-05-21 09:29:27.587474
COOLLEO B60T V2 3RSYS,45800,"1851,115X,AMD4,2000",157.0,2026-05-21 09:29:27.587474
PCCOOLER CPS RT620 PRO ARGB 카본스틸,45900,"1851,115X,AMD4,2200",153.0,2026-05-21 09:29:27.587474
Thermalright Peerless Assassin 120 SE ARGB,45900,"115X,AMD4,1550",155.0,2026-05-21 09:29:27.587474
DEEPCOOL AG620 G2 ARGB,46060,"1851,AMD4,2200",159.0,2026-05-21 09:29:27.587474
DEEPCOOL AK400 G2,46320,"1851,115X,AMD4,2200",156.0,2026-05-21 09:29:27.587474
에너맥스 ETS-F40-FS ARGB,46500,"1366,2011,115X,2066,AMD4,AM2,1200",158.0,2026-05-21 09:29:27.587474
Thermalright Assassin Spirit 120 EVO DARK 서린,46500,"115X,AMD4,1850",156.0,2026-05-21 09:29:27.587474
Thermalright AXP90-X47 서린,46700,"115X,AMD4,2700",47.0,2026-05-21 09:29:27.587474
Thermalright Peerless Assassin 120 SE WHITE ARGB 서린,46730,"115X,AMD4,1550",155.0,2026-05-21 09:29:27.587474
JONSBO CR-3000 ARGB,46800,"2011,2066,1851,115X,AMD4,1500",160.0,2026-05-21 09:29:27.587474
ID-COOLING FROZN A620 PRO XE ARGB 데이븐,47530,"1851,115X,AMD4,2000",157.0,2026-05-21 09:29:27.587474
PCCOOLER PALADIN S9 ARGB,47660,"2011,115X,2066,AMD4,1800",156.0,2026-05-21 09:29:27.587474
Thermalright Peerless Assassin 120 SE Extrem 서린,47700,"1851,115X,AMD4,1850",155.0,2026-05-21 09:29:27.587474
Thermalright COGAGE Sanction 120 서린,48000,"115X,AMD4,1550",153.0,2026-05-21 09:29:27.587474
ID-COOLING FROZN A620 데이븐,48015,"1851,115X,AMD4,2000",154.0,2026-05-21 09:29:27.587474
3RSYS Socoool RC 1100 PWM,48300,"115X,AMD4,1850",135.0,2026-05-21 09:29:27.587474
Thermalright AXP90-X36 서린,48400,"115X,AMD4,2700",36.0,2026-05-21 09:29:27.587474
몬스타 옥시푸스 델타 A62,48400,"1851,115X,AMD4,2000",156.0,2026-05-21 09:29:27.587474
LEADCOOL POONG AC-6200 BOOSTER ARGB,48950,"115X,2011,1366,1851,2066,AMD4,AM2,1105,1800",158.0,2026-05-21 09:29:27.587474
ID-COOLING SE-207-XT ADVANCED,49410,"115X,2066,2011,AMD4,1800",154.0,2026-05-21 09:29:27.587474
Thermalright SI-100 서린,49890,"115X,2011,2066,AMD4,2000",99.0,2026-05-21 09:29:27.587474
잘만 CNPS9X PERFORMA RGB,49890,"1851,115X,AMD4,1800",157.0,2026-05-21 09:29:27.587474
잘만 CNPS14X DUO,49890,"1851,115X,AMD4,AM2,2000",159.0,2026-05-21 09:29:27.587474
PentaWave Z05C EX TURBO,49900,"115X,1851,AMD4,3000",157.0,2026-05-21 09:29:27.587474
SCYTHE KOTETSU MARK II ARGB,49900,"115X,2066,2011,1366,AMD4,AM2,1500",154.0,2026-05-21 09:29:27.587474
Antec C400 BLUE LED,50000,"115X,2011,1366,AMD4,AM2,1900",155.0,2026-05-21 09:29:27.587474
ID-COOLING IS-55 BLACK,50530,"1851,115X,AMD4,2000",57.0,2026-05-21 09:29:27.587474
조이쿨 JC-1700-1U -125W,51000,6600,27.0,2026-05-21 09:29:27.587474
3RSYS Socoool RC-1300 ARGB,51000,"115X,AMD4,2100",152.0,2026-05-21 09:29:27.587474
Thermalright AXP90-X36,51340,"115X,AMD4,2700",36.0,2026-05-21 09:29:27.587474
COUGAR FORZA 85 ESSENTIAL 서린,51720,"1851,115X,2066,2011,1366,AMD4,AM2,2000",160.0,2026-05-21 09:29:27.587474
DEEPCOOL AK400 G2 DIGITAL NYX,51930,"1851,115X,AMD4,2200",156.0,2026-05-21 09:29:27.587474
타무즈 T660-V4D-ARGB,52000,"2066,2011,115X,1851,1366,AMD4,1900",154.0,2026-05-21 09:29:27.587474
ID-COOLING IS-55 ARGB,52130,"115X,AMD4,2000",55.0,2026-05-21 09:29:27.587474
ID-COOLING IS-67-XT 데이븐,52700,"1851,115X,AMD4,2200",67.0,2026-05-21 09:29:27.587474
be quiet PURE ROCK 3 블랙,52850,"1851,115X,AMD4,2000",154.0,2026-05-21 09:29:27.587474
Thermalright TRUE Spirit Ni,53000,"115X,1366,AM2,1500",163.0,2026-05-21 09:29:27.587474
EVERCOOL COOLMARKER CM-3647 2U SQUARE,53300,6800,64.0,2026-05-21 09:29:27.587474
Thermalright AXP90-X53 서린,53900,"115X,AMD4,2700",53.0,2026-05-21 09:29:27.587474
JONSBO CR-2100 AUTO RGB,54000,"115X,2011,1366,AMD4,AM2,1500",159.0,2026-05-21 09:29:27.587474
XIGMATEK Dark Knight SD1283 Night Hawk Edition,54500,"115X,2011,1366,AM2,2500",159.0,2026-05-21 09:29:27.587474
다산코퍼레이션 디프렌드 D620 ARGB 솔더링,54980,"115X,1851,AMD4,1700",157.0,2026-05-21 09:29:27.587474
REEVEN HANS,55000,"115X,2011,AM2,1500",155.0,2026-05-21 09:29:27.587474
DYNATRON K2,55990,"115X,4000",,2026-05-21 09:29:27.587474
DYNATRON K199,55990,"115X,5000",28.0,2026-05-21 09:29:27.587474
JIUSHARK JF200 ARGB,56000,"115X,1366,1851,2011,AMD4,1408,1500",158.0,2026-05-21 09:29:27.587474
DEEPCOOL AG620 DIGITAL,56070,"115X,1851,AMD4,1950",161.0,2026-05-21 09:29:27.587474
잘만 CNPS10X PERFORMA,56170,"115X,AMD4,1500",155.0,2026-05-21 09:29:27.587474
타무즈 T880-V4D,56200,"2011,2066,1366,115X,1851,AMD4,1900",154.0,2026-05-21 09:29:27.587474
ID-COOLING SE-207-XT SLIM,56420,"115X,2066,2011,AMD4,1800",135.0,2026-05-21 09:29:27.587474
발키리 EL125 ARGB,56500,"115X,1851,AMD4,2150",157.0,2026-05-21 09:29:27.587474
잘만 CNPS13X DS,56950,"115X,1851,AMD4,2000",159.0,2026-05-21 09:29:27.587474
Thermalright TRUE SPIRIT 120 REV.B 서린,57500,"2011,115X,2066,AMD4,1850",157.0,2026-05-21 09:29:27.587474
APNX AP1-V ARGB,57960,"115X,AMD4,1800",157.0,2026-05-21 09:29:27.587474
3RSYS Socoool 고요N PWM,58360,"1851,AMD4,2000",157.0,2026-05-21 09:29:27.587474
DEEPCOOL AG620,58690,"2011,2066,115X,1851,AMD4,1300,1800",157.0,2026-05-21 09:29:27.587474
JONSBO HX-6280 ARGB,59000,"1851,115X,AMD4,2000,2200",160.0,2026-05-21 09:29:27.587474
DEEPCOOL AK620 DIGITAL SE,59000,"1851,115X,AMD4,1400,1850",161.0,2026-05-21 09:29:27.587474
JIUSHARK JF800 Diamond,59000,"1366,1851,115X,AMD4,1850",159.0,2026-05-21 09:29:27.587474
DEEPCOOL AK400 DIGITAL PRO,59000,"115X,1851,AMD4,1750",159.0,2026-05-21 09:29:27.587474
JONSBO HX6200D WHITE ARGB,59430,"115X,AMD4,1800",63.0,2026-05-21 09:29:27.587474
Thermalright Phantom Spirit 120 SE ARGB,59500,"115X,AMD4,1035,1500",154.0,2026-05-21 09:29:27.587474
Thermalright Phantom Spirit 120 SE,59500,"115X,AMD4,1035,1500",154.0,2026-05-21 09:29:27.587474
Thermalright Royal Knight 120 SE 서린,59880,"115X,1851,AMD4,1500,1800",155.0,2026-05-21 09:29:27.587474
Thermalright True Spirit 140,60000,"115X,1366,AM2,1300",170.0,2026-05-21 09:29:27.587474
Thermalright Peerless Assassin 140 SE 서린,60900,"115X,1851,AMD4,1500,1850",158.0,2026-05-21 09:29:27.587474
DYNATRON K17,61260,"115X,2500",110.0,2026-05-21 09:29:27.587474
JONSBO HX6240,61500,"2066,2011,115X,1851,AMD4,1035,1800",162.0,2026-05-21 09:29:27.587474
be quiet PURE ROCK 3 LX,61640,"115X,1851,AMD4,2000",154.0,2026-05-21 09:29:27.587474
Thermalright Peerless Assassin 120 MINI 서린,61750,"2011,2066,115X,AMD4,1500",135.0,2026-05-21 09:29:27.587474
3RSYS Socoool 고요 ARGB,61880,"1851,AMD4,2000",157.0,2026-05-21 09:29:27.587474
Thermalright TA120 EX,61900,"115X,2066,2011,AMD4,1850",154.0,2026-05-21 09:29:27.587474
쿨러마스터 HYPER 212 HALO SF6 RYU WHITE,62000,"115X,1851,AMD4,2050",154.0,2026-05-21 09:29:27.587474
3RSYS Socoool RC-1800 Quiet 솔더링,62300,"115X,AMD4,1800",156.0,2026-05-21 09:29:27.587474
타무즈 T880-V4D-ARGB,62990,"2011,115X,1366,2066,1851,AMD4,1900",154.0,2026-05-21 09:29:27.587474
DEEPCOOL AK400,63090,"115X,1851,AMD4,1850",155.0,2026-05-21 09:29:27.587474
JIUSHARK JF800 Diamond ARGB,63500,"115X,1366,1851,AMD4,1850",159.0,2026-05-21 09:29:27.587474
Thermalright Assassin King 120 MINI WHITE ARGB 서린,63800,"115X,2011,2066,AMD4,1500",135.0,2026-05-21 09:29:27.587474
Thermalright AXP120-X67 서린,63800,"115X,AMD4,1800",67.0,2026-05-21 09:29:27.587474
Thermalright TRUE Spirit 140 Direct,64000,"115X,2011,1366,AM2,1300",161.0,2026-05-21 09:29:27.587474
PentaWave Z06D,64300,"2011,2066,1851,115X,AMD4,1950",158.0,2026-05-21 09:29:27.587474
Thermalright SI-100 WHITE ARGB,64380,"2011,115X,2066,AMD4,2000",99.0,2026-05-21 09:29:27.587474
Thermalright Peerless Assassin 140 SE ARGB 서린,65490,"1851,115X,AMD4,1500,1850",158.0,2026-05-21 09:29:27.587474
GELID ANTARCTICA,65500,"115X,1366,AM2,1500",160.0,2026-05-21 09:29:27.587474
Thermalright Peerless Assassin 120 BLACK 서린,65900,"2011,115X,2066,AMD4,1550",157.0,2026-05-21 09:29:27.587474
DYNATRON B11,66100,4000,110.0,2026-05-21 09:29:27.587474
Thermalright Royal Knight 120 서린,66250,"2066,1851,2011,115X,AMD4,2150,1900",156.0,2026-05-21 09:29:27.587474
DYNATRON A35,66460,3800,110.0,2026-05-21 09:29:27.587474
DYNATRON B5,66470,7000,66.0,2026-05-21 09:29:27.587474
DYNATRON Q6,67960,6000,110.0,2026-05-21 09:29:27.587474
DYNATRON K555,67970,"115X,4500",67.0,2026-05-21 09:29:27.587474
DYNATRON Q3,67970,7000,28.0,2026-05-21 09:29:27.587474
DYNATRON U10,67970,"1851,115X,AMD4,3200",30.0,2026-05-21 09:29:27.587474
DYNATRON R14,67980,"2011,7000",67.0,2026-05-21 09:29:27.587474
DYNATRON R27,67980,"2011,3800",110.0,2026-05-21 09:29:27.587474
DYNATRON B14,68000,4000,110.0,2026-05-21 09:29:27.587474
Thermalright Peerless Assassin 120 서린,68000,"115X,2011,2066,AMD4,1020,1550",157.0,2026-05-21 09:29:27.587474
ARCTIC Freezer 34 eSports DUO,69000,"115X,2066,2011,AMD4,2100",157.0,2026-05-21 09:29:27.587474
DEEPCOOL AK620,69000,"115X,2066,1851,2011,AMD4,1456,1850",160.0,2026-05-21 09:29:27.587474
be quiet SHADOW ROCK SLIM 2,69000,"2011,115X,2066,AMD4,AM2,1400",161.0,2026-05-21 09:29:27.587474
ALSEYE M120D PLUS,69490,"115X,2066,2011,1366,AMD4,1900",160.0,2026-05-21 09:29:27.587474
Thermalright AXP120-X67 ARGB 서린,69500,"2066,115X,AMD4,1800",67.0,2026-05-21 09:29:27.587474
Thermalright Peerless Assassin 120 Digital 서린,69690,"1851,115X,AMD4,1850",162.0,2026-05-21 09:29:27.587474
CRYORIG H5 ULTIMATE,70000,"115X,2011,1366,AM2,1300",168.0,2026-05-21 09:29:27.587474
잘만 CNPS16X,71080,"2011,115X,2066,AMD4,AM2,1500",165.0,2026-05-21 09:29:27.587474
DEEPCOOL AG620 DIGITAL ARGB,71230,"115X,1851,AMD4,1950",161.0,2026-05-21 09:29:27.587474
3RSYS Socoool RC 1800 Quiet ARGB,71400,"115X,AMD4,1800",156.0,2026-05-21 09:29:27.587474
발키리 SL125,71500,"115X,2066,2011,AMD4,2150",158.0,2026-05-21 09:29:27.587474
be quiet PURE ROCK PRO 3,71590,"115X,1851,AMD4,2000",155.0,2026-05-21 09:29:27.587474
DYNATRON Q5,71650,8000,65.0,2026-05-21 09:29:27.587474
DYNATRON S5,71650,1100,66.0,2026-05-21 09:29:27.587474
COUGAR FORZA 85 ARGB 서린,71660,"1851,115X,2066,2011,1366,AMD4,AM2,2000",160.0,2026-05-21 09:29:27.587474
Thermalright Peerless Assassin 120 WHITE ARGB 서린,71700,"2066,115X,2011,AMD4,1020,1500",157.0,2026-05-21 09:29:27.587474
REEVEN OURANOS,72000,"115X,2011,1366,AM2,1030,1700",161.0,2026-05-21 09:29:27.587474
DYNATRON S6,72580,4500,110.0,2026-05-21 09:29:27.587474
DYNATRON N11,72580,8500,66.0,2026-05-21 09:29:27.587474
DYNATRON N3,72580,8600,27.0,2026-05-21 09:29:27.587474
앱코 타이폰 120X5 PRO ARGB,72660,"115X,AMD4,1800",157.0,2026-05-21 09:29:27.587474
잘만 ZET 5 솔더링,73060,"1851,115X,AMD4,2000",158.0,2026-05-21 09:29:27.587474
be quiet SHADOW ROCK 3 WHITE,73400,"115X,2066,2011,AMD4,AM2,1600",163.0,2026-05-21 09:29:27.587474
COOLLEO B60T LCD SERIES 3RSYS,75300,"1851,115X,AMD4,2000",159.0,2026-05-21 09:29:27.587474
NOCTUA NH-L9a-AM5,75400,2500,37.0,2026-05-21 09:29:27.587474
쿨러마스터 HYPER 612 APEX,75480,"115X,1851,AMD4,2400",159.0,2026-05-21 09:29:27.587474
Thermalright Peerless Assassin 140 서린,75490,"2066,1851,2011,115X,AMD4,1500",158.0,2026-05-21 09:29:27.587474
be quiet PURE ROCK PRO 3 블랙,75500,"1851,115X,AMD4,2000",155.0,2026-05-21 09:29:27.587474
NOCTUA NH-L9i,75500,"115X,2500",37.0,2026-05-21 09:29:27.587474
NOCTUA NH-L9i-17xx,75710,"1851,2500",37.0,2026-05-21 09:29:27.587474
3RSYS Socoool RC1900N 솔더링,75950,"1851,115X,AMD4,1600,2200",157.0,2026-05-21 09:29:27.587474
SNOWMAN AX660 PRO-ARGB 뚜까리6,76200,"1851,115X,1366,AMD4,1900",162.0,2026-05-21 09:29:27.587474
be quiet SHADOW ROCK 3 WHITE 서린,77000,"115X,2011,2066,AMD4,1600",163.0,2026-05-21 09:29:27.587474
Thermalright AXP-100RH,77000,"115X,2011,1366,AM2,2500",65.0,2026-05-21 09:29:27.587474
NOCTUA NH-L9a-AM4,77300,"AMD4,2500",37.0,2026-05-21 09:29:27.587474
DEEPCOOL AK500 ZERO DARK,77390,"115X,2066,2011,AMD4,1040,1850",158.0,2026-05-21 09:29:27.587474
3RSYS Socoool RC 1000,79000,"115X,2066,2011,AMD4,1080,1600",156.0,2026-05-21 09:29:27.587474
DEEPCOOL AK620 G2 DIGITAL NYX,79000,"115X,1851,AMD4,2000",159.0,2026-05-21 09:29:27.587474
Thermalright Peerless Assassin 120 Digital ARGB 서린,79000,"1851,115X,AMD4,1850",162.0,2026-05-21 09:29:27.587474
써멀테이크 ASTRIA 600 ARGB Lighting,79380,"2066,115X,1851,2011,AMD4,1800",160.0,2026-05-21 09:29:27.587474
be quiet SHADOW ROCK 3 서린,79560,"115X,2066,2011,AMD4,1600",163.0,2026-05-21 09:29:27.587474
Thermalright AXP90-X53 FULL 서린,79750,"115X,AMD4,2700",53.0,2026-05-21 09:29:27.587474
ALSEYE W700 Pro,79900,"1851,115X,1366,2066,2011,AMD4,3000",160.0,2026-05-21 09:29:27.587474
3RSYS Socoool RC1900 ARGB 솔더링,80490,"1851,115X,AMD4,1600,2200",157.0,2026-05-21 09:29:27.587474
3RSYS Socoool RC1910 Quiet 쌍철봉,80780,"1851,115X,AMD4,2000",157.0,2026-05-21 09:29:27.587474
Thermalright Royal Pretor 130 서린,81380,"2066,115X,1851,2011,AMD4,1750,2150",158.0,2026-05-21 09:29:27.587474
3RSYS Socoool RC1910N Quiet 쌍철봉,82500,"115X,1851,AMD4,2000",157.0,2026-05-21 09:29:27.587474
Thermalright AXP90-X47 FULL 서린,82760,"115X,AMD4,2700",47.0,2026-05-21 09:29:27.587474
Thermalright SILVER SOUL 110 서린,83000,"2011,115X,2066,AMD4,2500",110.0,2026-05-21 09:29:27.587474
SNOWMAN AX880 PRO-ARGB 뚜까리8,83100,"1851,115X,1366,AMD4,1900",162.0,2026-05-21 09:29:27.587474
DYNATRON S3,83580,8600,27.0,2026-05-21 09:29:27.587474
SilverStone SST-XE02-SP3S 마이크로닉스,83670,8400,117.0,2026-05-21 09:29:27.587474
Thermalright Peerless Assassin 140 Digital 서린,84590,"1851,115X,2066,2011,AMD4,1500,1850",165.0,2026-05-21 09:29:27.587474
Thermalright FROST TOWER 120 서린,84700,"2011,115X,2066,AMD4,1075,1850",154.0,2026-05-21 09:29:27.587474
ARCTIC Freezer 4U-M 피씨디렉트,85700,2300,145.0,2026-05-21 09:29:27.587474
NOCTUA NH-L9a-AM4 chromax.black,85750,"AMD4,2500",37.0,2026-05-21 09:29:27.587474
NOCTUA NH-L9i-17xx chromax.black,85750,"1851,2500",37.0,2026-05-21 09:29:27.587474
NOCTUA NH-L9a-AM5 chromax.black,85750,2500,37.0,2026-05-21 09:29:27.587474
DEEPCOOL AK620 G2,85840,"115X,1851,AMD4,2000",159.0,2026-05-21 09:29:27.587474
ID-COOLING FROZN A720 데이븐,86330,"2011,115X,2066,1851,AMD4,1800",163.0,2026-05-21 09:29:27.587474
DYNATRON B9,86720,5000,28.0,2026-05-21 09:29:27.587474
DEEPCOOL AN600,86740,"115X,AMD4,1850",67.0,2026-05-21 09:29:27.587474
COUGAR FORZA 135 서린,87000,"1851,115X,2066,2011,1366,AMD4,AM2,1391,1500,2000",160.0,2026-05-21 09:29:27.587474
3RSYS Socoool RC1920 DIGITAL 쌍철봉,87450,"1851,115X,AMD4,1600,2200",157.0,2026-05-21 09:29:27.587474
DEEPCOOL AK700 DIGITAL NYX,87700,"1851,115X,AMD4,2700",157.0,2026-05-21 09:29:27.587474
DEEPCOOL AK700 DIGITAL,87700,"1851,115X,AMD4,2700",157.0,2026-05-21 09:29:27.587474
ARCTIC Freezer 4U-M 서린,87890,2300,145.0,2026-05-21 09:29:27.587474
Thermalright Peerless Assassin 120 VISION 서린,88790,"1851,2011,2066,115X,AMD4,1850",162.0,2026-05-21 09:29:27.587474
Supermicro 2U Passive SNK-P0083P,88890,,,2026-05-21 09:29:27.587474
DYNATRON Q11P,89300,"1851,3800",130.0,2026-05-21 09:29:27.587474
EVERCOOL COOLMARKER CM-1700 3U 270W,89490,"1851,5000",125.0,2026-05-21 09:29:27.587474
잘만 CNPS9900 MAX 블루,90000,"115X,2066,2011,1366,AMD4,AM2,1700",152.0,2026-05-21 09:29:27.587474
잘만 CNPS9500 AT,90000,115X,125.0,2026-05-21 09:29:27.587474
잘만 CNPS9700 LED,90000,"115X,AM2,2800",142.0,2026-05-21 09:29:27.587474
Thermalright Macho Zero,91000,"115X,2011,1366,AM2",162.0,2026-05-21 09:29:27.587474
Thermalright Peerless Assassin 120 VISION ARGB 서린,91680,"1851,2011,2066,115X,AMD4,1850",162.0,2026-05-21 09:29:27.587474
NOCTUA NH-D9L,92180,"1851,115X,AMD4,2000",110.0,2026-05-21 09:29:27.587474
be quiet DARK ROCK SLIM 서린,92800,"2011,115X,1366,2066,AMD4,1500",159.0,2026-05-21 09:29:27.587474
SilverStone SST-XE02-4189 마이크로닉스,94300,1000,65.0,2026-05-21 09:29:27.587474
NOCTUA NH-L9x65,95500,"1851,115X,AMD4,2500",65.0,2026-05-21 09:29:27.587474
be quiet DARK ROCK SLIM,96000,"115X,2066,2011,1366,AMD4,AM2,1500",159.0,2026-05-21 09:29:27.587474
Thermalright AXP-200,97000,"115X,2011,1366,AM2",73.0,2026-05-21 09:29:27.587474
be quiet PURE ROCK PRO 3 LX,97010,"115X,1851,AMD4,2000",155.0,2026-05-21 09:29:27.587474
DEEPCOOL AK620 DIGITAL PRO,99740,"2066,1851,2011,115X,AMD4,1750",163.0,2026-05-21 09:29:27.587474
Supermicro 2U Active SNK-P0063AP4,100580,8400,,2026-05-21 09:29:27.587474
NOCTUA NH-U9S,100680,"115X,1851,AMD4,2000",125.0,2026-05-21 09:29:27.587474
NOCTUA NH-L12S,101360,"1851,115X,AMD4,1850",70.0,2026-05-21 09:29:27.587474
SilverStone SST-XE02-1700S 마이크로닉스,102820,"1851,1000",66.0,2026-05-21 09:29:27.587474
아이보라 2U-SP5,110140,1000,64.0,2026-05-21 09:29:27.587474
Thermalright Archon IB-E X2,112000,"115X,2011,1366,AM2,1300",165.0,2026-05-21 09:29:27.587474
3RSYS Socoool RC1800 ARGB,113090,"115X,AMD4,1600",156.0,2026-05-21 09:29:27.587474
GAMDIAS BOREAS M2-61L,113320,"1851,115X,AMD4,2000",160.0,2026-05-21 09:29:27.587474
NOCTUA NH-U12S,115230,"1851,115X,AMD4,1500",158.0,2026-05-21 09:29:27.587474
CORSAIR A115,117760,"115X,AMD4,1600",164.0,2026-05-21 09:29:27.587474
DEEPCOOL AK620 DIGITAL,120000,"2066,115X,2011,AMD4,1486,1850",162.0,2026-05-21 09:29:27.587474
DEEPCOOL ASSASSIN 4S,120560,"2011,2066,115X,AMD4,1700",164.0,2026-05-21 09:29:27.587474
Supermicro 4U Active SNK-P0081AP4,121000,5000,,2026-05-21 09:29:27.587474
SilverStone SST-XE02-SP5 마이크로닉스,121240,1000,118.0,2026-05-21 09:29:27.587474
Supermicro 2U Passive SNK-P0088P,124890,,,2026-05-21 09:29:27.587474
Thermalright Silver Arrow ITX,124900,"115X,2011,1366,AM2,1300",165.0,2026-05-21 09:29:27.587474
SilverStone SST-XE04-4189 마이크로닉스,125060,5000,126.0,2026-05-21 09:29:27.587474
NOCTUA NH-L12Sx77,125750,"1851,115X,AMD4,1850",77.0,2026-05-21 09:29:27.587474
잘만 CNPS20X,126000,"115X,2066,2011,AMD4,AM2,1300,1500",165.0,2026-05-21 09:29:27.587474
SilverStone SST-XE02-4677 마이크로닉스,126540,1000,65.0,2026-05-21 09:29:27.587474
PentaWave Z06D EX TURBO,126900,"1851,2066,2011,115X,AMD4,3000",158.0,2026-05-21 09:29:27.587474
Thermalright FROST SPIRIT 140 WHITE V3,131270,"115X,AMD4,1280,1500",158.0,2026-05-21 09:29:27.587474
NOCTUA NH-C14S,131840,"1851,115X,AMD4,1015,1500",142.0,2026-05-21 09:29:27.587474
Thermalright Phantom Spirit 120 VISION SNOW 서린,132790,"115X,1851,AMD4,2150",160.0,2026-05-21 09:29:27.587474
Thermalright Peerless Assassin 120 Vision MAX ARGB 서린,133200,"1851,115X,AMD4,2150",164.0,2026-05-21 09:29:27.587474
be quiet DARK ROCK 5,134300,"115X,AMD4,2100",161.0,2026-05-21 09:29:27.587474
Thermalright Phantom Spirit 120 VISION EVO 서린,134950,"115X,1851,AMD4,2150",160.0,2026-05-21 09:29:27.587474
발키리 R125-L LCD ARGB,139000,"2066,1851,115X,2011,AMD4,2150",162.0,2026-05-21 09:29:27.587474
SilverStone XE04-4677V 마이크로닉스,140400,5000,126.0,2026-05-21 09:29:27.587474
Supermicro 4U Active SNK-P0084AP4,141000,4700,,2026-05-21 09:29:27.587474
DEEPCOOL ASSASSIN 4,145080,"2011,115X,2066,AMD4,1575,1700",164.0,2026-05-21 09:29:27.587474
NOCTUA NH-D15S,147060,"1851,115X,AMD4,1500",160.0,2026-05-21 09:29:27.587474
SilverStone SST-XE04-SP5 마이크로닉스,147900,5000,118.0,2026-05-21 09:29:27.587474
SilverStone SST-XE04-4677B 마이크로닉스,147990,5000,118.0,2026-05-21 09:29:27.587474
SilverStone SST-XE04-SP6P 마이크로닉스,148220,5000,126.0,2026-05-21 09:29:27.587474
NOCTUA NH-D12L,149300,"115X,1851,AMD4,2000",145.0,2026-05-21 09:29:27.587474
DEEPCOOL ASSASSIN VC ELITE,152860,"2066,2011,115X,1851,AMD4,1800",164.0,2026-05-21 09:29:27.587474
쿨러마스터 MASTER AIR MA824 STEALTH 해외구매,152910,"1851,115X,AMD4,2250,1550,1950",165.0,2026-05-21 09:29:27.587474
쿨러마스터 MASTERAIR MA624 STEALTH,154000,"115X,2066,2011,1366,AMD4,AM2,1400",160.0,2026-05-21 09:29:27.587474
NOCTUA NH-D15S chromax.black,163290,"1851,115X,AMD4,1500",160.0,2026-05-21 09:29:27.587474
NOCTUA NH-D12L chromax.black,165200,"1851,115X,AMD4,2000",145.0,2026-05-21 09:29:27.587474
NOCTUA NH-D15,167260,"1851,115X,AMD4,1320,1500",165.0,2026-05-21 09:29:27.587474
PCCOOLER CPS RZ820,169000,"2066,2011,115X,1851,AMD4,2200,1500",165.0,2026-05-21 09:29:27.587474
be quiet DARK ROCK PRO 5,170100,"115X,AMD4,1500,2000",168.0,2026-05-21 09:29:27.587474
DEEPCOOL ASSASSIN 4 VC VISION,171260,"1851,115X,AMD4,1800",172.0,2026-05-21 09:29:27.587474
써멀테이크 WAir,177490,1500,165.0,2026-05-21 09:29:27.587474
NOCTUA NH-U12A,179600,"115X,1851,AMD4,1220,2000",158.0,2026-05-21 09:29:27.587474
NOCTUA NH-D15 chromax.black,179600,"1851,115X,AMD4,1320,1500",165.0,2026-05-21 09:29:27.587474
NOCTUA NH-P1,180620,"115X,2066,2011,AMD4,1180",158.0,2026-05-21 09:29:27.587474
발키리 DX140 LCD ARGB,189000,"2011,115X,1851,2066,AMD4,2150,2000",167.0,2026-05-21 09:29:27.587474
쿨러마스터 MASTERAIR MAKER 8,195000,"115X,2011,1366,AM2,1800",172.0,2026-05-21 09:29:27.587474
NOCTUA NH-U12A chromax.black,196190,"1851,115X,AMD4,1220,2000",158.0,2026-05-21 09:29:27.587474
NOCTUA NH-D9 DX-4677 4U,196240,2500,134.0,2026-05-21 09:29:27.587474
NOCTUA NH-D9 TR5-SP6 4U,198050,2500,134.0,2026-05-21 09:29:27.587474
be quiet DARK ROCK ELITE,202000,"115X,AMD4,2000",168.0,2026-05-21 09:29:27.587474
TRYX TURRIS 620,207140,"1851,AMD4,1850,1800",165.0,2026-05-21 09:29:27.587474
PCCOOLER CPS RZ820 DISPLAY,209000,"2066,1851,2011,115X,AMD4,2500,1500",169.0,2026-05-21 09:29:27.587474
NOCTUA NH-U14S DX-4677,211800,"1136,1500",165.0,2026-05-21 09:29:27.587474
NOCTUA NH-U12S DX-4677,213730,"1018,2000",158.0,2026-05-21 09:29:27.587474
NOCTUA NH-U14S TR5-SP6,214000,1500,165.0,2026-05-21 09:29:27.587474
NOCTUA NH-D15 G2 LBC,247390,"115X,1851,AMD4,1500",168.0,2026-05-21 09:29:27.587474
NOCTUA NH-D15 G2,251080,"1851,115X,AMD4,1500",168.0,2026-05-21 09:29:27.587474
SilverStone SST-XED120S-WS 마이크로닉스,254130,3000,145.0,2026-05-21 09:29:27.587474
NOCTUA NH-D15 G2 chromax.black,265800,"1851,115X,AMD4,1500",168.0,2026-05-21 09:29:27.587474
Thermalright Phantom Spirit 120 EVO 서린,880000,"2066,115X,2011,AMD4,2150",157.0,2026-05-21 09:29:27.587474
