name,price,size,gpu_length,cooler_length,created_at
리안리 LAN207-1 전면 먼지 필터,6900,,,,2026-04-15 11:25:59.795471
마이크로닉스 WIZMAX 파워업 키트,9880,,,,2026-04-15 11:25:59.795471
투민시스템 TM40,12870,ATX,260.0,145.0,2026-04-15 11:25:59.795471
투민시스템 TM50,12880,ATX,250.0,145.0,2026-04-15 11:25:59.795471
컴이지 킹덤 박스 미니,13490,ATX,250.0,145.0,2026-04-15 11:25:59.795471
DAVEN 라피네,15020,ATX,240.0,147.0,2026-04-15 11:25:59.795471
앱코 C10M 컴팩트,15900,ATX,230.0,145.0,2026-04-15 11:25:59.795471
Fractal Design USB-C 10Gbps Cable Model D,17380,,,,2026-04-15 11:25:59.795471
마이크로닉스 COOLMAX 댄디,17900,ATX,260.0,138.0,2026-04-15 11:25:59.795471
컴이지 킹덤 도트 미니,18210,ATX,240.0,165.0,2026-04-15 11:25:59.795471
Fractal Design Hard Drive Cage Kit - Type B,18300,,,,2026-04-15 11:25:59.795471
DAVEN V500,18900,ATX,280.0,160.0,2026-04-15 11:25:59.795471
darkFlash DK110,19270,ATX,285.0,160.0,2026-04-15 11:25:59.795471
앱코 O10M 오피스 라이트,19600,ATX,260.0,135.0,2026-04-15 11:25:59.795471
마이크로닉스 COOLMAX 버디,19830,ATX,330.0,160.0,2026-04-15 11:25:59.795471
DAVEN V200,19850,ATX,250.0,140.0,2026-04-15 11:25:59.795471
투민시스템 TA100 RGB 강화유리,19870,ATX,280.0,160.0,2026-04-15 11:25:59.795471
앱코 U10M 큐빅 라이트,19900,ATX,300.0,160.0,2026-04-15 11:25:59.795471
마이크로닉스 COOLMAX HEAVEN,20000,ATX,280.0,150.0,2026-04-15 11:25:59.795471
리안리 LAN216-1W ARGB Control & USB Module,20200,,,,2026-04-15 11:25:59.795471
3RSYS R30,20360,MATX,250.0,140.0,2026-04-15 11:25:59.795471
darkFlash DMO11,20390,ATX,270.0,165.0,2026-04-15 11:25:59.795471
앱코 O31M 태스크 미니,20800,ATX,265.0,160.0,2026-04-15 11:25:59.795471
리안리 A3-2 강화유리 사이드 패널,20840,,,,2026-04-15 11:25:59.795471
마이크로닉스 COOLMAX 가성비 NO.2,20890,ATX,310.0,152.0,2026-04-15 11:25:59.795471
DAVEN AQUA Lite,20900,ATX,280.0,165.0,2026-04-15 11:25:59.795471
3RSYS R40,20920,ATX,270.0,158.0,2026-04-15 11:25:59.795471
싸이번 LIMPID Micro-1,21000,ATX,280.0,165.0,2026-04-15 11:25:59.795471
3RSYS J210 해머,21000,ATX,350.0,157.0,2026-04-15 11:25:59.795471
앱코 O20M 오피스,23600,ATX,260.0,145.0,2026-04-15 11:25:59.795471
앱코 NCORE 언더바,23700,ATX,310.0,163.0,2026-04-15 11:25:59.795471
싸이번 EDGE CV-Z3 iCafe,23900,ATX,340.0,160.0,2026-04-15 11:25:59.795471
마이크로닉스 WIZMAX H100 V2,24000,ATX,330.0,160.0,2026-04-15 11:25:59.795471
마이크로닉스 WIZMAX 아스트라,24056,ATX,300.0,155.0,2026-04-15 11:25:59.795471
3RSYS R370 RGB,24480,ATX,275.0,,2026-04-15 11:25:59.795471
앱코 UD20M 미니웨일,25700,ATX,325.0,155.0,2026-04-15 11:25:59.795471
마이크로닉스 WIZMAX 오로라,26550,ATX,250.0,157.0,2026-04-15 11:25:59.795471
EDDY A0,26700,ATX,345.0,160.0,2026-04-15 11:25:59.795471
3RSYS R120,26900,MATX,320.0,160.0,2026-04-15 11:25:59.795471
3RSYS R150,27620,ATX,320.0,160.0,2026-04-15 11:25:59.795471
잘만 T6,27940,ATX,280.0,165.0,2026-04-15 11:25:59.795471
잘만 T3 PLUS,28480,ATX,290.0,150.0,2026-04-15 11:25:59.795471
투민시스템 TA200 AIR1 RGB 강화유리,28790,ATX,330.0,155.0,2026-04-15 11:25:59.795471
리안리 PC-O11D EVO RGB 프론트 메쉬 킷,28800,,,,2026-04-15 11:25:59.795471
마이크로닉스 WIZMAX 오닉스,29000,ATX,270.0,160.0,2026-04-15 11:25:59.795471
darkFlash DCM30 RGB 강화유리,29360,ATX,325.0,155.0,2026-04-15 11:25:59.795471
잘만 T8,29420,ATX,295.0,,2026-04-15 11:25:59.795471
2MONS 엘포즈7,29490,MATX,180.0,80.0,2026-04-15 11:25:59.795471
3RSYS K105,29500,ATX,305.0,155.0,2026-04-15 11:25:59.795471
주연테크 굿워크 D1,29900,MATX,260.0,145.0,2026-04-15 11:25:59.795471
DAVEN AQUA,30555,ATX,350.0,160.0,2026-04-15 11:25:59.795471
앱코 G21M 니트,30900,ATX,325.0,157.0,2026-04-15 11:25:59.795471
마이크로닉스 Glory,31150,ATX,280.0,140.0,2026-04-15 11:25:59.795471
잘만 T4 PLUS,31720,MATX,320.0,157.0,2026-04-15 11:25:59.795471
GAMDIAS TALOS E3 메쉬,31900,ATX,300.0,160.0,2026-04-15 11:25:59.795471
MSI MAG 포지 120A 에어플로우,31900,ATX,330.0,160.0,2026-04-15 11:25:59.795471
앱코 NCORE 커넬 강화유리,32500,ATX,290.0,160.0,2026-04-15 11:25:59.795471
마이크로닉스 오피스,32620,ATX,317.0,161.0,2026-04-15 11:25:59.795471
3RSYS J540,32620,ATX,295.0,165.0,2026-04-15 11:25:59.795471
앱코 G26M 메가플로우 미니 MESH,32800,ATX,350.0,165.0,2026-04-15 11:25:59.795471
darkFlash DK301M RGB MESH 강화유리,32940,ATX,295.0,160.0,2026-04-15 11:25:59.795471
싸이번 SD600 도미닉 RGB,33200,ATX,330.0,160.0,2026-04-15 11:25:59.795471
마이크로닉스 COOLMAX 레디,33400,ATX,325.0,160.0,2026-04-15 11:25:59.795471
마이크로닉스 WIZMAX 우퍼 딥톤,33853,ATX,295.0,155.0,2026-04-15 11:25:59.795471
darkFlash DCM33 RGB,33920,ATX,325.0,155.0,2026-04-15 11:25:59.795471
DAVEN 아쿠아 마린보이,33950,EATX,360.0,170.0,2026-04-15 11:25:59.795471
3RSYS R200,34560,ATX,320.0,160.0,2026-04-15 11:25:59.795471
앱코 U20M 큐빅 미니,34700,ATX,350.0,165.0,2026-04-15 11:25:59.795471
DAVEN D4 MESH,34810,ATX,330.0,173.0,2026-04-15 11:25:59.795471
마이크로닉스 WIZMAX 문 + MANIC 트윙클 Digital RGB Sync,35820,ATX,325.0,175.0,2026-04-15 11:25:59.795471
darkFlash GCB470 라이저 케이블 지지대 KIT,36160,,,,2026-04-15 11:25:59.795471
DAVEN AQUARIUM 미니,36500,ATX,430.0,160.0,2026-04-15 11:25:59.795471
마이크로닉스 COOLMAX 멜로디 View,36880,ATX,355.0,165.0,2026-04-15 11:25:59.795471
잘만 N3 FM 강화유리,37110,ATX,310.0,163.0,2026-04-15 11:25:59.795471
darkFlash DK200 RGB 강화유리,37390,ATX,320.0,160.0,2026-04-15 11:25:59.795471
darkFlash DK200 RGB ADVANCED 강화유리,37460,ATX,,160.0,2026-04-15 11:25:59.795471
darkFlash PCIe 4.0 라이저 케이블,37490,,,,2026-04-15 11:25:59.795471
DAVEN V300,37640,MATX,315.0,160.0,2026-04-15 11:25:59.795471
DAVEN U300,37640,ATX,310.0,135.0,2026-04-15 11:25:59.795471
DAVEN N1 MESH,37830,MATX,240.0,75.0,2026-04-15 11:25:59.795471
3RSYS R190,37830,ATX,400.0,170.0,2026-04-15 11:25:59.795471
대양케이스 ARIGUE 240 RGB,37880,ATX,330.0,175.0,2026-04-15 11:25:59.795471
오존컴퍼니 VIPER MINI ITX,38000,,,,2026-04-15 11:25:59.795471
마이크로닉스 GL1 모타,38000,ATX,345.0,160.0,2026-04-15 11:25:59.795471
싸이번 LIMPID SC-M5,38060,ATX,420.0,165.0,2026-04-15 11:25:59.795471
잘만 N6 백사십,38260,ATX,325.0,175.0,2026-04-15 11:25:59.795471
darkFlash DS500M RGB,38460,ATX,405.0,165.0,2026-04-15 11:25:59.795471
앱코 G15 세이퍼 아크릴,38500,ATX,300.0,160.0,2026-04-15 11:25:59.795471
앱코 G20 에픽 강화유리,38500,ATX,325.0,160.0,2026-04-15 11:25:59.795471
Antec NX200M MESH 강화유리,38500,ATX,290.0,155.0,2026-04-15 11:25:59.795471
잘만 N30 백사십,38680,ATX,430.0,180.0,2026-04-15 11:25:59.795471
마이크로닉스 COOLMAX 크리스탈,38680,ATX,410.0,155.0,2026-04-15 11:25:59.795471
2MONS 엘포즈8 Type C,38980,MATX,180.0,80.0,2026-04-15 11:25:59.795471
AONE PCI-E 4.0 16X 300mm 라이저케이블,39000,,,,2026-04-15 11:25:59.795471
BRAVOTEC 트레저 X7 720T 타이탄 글래스,39000,ATX,320.0,164.0,2026-04-15 11:25:59.795471
마이크로닉스 COOLMAX 멜로디 XL View,39000,ATX,410.0,165.0,2026-04-15 11:25:59.795471
AONE PCI-E 4.0 16X 250mm 라이저 케이블,39000,,,,2026-04-15 11:25:59.795471
darkFlash DB330X RGB 강화유리,39060,ATX,360.0,185.0,2026-04-15 11:25:59.795471
3RSYS K201,39120,ATX,400.0,167.0,2026-04-15 11:25:59.795471
3RSYS R50 넥스,39140,ATX,320.0,168.0,2026-04-15 11:25:59.795471
싸이번 EDGE CV-R5,39500,ATX,420.0,174.0,2026-04-15 11:25:59.795471
darkFlash DRX50 MESH RGB 강화유리,39500,ATX,305.0,180.0,2026-04-15 11:25:59.795471
darkFlash DB460M MESH RGB,39550,ATX,420.0,174.0,2026-04-15 11:25:59.795471
3RSYS R260,39620,ATX,320.0,160.0,2026-04-15 11:25:59.795471
잘만 M4 SE,39820,ATX,320.0,157.0,2026-04-15 11:25:59.795471
DAVEN AQUA 다이버,39840,EATX,400.0,165.0,2026-04-15 11:25:59.795471
COUGAR PURITY RGB,39890,MATX,305.0,160.0,2026-04-15 11:25:59.795471
앱코 G26 메가플로우 MESH,39900,ATX,400.0,165.0,2026-04-15 11:25:59.795471
앱코 U20MP 큐빅 미니+ 디스플레이,39900,ATX,350.0,165.0,2026-04-15 11:25:59.795471
DAVEN SIX FLOW,40500,ATX,350.0,185.0,2026-04-15 11:25:59.795471
DAVEN D6 MESH 강화유리,40630,ATX,330.0,173.0,2026-04-15 11:25:59.795471
darkFlash DS500 RGB,40660,ATX,405.0,165.0,2026-04-15 11:25:59.795471
2MONS 엘-미니멀,40840,MATX,220.0,75.0,2026-04-15 11:25:59.795471
darkFlash DP360 MESH RGB 강화유리,40850,ATX,350.0,180.0,2026-04-15 11:25:59.795471
마이크로닉스 WIZMAX 벨라,40910,MATX,250.0,60.0,2026-04-15 11:25:59.795471
2MONS 엘포즈8 type SD,41290,MATX,180.0,80.0,2026-04-15 11:25:59.795471
마이크로닉스 BOHEMIAN GUSTO,41516,ATX,315.0,136.0,2026-04-15 11:25:59.795471
잘만 N7 Plus V2,41580,ATX,340.0,160.0,2026-04-15 11:25:59.795471
마이크로닉스 WIZMAX 에어리안 130,41613,ATX,330.0,180.0,2026-04-15 11:25:59.795471
1stPlayer T7-P,42000,ATX,340.0,185.0,2026-04-15 11:25:59.795471
1stPlayer Mi5,42500,ATX,420.0,165.0,2026-04-15 11:25:59.795471
잘만 N4 CTRL,42870,ATX,315.0,163.0,2026-04-15 11:25:59.795471
darkFlash DS900M RGB 강화유리,42960,ATX,425.0,170.0,2026-04-15 11:25:59.795471
darkFlash DK370 MESH RGB 강화유리,43000,ATX,340.0,160.0,2026-04-15 11:25:59.795471
앱코 U30 마린,43900,ATX,400.0,165.0,2026-04-15 11:25:59.795471
마이크로닉스 EM1-Woofer 시그니처 에디션,44110,ATX,320.0,160.0,2026-04-15 11:25:59.795471
마이크로닉스 COOLMAX 스테디,44550,ATX,355.0,165.0,2026-04-15 11:25:59.795471
잘만 N30 백사십 PLUS,44670,ATX,430.0,180.0,2026-04-15 11:25:59.795471
마이크로닉스 WIZMAX 모노크롬,44780,ATX,400.0,160.0,2026-04-15 11:25:59.795471
BRAVOTEC M110 마블 스파이더맨 강화유리,45000,ATX,320.0,165.0,2026-04-15 11:25:59.795471
BRAVOTEC M110 마블 블랙팬서 강화유리,45000,ATX,320.0,165.0,2026-04-15 11:25:59.795471
3RSYS L300 코드,45000,MATX,320.0,158.0,2026-04-15 11:25:59.795471
Antec NX200M RGB MESH 강화유리,45000,ATX,,155.0,2026-04-15 11:25:59.795471
싸이번 LIMPID SC-X7 BTF,46100,EATX,420.0,175.0,2026-04-15 11:25:59.795471
마이크로닉스 ANGEL MINI,46260,ATX,330.0,165.0,2026-04-15 11:25:59.795471
마이크로닉스 WIZMAX ML-360 View,46410,ATX,410.0,170.0,2026-04-15 11:25:59.795471
darkFlash DLH21,46500,MATX,320.0,134.0,2026-04-15 11:25:59.795471
마이크로닉스 WIZMAX CHILL 세븐팬,46860,EATX,400.0,165.0,2026-04-15 11:25:59.795471
DAVEN AQUA 스쿠버 ARGB BTF,47200,EATX,440.0,175.0,2026-04-15 11:25:59.795471
BRAVOTEC SWORD S300 PATRON 타이탄 글래스,47420,ATX,320.0,175.0,2026-04-15 11:25:59.795471
마이크로닉스 COOLMAX 크리스탈 WOODY,47790,ATX,410.0,155.0,2026-04-15 11:25:59.795471
마이크로닉스 COOLMAX V6,47900,ATX,,180.0,2026-04-15 11:25:59.795471
앱코 G25 매그넘 강화유리,48000,ATX,360.0,165.0,2026-04-15 11:25:59.795471
마이크로닉스 GM3-문,48280,ATX,340.0,175.0,2026-04-15 11:25:59.795471
마이크로닉스 Master M60 메쉬,48403,ATX,325.0,175.0,2026-04-15 11:25:59.795471
3RSYS L330 Quiet,48420,ATX,310.0,167.0,2026-04-15 11:25:59.795471
darkFlash DK360 MESH RGB 강화유리,48900,ATX,350.0,160.0,2026-04-15 11:25:59.795471
darkFlash DNM600 MESH RGB,48960,ATX,360.0,165.0,2026-04-15 11:25:59.795471
DAVEN D9 Mesh 나인팬,49000,EATX,430.0,170.0,2026-04-15 11:25:59.795471
3RSYS RX200 RGB,49000,ATX,400.0,170.0,2026-04-15 11:25:59.795471
1stPlayer Mi5 WING,49000,ATX,420.0,165.0,2026-04-15 11:25:59.795471
darkFlash DP430 MESH RGB 강화유리,49000,ATX,395.0,180.0,2026-04-15 11:25:59.795471
앱코 NCORE G30 트루포스,49000,ATX,340.0,175.0,2026-04-15 11:25:59.795471
darkFlash DRX70 MESH RGB 강화유리,49420,ATX,355.0,180.0,2026-04-15 11:25:59.795471
1stPlayer T7,49500,ATX,340.0,185.0,2026-04-15 11:25:59.795471
마이크로닉스 LO1- FINO Plus 스마트 솔루션,49850,MATX,195.0,70.0,2026-04-15 11:25:59.795471
앱코 G31 오메가포스,49900,ATX,400.0,165.0,2026-04-15 11:25:59.795471
마이크로닉스 WIZMAX 문,50343,ATX,325.0,175.0,2026-04-15 11:25:59.795471
앱코 SUITMASTER TA210 플라즈마 아크릴 LUNAR,50880,ATX,315.0,150.0,2026-04-15 11:25:59.795471
2MONS 엘포즈9 TFX,50990,MATX,200.0,70.0,2026-04-15 11:25:59.795471
Antec AX61 ELITE MESH 강화유리,51190,ATX,,160.0,2026-04-15 11:25:59.795471
3RSYS R530,51540,ATX,400.0,170.0,2026-04-15 11:25:59.795471
DAVEN D7 Mesh 세븐팬,52160,ATX,400.0,170.0,2026-04-15 11:25:59.795471
앱코 U30P 마린+ 디스플레이,53000,EATX,400.0,165.0,2026-04-15 11:25:59.795471
잘만 P10,53140,MATX,384.0,173.0,2026-04-15 11:25:59.795471
3RSYS J490 SILENCE,53380,ATX,330.0,162.0,2026-04-15 11:25:59.795471
마이크로닉스 WIZMAX ML-360,53880,ATX,390.0,170.0,2026-04-15 11:25:59.795471
darkFlash DRX90 MESH RGB 강화유리,54480,ATX,395.0,185.0,2026-04-15 11:25:59.795471
DAVEN APEX V2,54650,ATX,350.0,185.0,2026-04-15 11:25:59.795471
3RSYS K400 리버스,54760,ATX,410.0,165.0,2026-04-15 11:25:59.795471
COUGAR AIRFACE PURE PRO,54900,ATX,320.0,175.0,2026-04-15 11:25:59.795471
대양케이스 ARIGUE 360 ARGB,55270,ATX,420.0,175.0,2026-04-15 11:25:59.795471
마이크로닉스 WIZMAX 우드리안 PRO,55860,ATX,410.0,160.0,2026-04-15 11:25:59.795471
앱코 U40M 웨일샤크 ARGB BTF,56000,ATX,410.0,160.0,2026-04-15 11:25:59.795471
HYTE PCIe 5.0 하이퍼 라이저 케이블,56300,,,,2026-04-15 11:25:59.795471
DAVEN AQUA EDGE,56390,ATX,420.0,155.0,2026-04-15 11:25:59.795471
darkFlash DLM21 RGB MESH 강화유리,56480,ATX,330.0,160.0,2026-04-15 11:25:59.795471
BRAVOTEC SWORD S830 RGB 타이탄 글래스,57230,EATX,390.0,160.0,2026-04-15 11:25:59.795471
잘만 i4,57380,ATX,320.0,170.0,2026-04-15 11:25:59.795471
DAVEN AQUARIUM,57500,ATX,415.0,163.0,2026-04-15 11:25:59.795471
darkFlash DS900 ARGB 강화유리,57970,ATX,425.0,170.0,2026-04-15 11:25:59.795471
darkFlash DPF70 ARGB,58000,ATX,410.0,160.0,2026-04-15 11:25:59.795471
darkFlash DPX90 ARGB 강화유리,58000,ATX,425.0,185.0,2026-04-15 11:25:59.795471
앱코 SUITMASTER U3000M 갤러리 미니 리버스 ARGB BTF,58000,ATX,390.0,168.0,2026-04-15 11:25:59.795471
JONSBO C6,58870,MATX,255.0,75.0,2026-04-15 11:25:59.795471
MSI MAG 포지 320R 에어플로우,58970,ATX,390.0,160.0,2026-04-15 11:25:59.795471
Antec CX200M RGB ELITE,58990,MATX,330.0,164.0,2026-04-15 11:25:59.795471
아이구주 HATCH S400 BTF FULL MESH,58990,EATX,435.0,185.0,2026-04-15 11:25:59.795471
앱코 SUITMASTER P1000 강화유리,59000,ATX,340.0,185.0,2026-04-15 11:25:59.795471
마이크로닉스 EH1-몬드리안,59655,EATX,,180.0,2026-04-15 11:25:59.795471
잘만 i8 백사십 터보,59730,ATX,410.0,180.0,2026-04-15 11:25:59.795471
GAMDIAS AURA GC4 ELITE,59890,ATX,300.0,160.0,2026-04-15 11:25:59.795471
MSI MAG 포지 321R 에어플로우,59900,ATX,390.0,160.0,2026-04-15 11:25:59.795471
앱코 SUITMASTER M2000 NOVA ARGB 강화유리,59900,ATX,385.0,190.0,2026-04-15 11:25:59.795471
2MONS 서버 4U PC D450,59980,ATX,290.0,,2026-04-15 11:25:59.795471
DAVEN 도파민 ARGB,60140,MATX,405.0,175.0,2026-04-15 11:25:59.795471
2MONS 4U D450 GPU-3,60870,ATX,340.0,,2026-04-15 11:25:59.795471
darkFlash DPW90M ARGB 강화유리,61750,ATX,445.0,160.0,2026-04-15 11:25:59.795471
싸이번 LIMPID SC-M5 PLUS BONITO Edition,61950,ATX,420.0,165.0,2026-04-15 11:25:59.795471
3RSYS S480 WOOD BTF,61990,ATX,400.0,162.0,2026-04-15 11:25:59.795471
잘만 M4,63570,MATX,320.0,157.0,2026-04-15 11:25:59.795471
앱코 UH40 킬러웨일 ARGB,64000,ATX,410.0,165.0,2026-04-15 11:25:59.795471
darkFlash DK210 그래피티 ARGB 강화유리,64330,EATX,360.0,160.0,2026-04-15 11:25:59.795471
3RSYS S404 Quiet 리버스,64760,ATX,400.0,160.0,2026-04-15 11:25:59.795471
마이크로닉스 WIZMAX 아트리안,64850,ATX,390.0,170.0,2026-04-15 11:25:59.795471
Antec PCI-E 4.0 라이저 케이블 KIT,64900,,,,2026-04-15 11:25:59.795471
Segotep Nexus1 PRO KR 아트홀,64980,MATX,385.0,165.0,2026-04-15 11:25:59.795471
JONSBO C6-ITX,64990,ATX,255.0,170.0,2026-04-15 11:25:59.795471
아이구주 HATCH S600 BTF,65000,EATX,435.0,185.0,2026-04-15 11:25:59.795471
darkFlash DS900 PRO ARGB,65020,ATX,425.0,170.0,2026-04-15 11:25:59.795471
대양케이스 ARTISTIC ARGB,65120,ATX,400.0,175.0,2026-04-15 11:25:59.795471
3RSYS RX300 RGB,65860,ATX,400.0,170.0,2026-04-15 11:25:59.795471
1stPlayer Mi6 MUSIC BAR,66000,MATX,,165.0,2026-04-15 11:25:59.795471
darkFlash DW500 우드 MESH RGB,66310,ATX,425.0,170.0,2026-04-15 11:25:59.795471
1stPlayer SP5,66600,MATX,,140.0,2026-04-15 11:25:59.795471
아이구주 HATCH S400 ULTRA BTF,66880,EATX,435.0,185.0,2026-04-15 11:25:59.795471
앱코 UD50 블루웨일 ARGB BTF,67000,ATX,418.0,160.0,2026-04-15 11:25:59.795471
PCCOOLER CPS C3 D510,67400,EATX,390.0,170.0,2026-04-15 11:25:59.795471
darkFlash DK1000 MESH 강화유리,67700,EATX,355.0,165.0,2026-04-15 11:25:59.795471
3RSYS T700,67920,EATX,380.0,170.0,2026-04-15 11:25:59.795471
3RSYS J740 Quiet,68810,ATX,400.0,170.0,2026-04-15 11:25:59.795471
PCCOOLER CPS C3 T700 ARGB,68900,ATX,400.0,175.0,2026-04-15 11:25:59.795471
잘만 i6,68900,EATX,355.0,180.0,2026-04-15 11:25:59.795471
JONSBO C6 MAX,68990,ATX,335.0,170.0,2026-04-15 11:25:59.795471
3RSYS RX500 Quiet,70170,ATX,400.0,177.0,2026-04-15 11:25:59.795471
3RSYS R630 RGB,70960,ATX,400.0,179.0,2026-04-15 11:25:59.795471
darkFlash DNX700 MESH RGB,71080,EATX,,165.0,2026-04-15 11:25:59.795471
Antec CX500M RGB,71490,MATX,410.0,164.0,2026-04-15 11:25:59.795471
앱코 SUITMASTER AL300M 강화유리,71990,ATX,310.0,130.0,2026-04-15 11:25:59.795471
GAMDIAS ATHENA M4M,72490,ATX,395.0,175.0,2026-04-15 11:25:59.795471
잘만 P10 NAMU,73090,MATX,340.0,173.0,2026-04-15 11:25:59.795471
잘만 i3 NEO V2,73870,ATX,400.0,160.0,2026-04-15 11:25:59.795471
앱코 SUITMASTER MF360 리얼우드,73900,ATX,410.0,165.0,2026-04-15 11:25:59.795471
3RSYS RX400 Quiet BTF,74300,ATX,430.0,180.0,2026-04-15 11:25:59.795471
리안리 Vector V100,74690,EATX,420.0,178.0,2026-04-15 11:25:59.795471
PCCOOLER CPS C3 T500,75000,ATX,400.0,175.0,2026-04-15 11:25:59.795471
2MONS 3U D300 에코,75030,ATX,,110.0,2026-04-15 11:25:59.795471
3RSYS S315 Quiet 리버스,75330,MATX,400.0,168.0,2026-04-15 11:25:59.795471
잘만 ZM-RCG422 PCIe 4.0 x16 라이저 케이블,75820,,,,2026-04-15 11:25:59.795471
DAVEN AQUA A900,76300,ATX,400.0,165.0,2026-04-15 11:25:59.795471
darkFlash DF4100 MESH ARGB BTF,76620,EATX,435.0,185.0,2026-04-15 11:25:59.795471
JONSBO D200,76620,MATX,410.0,171.0,2026-04-15 11:25:59.795471
2MONS 서버 2U D400 에코,76880,ATX,,,2026-04-15 11:25:59.795471
JONSBO NV10,77270,,190.0,38.0,2026-04-15 11:25:59.795471
BRAVOTEC 트레저 X9 920T 타이탄 글래스,77980,ATX,384.0,142.0,2026-04-15 11:25:59.795471
Antec P7 S,78000,ATX,405.0,175.0,2026-04-15 11:25:59.795471
앱코 SUITMASTER H2000 스마트 쿨링,78000,ATX,410.0,180.0,2026-04-15 11:25:59.795471
2MONS 서버 4U E-ATX D400,78190,EATX,240.0,,2026-04-15 11:25:59.795471
Antec FLUX M MESH,78480,MATX,405.0,175.0,2026-04-15 11:25:59.795471
COUGAR UNIFACE MINI RGB,78600,MATX,340.0,160.0,2026-04-15 11:25:59.795471
Antec C5 MESH BTF,78800,ATX,410.0,160.0,2026-04-15 11:25:59.795471
앱코 SUITMASTER U1000 ONE ARGB,78900,ATX,320.0,165.0,2026-04-15 11:25:59.795471
JONSBO D32 PRO BTF,78990,ATX,365.0,170.0,2026-04-15 11:25:59.795471
JONSBO D300,79000,MATX,430.0,180.0,2026-04-15 11:25:59.795471
COUGAR MX220 RGB,79000,ATX,340.0,160.0,2026-04-15 11:25:59.795471
마이크로닉스 GX2-뉴런 글래스,79000,EATX,395.0,165.0,2026-04-15 11:25:59.795471
잘만 Z10,79720,EATX,395.0,173.0,2026-04-15 11:25:59.795471
darkFlash DS900G ARGB,80750,ATX,425.0,170.0,2026-04-15 11:25:59.795471
DEEPCOOL CH170 PLUS,81510,MATX,342.0,164.0,2026-04-15 11:25:59.795471
GEO메트릭퓨처 Model6 달리,82240,ATX,320.0,162.0,2026-04-15 11:25:59.795471
주연테크 메쉬박스,82900,ATX,330.0,170.0,2026-04-15 11:25:59.795471
DEEPCOOL CH160 PLUS,83780,ATX,,164.0,2026-04-15 11:25:59.795471
2MONS 서버 4U TRAY D450,83980,ATX,290.0,,2026-04-15 11:25:59.795471
1stPlayer GM7 ARGB BTF,84000,ATX,420.0,180.0,2026-04-15 11:25:59.795471
Thermalright TL-M10,85330,ATX,360.0,185.0,2026-04-15 11:25:59.795471
3RSYS S402 Quiet 리버스 BTF,85370,ATX,400.0,160.0,2026-04-15 11:25:59.795471
BRAVOTEC GUARDIAN 3100M V2 타이탄 글래스,85680,EATX,380.0,180.0,2026-04-15 11:25:59.795471
DEEPCOOL MATREXX 55 MESH ADD-RGB 4F,85990,EATX,370.0,168.0,2026-04-15 11:25:59.795471
마이크로닉스 WIZMAX 우드리안 MAX,86000,ATX,410.0,160.0,2026-04-15 11:25:59.795471
darkFlash DQX80 ARGB BTF,86260,ATX,415.0,160.0,2026-04-15 11:25:59.795471
TRYX STRING PCIE 5.0 라이저 케이블,86330,,,,2026-04-15 11:25:59.795471
앱코 NCORE R320 SYNC,88602,EATX,315.0,190.0,2026-04-15 11:25:59.795471
마이크로닉스 WIZMAX 우드리안 MAX 스텔라 블레이드 에디션,88790,ATX,410.0,160.0,2026-04-15 11:25:59.795471
GEO메트릭퓨처 Model4 킹 아서 + Silence GI 120 ARGB,88990,EATX,405.0,164.0,2026-04-15 11:25:59.795471
쿨러마스터 MasterBox NR200P,88990,MATX,330.0,153.0,2026-04-15 11:25:59.795471
BRAVOTEC 트레저 X10 AERO,88990,ATX,430.0,170.0,2026-04-15 11:25:59.795471
앱코 UD51 엑시드 ARGB BTF,89000,EATX,400.0,160.0,2026-04-15 11:25:59.795471
싸이번 Edge CV-Z9 바이오스 LCD,89000,ATX,430.0,180.0,2026-04-15 11:25:59.795471
Antec SHIFT PCI-E 5.0 라이저 케이블 KIT ARGB,89900,,,,2026-04-15 11:25:59.795471
3RSYS L904 Quiet,89910,ATX,400.0,180.0,2026-04-15 11:25:59.795471
마이크로닉스 GH5-미다스,90000,EATX,400.0,175.0,2026-04-15 11:25:59.795471
3RSYS L600 Quiet,90100,EATX,400.0,180.0,2026-04-15 11:25:59.795471
마이크로닉스 WIZMAX ML-360 WIDE View BTF,90960,ATX,430.0,180.0,2026-04-15 11:25:59.795471
darkFlash DS950V ARGB 디스플레이,92550,ATX,400.0,180.0,2026-04-15 11:25:59.795471
GEO메트릭퓨처 Model5,93100,EATX,460.0,180.0,2026-04-15 11:25:59.795471
MSI MAG PANO M100R 프로젝트 제로,93460,MATX,390.0,175.0,2026-04-15 11:25:59.795471
NZXT H3 Flow,93490,MATX,377.0,170.0,2026-04-15 11:25:59.795471
DEEPCOOL CH260,93850,ATX,,174.0,2026-04-15 11:25:59.795471
3RSYS R640 Quiet,93900,ATX,400.0,179.0,2026-04-15 11:25:59.795471
잘만 P30 Air BTF,94320,MATX,392.0,181.0,2026-04-15 11:25:59.795471
잘만 P30,94360,MATX,420.0,173.0,2026-04-15 11:25:59.795471
쿨러마스터 QUBE 540,94400,EATX,415.0,172.0,2026-04-15 11:25:59.795471
리안리 PW-PCI-520X 라이저 케이블,94500,,,,2026-04-15 11:25:59.795471
잘만 Z10 PLUS,94810,EATX,395.0,173.0,2026-04-15 11:25:59.795471
darkFlash DS900XL 우드 ARGB,94950,ATX,420.0,180.0,2026-04-15 11:25:59.795471
darkFlash DLX21 RGB MESH 강화유리,95000,EATX,400.0,180.0,2026-04-15 11:25:59.795471
JONSBO D401 BTF,96020,ATX,439.0,169.0,2026-04-15 11:25:59.795471
마이크로닉스 WIZMAX 슬로프,96030,ATX,430.0,175.0,2026-04-15 11:25:59.795471
MONTECH SKY TWO GX ARGB 강화유리,96030,EATX,400.0,168.0,2026-04-15 11:25:59.795471
JONSPLUS Z20,96040,ATX,363.0,164.0,2026-04-15 11:25:59.795471
쿨러마스터 NR200P,97300,MATX,330.0,153.0,2026-04-15 11:25:59.795471
앱코 SUITMASTER V2000 베놈 ARGB,97500,EATX,405.0,180.0,2026-04-15 11:25:59.795471
BRAVOTEC 트레저 X80 EDGE 타이탄 글래스 BTF,97720,ATX,420.0,165.0,2026-04-15 11:25:59.795471
darkFlash DY460 ARGB BTF,97920,ATX,410.0,175.0,2026-04-15 11:25:59.795471
마이크로닉스 WIZMAX 우드리안 PRIME,97980,ATX,410.0,160.0,2026-04-15 11:25:59.795471
Antec P30 MESH ARGB,98000,ATX,405.0,175.0,2026-04-15 11:25:59.795471
Antec C3 ARGB,98300,ATX,415.0,160.0,2026-04-15 11:25:59.795471
DEEPCOOL CH170 DIGITAL,98850,ATX,,172.0,2026-04-15 11:25:59.795471
ASUS A21 PLUS,98880,MATX,380.0,165.0,2026-04-15 11:25:59.795471
마이크로닉스 WIZMAX 스텔라,98960,ATX,425.0,175.0,2026-04-15 11:25:59.795471
리안리 Vector V100 ARGB,98990,EATX,420.0,178.0,2026-04-15 11:25:59.795471
1stPlayer RT7 라운드 ARGB,98990,ATX,410.0,157.0,2026-04-15 11:25:59.795471
CORSAIR 4000D RGB AIRFLOW,99000,EATX,360.0,170.0,2026-04-15 11:25:59.795471
Fractal Design Pop Silent Solid,99000,ATX,380.0,170.0,2026-04-15 11:25:59.795471
G.SKILL Z5i,99000,MATX,330.0,70.0,2026-04-15 11:25:59.795471
마이크로닉스 QUANTA HMR-445SE-GPU,99000,ATX,380.0,154.0,2026-04-15 11:25:59.795471
DAVEN 벤투스 420 MESH ARGB,99000,ATX,395.0,175.0,2026-04-15 11:25:59.795471
Fractal Design Pop Mini Silent Solid,99000,ATX,340.0,170.0,2026-04-15 11:25:59.795471
ASUS PRIME AP201,100990,ATX,338.0,,2026-04-15 11:25:59.795471
MSI MPG 벨록스 100R,101020,ATX,380.0,175.0,2026-04-15 11:25:59.795471
마이크로닉스 QUANTA HMR-340SE,101240,ATX,,,2026-04-15 11:25:59.795471
COUGAR FV150 RGB,103550,ATX,400.0,180.0,2026-04-15 11:25:59.795471
COUGAR MX600 MINI RGB,103550,MATX,380.0,175.0,2026-04-15 11:25:59.795471
3RSYS T200 Quiet BTF,103630,ATX,430.0,172.0,2026-04-15 11:25:59.795471
마이크로닉스 WIZMAX ML-360 WIDE BTF,103900,ATX,400.0,180.0,2026-04-15 11:25:59.795471
리안리 LANCOOL 206,104500,ATX,386.0,170.0,2026-04-15 11:25:59.795471
MONTECH KING 65 PRO,105620,ATX,420.0,175.0,2026-04-15 11:25:59.795471
마이크로닉스 WIZMAX 루프탑,105700,EATX,420.0,180.0,2026-04-15 11:25:59.795471
리안리 LANCOOL 207,105730,ATX,375.0,180.0,2026-04-15 11:25:59.795471
앱코 G50 빅플로우 MESH ARGB BTF,107000,EATX,408.0,180.0,2026-04-15 11:25:59.795471
NZXT H5 Flow V2,107170,EATX,410.0,170.0,2026-04-15 11:25:59.795471
마이크로닉스 WIZMAX 슬로프 C30,107980,ATX,430.0,175.0,2026-04-15 11:25:59.795471
잘만 P40 NAMU,108710,ATX,420.0,165.0,2026-04-15 11:25:59.795471
Antec P10 FLUX,110880,ATX,350.0,175.0,2026-04-15 11:25:59.795471
잘만 Z10 DUO,111070,EATX,395.0,173.0,2026-04-15 11:25:59.795471
잘만 P40 PRISM,111090,ATX,420.0,165.0,2026-04-15 11:25:59.795471
3RSYS T840 풍통,111520,EATX,,180.0,2026-04-15 11:25:59.795471
Antec P10 C SILENT,112740,ATX,,175.0,2026-04-15 11:25:59.795471
Antec P20CE ELITE 6FAN METAL MESH SOLID,113900,EATX,,170.0,2026-04-15 11:25:59.795471
JONSBO TK-3 BTF,115420,ATX,420.0,165.0,2026-04-15 11:25:59.795471
리안리 A3-mATX,115430,ATX,415.0,165.0,2026-04-15 11:25:59.795471
MONTECH SKY TWO ARGB 강화유리,115430,ATX,,168.0,2026-04-15 11:25:59.795471
마이크로닉스 POCO ITX 강화유리,116890,MATX,340.0,85.0,2026-04-15 11:25:59.795471
DEEPCOOL CK560,117990,EATX,380.0,175.0,2026-04-15 11:25:59.795471
Antec FLUX REAR MESH BTF,118000,ATX,400.0,180.0,2026-04-15 11:25:59.795471
DEEPCOOL CH270 DIGITAL,118850,ATX,,174.0,2026-04-15 11:25:59.795471
MSI MAG PANO 100L 프로젝트 제로,118940,ATX,380.0,166.0,2026-04-15 11:25:59.795471
be quiet PURE BASE 501,119000,ATX,368.0,178.0,2026-04-15 11:25:59.795471
darkFlash DS5000 MESH 강화유리,119440,EATX,340.0,185.0,2026-04-15 11:25:59.795471
darkFlash DY470 ARGB 강화유리,120970,ATX,410.0,175.0,2026-04-15 11:25:59.795471
3RSYS L920 SWING DOOR,122820,EATX,,180.0,2026-04-15 11:25:59.795471
3RSYS T2000 Quiet,123440,EATX,420.0,180.0,2026-04-15 11:25:59.795471
리안리 Multi-Directional Vertical GPU Bracket Kit,123950,,,,2026-04-15 11:25:59.795471
JONSBO N4 for NAS,125120,MATX,230.0,70.0,2026-04-15 11:25:59.795471
마이크로닉스 QUANTA HMR-445N1-GPU,127990,ATX,380.0,151.0,2026-04-15 11:25:59.795471
ASUS PRIME AP202 ARGB,128000,MATX,420.0,175.0,2026-04-15 11:25:59.795471
PCCOOLER CPS K101 MESH,128420,MATX,340.0,68.0,2026-04-15 11:25:59.795471
잘만 Z9 아이스버그 MS,128810,EATX,390.0,185.0,2026-04-15 11:25:59.795471
ASUS A32 PLUS,129000,ATX,420.0,165.0,2026-04-15 11:25:59.795471
darkFlash DLX ULTRA MESH,131320,EATX,480.0,190.0,2026-04-15 11:25:59.795471
잘만 P50 DS,131950,ATX,435.0,178.0,2026-04-15 11:25:59.795471
COUGAR Omny X,132700,ATX,380.0,170.0,2026-04-15 11:25:59.795471
3RSYS T300 Quiet BTF,134510,ATX,460.0,180.0,2026-04-15 11:25:59.795471
MONTECH HS01 PRO BTF,134830,ATX,420.0,175.0,2026-04-15 11:25:59.795471
JONSBO D400 BTF,134830,ATX,450.0,169.0,2026-04-15 11:25:59.795471
마이크로닉스 ML-420 BTF,135710,EATX,455.0,180.0,2026-04-15 11:25:59.795471
마이크로닉스 QUANTA HMR-245N1,135970,ATX,,,2026-04-15 11:25:59.795471
Thermalright TL-M10 VISION,136400,ATX,360.0,185.0,2026-04-15 11:25:59.795471
NZXT H6 Flow,136800,ATX,365.0,163.0,2026-04-15 11:25:59.795471
Antec FLUX SE MESH BTF,137900,EATX,408.0,180.0,2026-04-15 11:25:59.795471
잘만 P60,137920,ATX,435.0,170.0,2026-04-15 11:25:59.795471
Antec FLUX MESH BTF,138000,EATX,408.0,180.0,2026-04-15 11:25:59.795471
Antec C8 MESH,138000,EATX,440.0,175.0,2026-04-15 11:25:59.795471
리안리 O11D MINI V2,138710,ATX,400.0,160.0,2026-04-15 11:25:59.795471
MSI MAG PANO 100R 프로젝트 제로,138960,ATX,380.0,166.0,2026-04-15 11:25:59.795471
리안리 8.8인치 Universal Screen,138990,,,,2026-04-15 11:25:59.795471
앱코 UD50C 루시드 앰비언트 풀커브드 ARGB BTF,139000,ATX,420.0,160.0,2026-04-15 11:25:59.795471
NZXT H5 Flow RGB V2,139000,EATX,410.0,170.0,2026-04-15 11:25:59.795471
SilverStone RMS05-22 마이크로닉스,142210,,,,2026-04-15 11:25:59.795471
Fractal Design Pop Silent Clear 강화유리,143000,ATX,380.0,170.0,2026-04-15 11:25:59.795471
Fractal Design Pop Air Solid,143000,ATX,405.0,170.0,2026-04-15 11:25:59.795471
마이크로닉스 QUANTA HMR-345N1,143480,ATX,,,2026-04-15 11:25:59.795471
마이크로닉스 QUANTA HMR-455N1,144050,EATX,,,2026-04-15 11:25:59.795471
MONTECH HS02 PRO BTF,144410,ATX,420.0,175.0,2026-04-15 11:25:59.795471
JONSBO V12,144420,ATX,260.0,145.0,2026-04-15 11:25:59.795471
darkFlash DLX ULTRA MESH ARGB,144460,EATX,480.0,190.0,2026-04-15 11:25:59.795471
마이크로닉스 WIZMAX 우드리안 ULTRA,144530,EATX,420.0,180.0,2026-04-15 11:25:59.795471
SilverStone SST-FLP01W 마이크로닉스,144890,ATX,309.0,138.0,2026-04-15 11:25:59.795471
쿨러마스터 ELITE 600 SEVEN ARGB,145080,ATX,425.0,160.0,2026-04-15 11:25:59.795471
Antec C5 MESH CURVE ARGB BTF,145300,ATX,410.0,160.0,2026-04-15 11:25:59.795471
Antec C5 MESH ARGB BTF,148000,ATX,410.0,160.0,2026-04-15 11:25:59.795471
ASUS ProArt PA401 우드 에디션 메탈,148560,ATX,315.0,160.0,2026-04-15 11:25:59.795471
be quiet PURE BASE 501 Airflow Window,149000,ATX,368.0,178.0,2026-04-15 11:25:59.795471
마이크로닉스 ML-420 View BTF,149380,EATX,455.0,180.0,2026-04-15 11:25:59.795471
Fractal Design Pop 2 Air 강화유리,153990,ATX,416.0,170.0,2026-04-15 11:25:59.795471
Fractal Design Pop 2 Air Solid,153990,ATX,416.0,170.0,2026-04-15 11:25:59.795471
JONSBO X400 BTF,154220,ATX,427.0,176.0,2026-04-15 11:25:59.795471
Fractal Design Pop Air RGB Clear 강화유리,156000,ATX,405.0,170.0,2026-04-15 11:25:59.795471
JONSBO TK-2,156000,ATX,405.0,165.0,2026-04-15 11:25:59.795471
Antec C8 MESH QUAD ARGB,158000,EATX,440.0,175.0,2026-04-15 11:25:59.795471
리안리 O11D MINI V2 FLOW,158110,ATX,400.0,160.0,2026-04-15 11:25:59.795471
잘만 P40 DS,158510,ATX,420.0,165.0,2026-04-15 11:25:59.795471
JONSBO TK-0,158790,MATX,230.0,135.0,2026-04-15 11:25:59.795471
Antec C7 MESH ARGB BTF,158900,EATX,450.0,180.0,2026-04-15 11:25:59.795471
JONSBO TK-1,158990,ATX,280.0,165.0,2026-04-15 11:25:59.795471
리안리 LANCOOL 207 DIGITAL,159000,ATX,375.0,180.0,2026-04-15 11:25:59.795471
be quiet PURE BASE 501 DX,162420,ATX,368.0,178.0,2026-04-15 11:25:59.795471
Fractal Design Pop Mini Air RGB Clear 강화유리,163000,ATX,365.0,170.0,2026-04-15 11:25:59.795471
ASUS ProArt PA401 우드 에디션 강화유리,163290,ATX,315.0,160.0,2026-04-15 11:25:59.795471
CORSAIR FRAME 4000D RS ARGB,166400,EATX,430.0,170.0,2026-04-15 11:25:59.795471
COUGAR FV270,167790,EATX,420.0,180.0,2026-04-15 11:25:59.795471
NZXT H6 Flow RGB,168120,ATX,365.0,163.0,2026-04-15 11:25:59.795471
APNX Creator C1,169000,ATX,395.0,166.0,2026-04-15 11:25:59.795471
SilverStone SST-RM23-502-MINI 마이크로닉스,169580,ATX,,68.0,2026-04-15 11:25:59.795471
잘만 M2 mini,170000,MATX,295.0,60.0,2026-04-15 11:25:59.795471
SSUPD MESHROOM D V2,171800,ATX,337.0,142.0,2026-04-15 11:25:59.795471
be quiet LIGHT BASE 600 DX,173850,ATX,400.0,170.0,2026-04-15 11:25:59.795471
SilverStone SST-RM23-502 마이크로닉스,175000,ATX,,65.0,2026-04-15 11:25:59.795471
HYTE Revolt 3,177510,MATX,335.0,140.0,2026-04-15 11:25:59.795471
Antec C8 MESH CURVE BTF,178400,EATX,440.0,175.0,2026-04-15 11:25:59.795471
Fractal Design Pop 2 Air RGB 강화유리,178600,ATX,416.0,170.0,2026-04-15 11:25:59.795471
Antec C8 MESH ARGB,178990,EATX,440.0,175.0,2026-04-15 11:25:59.795471
be quiet LIGHT BASE 600 LX,179000,ATX,400.0,170.0,2026-04-15 11:25:59.795471
MONTECH KING 95,180400,ATX,420.0,175.0,2026-04-15 11:25:59.795471
SSUPD MESHROOM S V2 Ver.2,181500,ATX,332.0,74.0,2026-04-15 11:25:59.795471
Fractal Design Pop XL Silent Solid,181590,EATX,430.0,185.0,2026-04-15 11:25:59.795471
CORSAIR 2500D Airflow,184510,ATX,400.0,180.0,2026-04-15 11:25:59.795471
PCCOOLER CPS K101 MESH + RC400-53,184590,MATX,340.0,68.0,2026-04-15 11:25:59.795471
Fractal Design Define 7 Compact,186000,ATX,360.0,169.0,2026-04-15 11:25:59.795471
Fractal Design Meshify 2 Compact,186000,ATX,360.0,169.0,2026-04-15 11:25:59.795471
CORSAIR iCUE LINK 3500X RGB 강화유리,186840,EATX,410.0,170.0,2026-04-15 11:25:59.795471
Fractal Design Epoch 강화유리,188530,ATX,372.0,170.0,2026-04-15 11:25:59.795471
Fractal Design Epoch Solid,188530,ATX,372.0,170.0,2026-04-15 11:25:59.795471
APNX V2-F,188790,ATX,445.0,183.0,2026-04-15 11:25:59.795471
JONSBO T7,192060,MATX,280.0,165.0,2026-04-15 11:25:59.795471
리안리 LANCOOL III,193030,EATX,435.0,187.0,2026-04-15 11:25:59.795471
리안리 LANCOOL 217,193030,EATX,380.0,180.0,2026-04-15 11:25:59.795471
HYTE X50 AIR,193030,EATX,430.0,170.0,2026-04-15 11:25:59.795471
be quiet LIGHT BASE 500,193910,ATX,400.0,185.0,2026-04-15 11:25:59.795471
Fractal Design Epoch XL 강화유리,195000,EATX,425.0,176.0,2026-04-15 11:25:59.795471
JONSBO D31 MESH SCREEN,196360,ATX,,168.0,2026-04-15 11:25:59.795471
be quiet Silent Base 802,198000,EATX,287.0,185.0,2026-04-15 11:25:59.795471
Fractal Design Pop XL Air RGB Clear 강화유리,198000,EATX,455.0,185.0,2026-04-15 11:25:59.795471
be quiet PURE BASE 501 LX,198000,ATX,368.0,178.0,2026-04-15 11:25:59.795471
MSI MPG 궁니르 300R 에어플로우,198960,EATX,360.0,175.0,2026-04-15 11:25:59.795471
APNX V1,198980,ATX,395.0,170.0,2026-04-15 11:25:59.795471
APNX V2,199000,ATX,445.0,183.0,2026-04-15 11:25:59.795471
COUGAR FV270 RGB,199000,EATX,420.0,180.0,2026-04-15 11:25:59.795471
HYTE Y40,200560,ATX,422.0,183.0,2026-04-15 11:25:59.795471
리안리 O11 VISION COMPACT,200790,EATX,408.0,164.0,2026-04-15 11:25:59.795471
JONSBO T9,202730,MATX,310.0,78.0,2026-04-15 11:25:59.795471
NZXT H7 Flow V2,202820,EATX,410.0,185.0,2026-04-15 11:25:59.795471
JONSBO VR3 PCIe 4.0,204400,ATX,,70.0,2026-04-15 11:25:59.795471
리안리 PC-O11 VISION,206610,EATX,455.0,167.0,2026-04-15 11:25:59.795471
리안리 LANCOOL III RGB,206610,EATX,435.0,187.0,2026-04-15 11:25:59.795471
쿨러마스터 MASTERFRAME 400 MESH,206990,ATX,390.0,190.0,2026-04-15 11:25:59.795471
be quiet Silent Base 802 WINDOW,210850,EATX,287.0,185.0,2026-04-15 11:25:59.795471
ASUS TUF Gaming GT501,210990,EATX,420.0,180.0,2026-04-15 11:25:59.795471
JONSPLUS i100 Pro,211350,ATX,345.0,166.0,2026-04-15 11:25:59.795471
JONSBO TK-4 BTF,212420,ATX,460.0,175.0,2026-04-15 11:25:59.795471
be quiet SHADOW BASE 800,214000,EATX,430.0,180.0,2026-04-15 11:25:59.795471
SilverStone ALTA G1M,214880,MATX,355.0,159.0,2026-04-15 11:25:59.795471
be quiet LIGHT BASE 900 DX,216600,EATX,495.0,190.0,2026-04-15 11:25:59.795471
Fractal Design Meshify 3 Solid,217180,EATX,349.0,173.0,2026-04-15 11:25:59.795471
Fractal Design Epoch RGB 강화유리,218390,ATX,372.0,170.0,2026-04-15 11:25:59.795471
Antec PERFORMANCE 1 FT MESH 강화유리,219000,EATX,,175.0,2026-04-15 11:25:59.795471
Fractal Design Meshify 3 강화유리,219000,EATX,349.0,173.0,2026-04-15 11:25:59.795471
Razer 토마호크 Mini-ITX,219000,MATX,320.0,165.0,2026-04-15 11:25:59.795471
darkFlash DY570 ARGB BTF,220200,ATX,400.0,180.0,2026-04-15 11:25:59.795471
TRYX FLOVA F50 BTF,220880,ATX,420.0,170.0,2026-04-15 11:25:59.795471
잘만 Z10 DS,221240,ATX,395.0,173.0,2026-04-15 11:25:59.795471
HYTE X50,222020,EATX,430.0,170.0,2026-04-15 11:25:59.795471
Fractal Design Epoch XL Solid,229000,EATX,425.0,176.0,2026-04-15 11:25:59.795471
CORSAIR 3500X LX-R RGB iCUE LINK 강화유리,229800,EATX,410.0,170.0,2026-04-15 11:25:59.795471
쿨러마스터 Masterframe 500 MESH NON ARGB,233270,EATX,390.0,190.0,2026-04-15 11:25:59.795471
be quiet LIGHT BASE 500 LX,234150,ATX,400.0,185.0,2026-04-15 11:25:59.795471
Phanteks EVOLV X2,235000,EATX,380.0,170.0,2026-04-15 11:25:59.795471
JONSBO MOD4,237500,ATX,320.0,165.0,2026-04-15 11:25:59.795471
ARCTIC Xtender VG,239000,EATX,482.0,171.0,2026-04-15 11:25:59.795471
ARCTIC Xtender Mirror,239000,EATX,482.0,171.0,2026-04-15 11:25:59.795471
ARCTIC Xtender,239000,EATX,482.0,171.0,2026-04-15 11:25:59.795471
be quiet SHADOW BASE 800 DX,239000,EATX,430.0,180.0,2026-04-15 11:25:59.795471
CORSAIR FRAME 4500X RS-R ARGB,239600,EATX,460.0,185.0,2026-04-15 11:25:59.795471
HAVN BF 360,243560,EATX,410.0,195.0,2026-04-15 11:25:59.795471
Fractal Design Ridge,248000,MATX,,70.0,2026-04-15 11:25:59.795471
SilverStone RM400,248340,ATX,,130.0,2026-04-15 11:25:59.795471
Fractal Design North Mesh,249000,ATX,,170.0,2026-04-15 11:25:59.795471
Fractal Design North TG Clear Tint,249000,ATX,,170.0,2026-04-15 11:25:59.795471
Fractal Design North TG Dark Tint,249000,ATX,,170.0,2026-04-15 11:25:59.795471
Fractal Design Meshify 3 RGB 강화유리,250900,EATX,349.0,173.0,2026-04-15 11:25:59.795471
3RSYS T3000 Quiet,252940,EATX,480.0,190.0,2026-04-15 11:25:59.795471
NZXT H9 Flow V2,255000,ATX,459.0,165.0,2026-04-15 11:25:59.795471
NZXT H9 Flow,255000,ATX,435.0,165.0,2026-04-15 11:25:59.795471
Fractal Design Meshify 2,257000,EATX,,185.0,2026-04-15 11:25:59.795471
쿨러마스터 Masterframe 500 MESH ARGB,257120,EATX,390.0,190.0,2026-04-15 11:25:59.795471
Antec FLUX PRO MESH,258000,EATX,455.0,190.0,2026-04-15 11:25:59.795471
SSUPD XHUTTLE,259000,ATX,370.0,170.0,2026-04-15 11:25:59.795471
CORSAIR 6500D AIRFLOW,259000,EATX,,190.0,2026-04-15 11:25:59.795471
SilverStone SST-RM41-506 마이크로닉스,260490,ATX,,148.0,2026-04-15 11:25:59.795471
HYTE Y60,260920,EATX,375.0,160.0,2026-04-15 11:25:59.795471
JONSBO X400 PRO BTF,260930,ATX,427.0,176.0,2026-04-15 11:25:59.795471
Fractal Design Torrent Solid,262000,EATX,461.0,188.0,2026-04-15 11:25:59.795471
JONSBO N5,264100,EATX,350.0,160.0,2026-04-15 11:25:59.795471
리안리 A4-H2O,268000,MATX,322.0,55.0,2026-04-15 11:25:59.795471
Fractal Design Meshify 3 XL 강화유리,268680,EATX,512.0,182.0,2026-04-15 11:25:59.795471
Fractal Design Meshify 3 XL Solid,268680,EATX,512.0,182.0,2026-04-15 11:25:59.795471
Fractal Design Epoch RGB XL 강화유리,269000,EATX,,170.0,2026-04-15 11:25:59.795471
NZXT H9 Flow RGB V2,271000,ATX,,165.0,2026-04-15 11:25:59.795471
SilverStone SST-RM4A 마이크로닉스,272550,EATX,,,2026-04-15 11:25:59.795471
SilverStone SST-FLP02W 마이크로닉스,273530,ATX,386.0,182.0,2026-04-15 11:25:59.795471
CORSAIR 2500X RGB,273800,ATX,400.0,180.0,2026-04-15 11:25:59.795471
이엠텍 레드빗 OPTIMIZER PRO A,275930,EATX,,135.0,2026-04-15 11:25:59.795471
쿨러마스터 NCORE 100 AIR,278200,MATX,,,2026-04-15 11:25:59.795471
be quiet LIGHT BASE 900 FX,278350,EATX,495.0,190.0,2026-04-15 11:25:59.795471
HYTE Y70,278890,EATX,422.0,180.0,2026-04-15 11:25:59.795471
ARCTIC Xtender VG Mirror,289000,EATX,482.0,171.0,2026-04-15 11:25:59.795471
HAVN BF 360 FLOW,290160,EATX,410.0,195.0,2026-04-15 11:25:59.795471
SSUPD MESHROOM S V2 Ver.2 PCIe,290700,ATX,332.0,74.0,2026-04-15 11:25:59.795471
SSUPD MESHROOM S V2 Ver.2 PCIe 5.0,290700,ATX,332.0,74.0,2026-04-15 11:25:59.795471
Fractal Design Define 7,292000,EATX,,185.0,2026-04-15 11:25:59.795471
Phanteks ENTHOO PRO 2 TG,295000,EATX,503.0,195.0,2026-04-15 11:25:59.795471
Fractal Design Meshify 3 XL RGB 강화유리,298670,EATX,512.0,182.0,2026-04-15 11:25:59.795471
Fractal Design North XL MESH,298900,EATX,413.0,185.0,2026-04-15 11:25:59.795471
HAVN HS 420,299000,EATX,480.0,185.0,2026-04-15 11:25:59.795471
Fractal Design North XL RC 강화유리,299000,ATX,413.0,169.0,2026-04-15 11:25:59.795471
Fractal Design North XL Clear 강화유리,299000,EATX,413.0,185.0,2026-04-15 11:25:59.795471
Fractal Design Mood,300500,MATX,325.0,114.0,2026-04-15 11:25:59.795471
쿨러마스터 MasterFrame 600 MESH ARGB,300740,EATX,485.0,190.0,2026-04-15 11:25:59.795471
Fractal Design North Momentum Edition,305730,ATX,355.0,170.0,2026-04-15 11:25:59.795471
Fractal Design Define 7 Dark 강화유리,321000,EATX,,185.0,2026-04-15 11:25:59.795471
CORSAIR 7000D AIRFLOW,326190,EATX,450.0,190.0,2026-04-15 11:25:59.795471
쿨러마스터 MasterFrame 360 스테이지 미러,328280,ATX,430.0,145.0,2026-04-15 11:25:59.795471
CORSAIR FRAME 4500X LX-R RGB LINK,328990,EATX,460.0,185.0,2026-04-15 11:25:59.795471
Phanteks NV7,330000,EATX,450.0,185.0,2026-04-15 11:25:59.795471
리안리 PC-O11D XL LOL 영혼의 꽃 아리 에디션,338530,EATX,446.0,167.0,2026-04-15 11:25:59.795471
CORSAIR AIR 5400 RS-R ARGB,339000,EATX,360.0,180.0,2026-04-15 11:25:59.795471
TRYX LUCA L70,347350,EATX,460.0,170.0,2026-04-15 11:25:59.795471
CORSAIR 6500X RGB,349260,EATX,,190.0,2026-04-15 11:25:59.795471
Fractal Design Meshify 2 XL Light 강화유리,352000,EATX,,185.0,2026-04-15 11:25:59.795471
쿨러마스터 MasterFrame 360 파노라마,352270,ATX,430.0,145.0,2026-04-15 11:25:59.795471
2MONS 4U D650 핫스왑-12,353080,EATX,330.0,150.0,2026-04-15 11:25:59.795471
CORSAIR 6500X,354000,EATX,,190.0,2026-04-15 11:25:59.795471
Fractal Design Meshify 3 Ambience Pro RGB 강화유리,357540,EATX,349.0,173.0,2026-04-15 11:25:59.795471
JONSPLUS BO400CG BTF,367630,ATX,435.0,173.0,2026-04-15 11:25:59.795471
Fractal Design North XL Momentum Edition,369000,EATX,413.0,176.0,2026-04-15 11:25:59.795471
Fractal Design Define 7 XL,372000,EATX,,185.0,2026-04-15 11:25:59.795471
HYTE Y70 Touch Infinite Display Upgrade,377320,,,,2026-04-15 11:25:59.795471
be quiet DARK BASE 701,379000,EATX,430.0,185.0,2026-04-15 11:25:59.795471
쿨러마스터 MasterFrame 600,380000,ATX,485.0,190.0,2026-04-15 11:25:59.795471
NZXT H9 Elite,381800,ATX,435.0,165.0,2026-04-15 11:25:59.795471
Fractal Design Terra,389000,MATX,322.0,77.0,2026-04-15 11:25:59.795471
NZXT H9 Flow RGB+ V2,394450,ATX,,165.0,2026-04-15 11:25:59.795471
리안리 PC-O11D EVO XL,395760,EATX,460.0,167.0,2026-04-15 11:25:59.795471
HAVN HS 420 VGPU,396000,EATX,470.0,185.0,2026-04-15 11:25:59.795471
Fractal Design Meshify 3 XL Ambience Pro RGB 강화유리,397390,EATX,512.0,182.0,2026-04-15 11:25:59.795471
Fractal Design Define 7 XL Dark 강화유리,398000,EATX,,185.0,2026-04-15 11:25:59.795471
CORSAIR AIR 5400 LX-R RGB iCUE LINK,399000,EATX,360.0,180.0,2026-04-15 11:25:59.795471
Antec STRIKER,405000,ATX,330.0,60.0,2026-04-15 11:25:59.795471
ASUS ROG STRIX HELIOS,406190,EATX,450.0,190.0,2026-04-15 11:25:59.795471
Antec PERFORMANCE 1 M,411390,MATX,350.0,85.0,2026-04-15 11:25:59.795471
3RSYS T6000 워크스테이션,457710,EATX,530.0,200.0,2026-04-15 11:25:59.795471
SilverStone SST-RM46-502-I 마이크로닉스,467300,EATX,,148.0,2026-04-15 11:25:59.795471
ASUS ROG STRIX HELIOS II,469000,EATX,450.0,190.0,2026-04-15 11:25:59.795471
쿨러마스터 MasterFrame 360 스테이지 LCD,475000,ATX,430.0,145.0,2026-04-15 11:25:59.795471
SilverStone SST-RM41-H08 마이크로닉스,490520,ATX,,148.0,2026-04-15 11:25:59.795471
HAVN HS 420 Limited Edition,499000,EATX,480.0,185.0,2026-04-15 11:25:59.795471
SilverStone SST-CS383 마이크로닉스,511990,EATX,340.0,186.0,2026-04-15 11:25:59.795471
SilverStone SST-RM47-502-I 마이크로닉스,513000,EATX,,148.0,2026-04-15 11:25:59.795471
CORSAIR iCUE LINK 5000T LX RGB,529000,EATX,450.0,170.0,2026-04-15 11:25:59.795471
쿨러마스터 MasterBox NR200P MAX,535000,MATX,336.0,67.0,2026-04-15 11:25:59.795471
Antec TORQUE,539000,EATX,450.0,215.0,2026-04-15 11:25:59.795471
SilverStone SST-RM22-308 마이크로닉스,542000,EATX,,68.0,2026-04-15 11:25:59.795471
쿨러마스터 Ncore 100 MAX,555000,MATX,357.0,48.0,2026-04-15 11:25:59.795471
HYTE Y70 Touch Infinite,579000,EATX,422.0,180.0,2026-04-15 11:25:59.795471
SilverStone RM51,600510,EATX,,181.0,2026-04-15 11:25:59.795471
쿨러마스터 COSMOS ALPHA 강화유리,654190,EATX,400.0,186.0,2026-04-15 11:25:59.795471
SilverStone SST-RM22-312 마이크로닉스,664000,EATX,,68.0,2026-04-15 11:25:59.795471
SilverStone SST-RM52 마이크로닉스,708000,EATX,512.0,192.0,2026-04-15 11:25:59.795471
CORSAIR iCUE LINK 9000D RGB AIRFLOW,799000,EATX,400.0,180.0,2026-04-15 11:25:59.795471
3RSYS T9000 워크스테이션,827890,EATX,475.0,195.0,2026-04-15 11:25:59.795471
SilverStone SST-RM600 마이크로닉스,916490,EATX,,150.0,2026-04-15 11:25:59.795471
SilverStone SST-ALTA D1 마이크로닉스,1244990,EATX,407.0,,2026-04-15 11:25:59.795471
be quiet PURE BASE 501 Airflow,1305490,ATX,368.0,178.0,2026-04-15 11:25:59.795471
SilverStone ALTA F2,1400830,EATX,354.0,205.0,2026-04-15 11:25:59.795471
쿨러마스터 SNEAKER X,1480000,MATX,304.0,,2026-04-15 11:25:59.795471
리안리 DK07,1990000,EATX,383.0,,2026-04-15 11:25:59.795471
리안리 LANCOOL 217 INF,2007900,EATX,380.0,180.0,2026-04-15 11:25:59.795471
쿨러마스터 SHARK X,5500000,MATX,310.0,,2026-04-15 11:25:59.795471
