name,price,socket_type,memory_type,pcie_type,size,memory_clock,created_at
GIGABYTE A520M K V2 제이씨현,53200,AM4,DDR4,PCIE3.0X16,MATX,5100.0,2026-04-20 15:30:38.871935
GIGABYTE A520M K V2 피씨디렉트,59730,AM4,DDR4,PCIE3.0X16,MATX,5100.0,2026-04-20 15:30:38.871935
ASRock A520M-HVS 대원씨티에스,61890,AM4,DDR4,PCIE3.0X16,MATX,4733.0,2026-04-20 15:30:38.871935
BIOSTAR A520MSP 제이씨현,62480,AM4,DDR4,PCIE3.0X16,MATX,4266.0,2026-04-20 15:30:38.871935
ASUS PRIME A520M-K 대원씨티에스,64920,AM4,DDR4,PCIE3.0X16,MATX,4600.0,2026-04-20 15:30:38.871935
ASRock A520M-HDV 에즈윈,66970,AM4,DDR4,PCIE3.0X16,MATX,4733.0,2026-04-20 15:30:38.871935
ASRock A520M-HDV 에즈윈 (벌크),67710,AM4,DDR4,PCIE3.0X16,MATX,4733.0,2026-04-20 15:30:38.871935
COLORFUL BATTLE-AX A520M-K M.2 V14 도우정보,68000,AM4,DDR4,PCIE3.0X16,MATX,3600.0,2026-04-20 15:30:38.871935
MSI A520M-A PRO,68420,AM4,DDR4,PCIE3.0X16,MATX,4600.0,2026-04-20 15:30:38.871935
ASUS PRIME A520M-K STCOM,68890,AM4,DDR4,PCIE3.0X16,MATX,4600.0,2026-04-20 15:30:38.871935
ASRock A520M-HDV 디앤디컴,73780,AM4,DDR4,PCIE3.0X16,MATX,4733.0,2026-04-20 15:30:38.871935
GIGABYTE H610M K V2 제이씨현,74500,1700,DDR5,PCIE4.0X16,MATX,5600.0,2026-04-20 15:30:38.871935
COLORFUL H610M-D V20A 도우정보,74990,1700,DDR4,PCIE4.0X16,MATX,3200.0,2026-04-20 15:30:38.871935
GIGABYTE H610M K D4 제이씨현,75360,1700,DDR4,PCIE4.0X16,MATX,3200.0,2026-04-20 15:30:38.871935
GIGABYTE H610M K D4 피씨디렉트,76500,1700,DDR4,PCIE4.0X16,MATX,3200.0,2026-04-20 15:30:38.871935
BIOSTAR H610MS 제이씨현,76800,1700,DDR4,PCIE4.0X16,MATX,3200.0,2026-04-20 15:30:38.871935
타무즈 H610M-ID4,77290,1700,DDR4,PCIE4.0X16,MATX,3200.0,2026-04-20 15:30:38.871935
GIGABYTE H610M K V2 제이씨현 (벌크),77500,1700,DDR5,PCIE4.0X16,MATX,5600.0,2026-04-20 15:30:38.871935
타무즈 H610M-ID5,77870,1700,DDR5,PCIE4.0X16,MATX,5600.0,2026-04-20 15:30:38.871935
BIOSTAR H610MHD D5 제이씨현,80000,1700,DDR5,PCIE4.0X16,MATX,5600.0,2026-04-20 15:30:38.871935
COLORFUL H610M-E M.2 V20 D4 STCOM,80990,1700,DDR4,PCIE4.0X16,MATX,3200.0,2026-04-20 15:30:38.871935
ASRock H610M-H2/M.2 D5 디앤디컴,81100,1700,DDR5,PCIE4.0X16,MATX,5600.0,2026-04-20 15:30:38.871935
ASRock H610M-H2/M.2 D5 에즈윈 (벌크),81230,1700,DDR5,PCIE4.0X16,MATX,5600.0,2026-04-20 15:30:38.871935
ASRock H610M-H2/M.2 D5 디앤디컴 (벌크),81390,1700,DDR5,PCIE4.0X16,MATX,5600.0,2026-04-20 15:30:38.871935
ASRock H610M-H2/M.2 D5 에즈윈,82790,1700,DDR5,PCIE4.0X16,MATX,5600.0,2026-04-20 15:30:38.871935
ASUS PRIME H610M-CS D4 코잇,83220,1700,DDR4,PCIE4.0X16,MATX,3200.0,2026-04-20 15:30:38.871935
ASUS PRIME A520M-A II 대원씨티에스,84000,AM4,DDR4,PCIE3.0X16,MATX,4866.0,2026-04-20 15:30:38.871935
ASUS PRIME H610M-K D4 인텍앤컴퍼니,84900,1700,DDR4,PCIE4.0X16,MATX,3200.0,2026-04-20 15:30:38.871935
BIOSTAR H610MT-E D5 제이씨현,85830,1700,DDR5,PCIE4.0X16,MATX,5600.0,2026-04-20 15:30:38.871935
GIGABYTE H610M K V2 피씨디렉트,86050,1700,DDR5,PCIE4.0X16,MATX,5600.0,2026-04-20 15:30:38.871935
ASRock H610M-HVS/M.2 R2.0 D4 디앤디컴,86210,1700,DDR4,PCIE4.0X16,MATX,3200.0,2026-04-20 15:30:38.871935
GIGABYTE H610M H V2 D4 피씨디렉트,86520,1700,DDR4,PCIE4.0X16,MATX,3200.0,2026-04-20 15:30:38.871935
BIOSTAR A620MS-E 제이씨현,87900,AM5,DDR5,PCIE4.0X16,MATX,8000.0,2026-04-20 15:30:38.871935
MSI PRO H610M-E DDR4,88000,1700,DDR4,PCIE4.0X16,MATX,3200.0,2026-04-20 15:30:38.871935
액슬 MBAIH310 R2 에즈윈,88610,1151V2,DDR4,,MATX,2666.0,2026-04-20 15:30:38.871935
COLORFUL CH310M-F M.2 V20 STCOM,89190,1151V2,DDR4,PCIE3.0X16,MATX,2666.0,2026-04-20 15:30:38.871935
ASRock H610M-HDV/M.2 R2.0 D4 디앤디컴,89310,1700,DDR4,PCIE4.0X16,MATX,3200.0,2026-04-20 15:30:38.871935
ASRock H610M-HDV/M.2+ D5 에즈윈,90010,1700,DDR5,PCIE4.0X16,MATX,5600.0,2026-04-20 15:30:38.871935
ASRock A620AM-HVS 에즈윈,90240,AM5,DDR5,PCIE4.0X16,MATX,6800.0,2026-04-20 15:30:38.871935
ASRock H610M-HDV/M.2+ D5 대원씨티에스,91510,1700,DDR5,PCIE4.0X16,MATX,5600.0,2026-04-20 15:30:38.871935
MSI PRO H610M-E DDR5,92580,1700,DDR5,PCIE4.0X16,MATX,5600.0,2026-04-20 15:30:38.871935
ASRock H610M-HDV/M.2+ D5 디앤디컴,92970,1700,DDR5,PCIE4.0X16,MATX,5600.0,2026-04-20 15:30:38.871935
ASRock H610M-HDV/M.2+ D5 디앤디컴 (벌크),94280,1700,DDR5,PCIE4.0X16,MATX,5600.0,2026-04-20 15:30:38.871935
ASRock H610M-HDV/M.2+ D5 에즈윈 (벌크),94990,1700,DDR5,PCIE4.0X16,MATX,5600.0,2026-04-20 15:30:38.871935
ASUS EX H610M-V3 D4 STCOM,95110,1700,DDR4,PCIE4.0X16,MATX,3200.0,2026-04-20 15:30:38.871935
ASRock H510M-HDV/M.2 SE 에즈윈,95450,1200,DDR4,PCIE4.0X16,MATX,3200.0,2026-04-20 15:30:38.871935
ASUS PRIME B650-PLUS STCOM,96040,AM5,DDR5,PCIE4.0X16,ATX,6400.0,2026-04-20 15:30:38.871935
ASRock H610M-HDV/M.2 D5 Gen5 에즈윈,98130,1700,DDR5,PCIE5.0X16,MATX,5600.0,2026-04-20 15:30:38.871935
BIOSTAR B850MT2-E DJ 제이씨현,99980,AM5,DDR5,PCIE4.0X16,MATX,8000.0,2026-04-20 15:30:38.871935
MSI PRO H610M-G DDR4,100000,1700,DDR4,PCIE4.0X16,MATX,3200.0,2026-04-20 15:30:38.871935
ASRock A620AM-HVS 디앤디컴,100100,AM5,DDR5,PCIE4.0X16,MATX,6800.0,2026-04-20 15:30:38.871935
GIGABYTE A620M H 피씨디렉트,100540,AM5,DDR5,PCIE4.0X16,MATX,7600.0,2026-04-20 15:30:38.871935
ASRock A620AM-HVS 대원씨티에스,100580,AM5,DDR5,PCIE4.0X16,MATX,6800.0,2026-04-20 15:30:38.871935
MAXSUN 챌린저 A620A 2.5G 디앤디컴,100680,AM5,DDR5,PCIE4.0X16,MATX,6400.0,2026-04-20 15:30:38.871935
GIGABYTE H610M H V2 제이씨현,101420,1700,DDR5,PCIE4.0X16,MATX,5600.0,2026-04-20 15:30:38.871935
ASRock H610M-HDV/M.2 D5 Gen5 디앤디컴,101520,1700,DDR5,PCIE5.0X16,MATX,5600.0,2026-04-20 15:30:38.871935
MSI PRO A620AM-B EVO,102990,AM5,DDR5,PCIE4.0X16,MATX,6800.0,2026-04-20 15:30:38.871935
GIGABYTE H610M H V2 피씨디렉트,102990,1700,DDR5,PCIE4.0X16,MATX,5600.0,2026-04-20 15:30:38.871935
ASUS PRIME H610M-CS 2.5G 코잇,103000,1700,DDR5,PCIE4.0X16,MATX,5600.0,2026-04-20 15:30:38.871935
ASRock H610M-X D5 에즈윈 (벌크),103220,1700,DDR5,PCIE4.0X16,MATX,5600.0,2026-04-20 15:30:38.871935
GIGABYTE H810M K 제이씨현,103550,1851,DDR5,PCIE4.0X16,MATX,6400.0,2026-04-20 15:30:38.871935
GIGABYTE H810M K GEN5 제이씨현,105370,1851,DDR5,PCIE5.0X16,MATX,6400.0,2026-04-20 15:30:38.871935
ASRock H610M-X D5 Gen5 대원씨티에스,105470,1700,DDR5,PCIE5.0X16,MATX,5600.0,2026-04-20 15:30:38.871935
MAXSUN 챌린저 H810M-F 디앤디컴,106500,1851,DDR5,PCIE5.0X16,MATX,6400.0,2026-04-20 15:30:38.871935
ASUS PRIME A620AM-K 대원씨티에스,106500,AM5,DDR5,PCIE4.0X16,MATX,7600.0,2026-04-20 15:30:38.871935
ASRock H610M-HDVP/D5 R2.0 인텍앤컴퍼니 (벌크),106940,1700,DDR5,PCIE4.0X16,MATX,5600.0,2026-04-20 15:30:38.871935
ASUS PRIME H610M-A D4 STCOM,107000,1700,DDR4,PCIE4.0X16,MATX,3200.0,2026-04-20 15:30:38.871935
ASUS PRIME H610M-D 코잇,107890,1700,DDR5,PCIE4.0X16,MATX,5600.0,2026-04-20 15:30:38.871935
ASUS PRIME A620AM-A 대원씨티에스,108000,AM5,DDR5,PCIE4.0X16,MATX,7600.0,2026-04-20 15:30:38.871935
COLORFUL BATTLE-AX B650M-PLUS V14 STCOM,108840,AM5,DDR5,PCIE5.0X16,MATX,7600.0,2026-04-20 15:30:38.871935
GIGABYTE H810M K 피씨디렉트,109070,1851,DDR5,PCIE4.0X16,MATX,6400.0,2026-04-20 15:30:38.871935
ASRock H810M-P Gen5 에즈윈,109080,1851,DDR5,PCIE5.0X16,MATX,6400.0,2026-04-20 15:30:38.871935
GIGABYTE H810M K GEN5 피씨디렉트,109590,1851,DDR5,PCIE5.0X16,MATX,6400.0,2026-04-20 15:30:38.871935
ASUS PRIME H610M-E 코잇,110090,1700,DDR5,PCIE4.0X16,MATX,5600.0,2026-04-20 15:30:38.871935
타무즈 B760M-ID5 (벌크),111180,1700,DDR5,PCIE4.0X16,MATX,5600.0,2026-04-20 15:30:38.871935
ASRock B550M Phantom Gaming 4 대원씨티에스,111550,AM4,DDR4,PCIE4.0X16,MATX,4733.0,2026-04-20 15:30:38.871935
ASUS PRIME A620M-A 대원씨티에스,111670,AM5,DDR5,PCIE4.0X16,MATX,6400.0,2026-04-20 15:30:38.871935
GIGABYTE H610M S2H V2 제이씨현,111960,1700,DDR5,PCIE4.0X16,MATX,5600.0,2026-04-20 15:30:38.871935
GIGABYTE H610M S2H V2 피씨디렉트,112010,1700,DDR5,PCIE4.0X16,MATX,5600.0,2026-04-20 15:30:38.871935
GIGABYTE H610M S2H V2 D4 듀러블에디션 피씨디렉트,112030,1700,DDR4,PCIE4.0X16,MATX,3200.0,2026-04-20 15:30:38.871935
GIGABYTE H610M S2H V2 D4 듀러블에디션 제이씨현,112400,1700,DDR4,PCIE4.0X16,MATX,3200.0,2026-04-20 15:30:38.871935
GIGABYTE H810M H 제이씨현,112810,1851,DDR5,PCIE4.0X16,MATX,6400.0,2026-04-20 15:30:38.871935
ASRock H810M-P Gen5 디앤디컴,113230,1851,DDR5,PCIE5.0X16,MATX,6400.0,2026-04-20 15:30:38.871935
ASUS PRIME H810M-E 코잇,114000,1851,DDR5,PCIE4.0X16,MATX,6400.0,2026-04-20 15:30:38.871935
GIGABYTE H810M H GEN5 피씨디렉트,114590,1851,DDR5,PCIE5.0X16,MATX,6400.0,2026-04-20 15:30:38.871935
GIGABYTE B650M K 피씨디렉트,114700,AM5,DDR5,PCIE4.0X16,MATX,8000.0,2026-04-20 15:30:38.871935
MSI PRO H610M-C EX,114910,1700,DDR5,PCIE4.0X16,MATX,5600.0,2026-04-20 15:30:38.871935
ASUS PRIME B550M-K ARGB 대원씨티에스,115000,AM4,DDR4,PCIE4.0X16,MATX,5100.0,2026-04-20 15:30:38.871935
GIGABYTE B650M K 제이씨현,115520,AM5,DDR5,PCIE4.0X16,MATX,8000.0,2026-04-20 15:30:38.871935
MSI PRO B650M-B,115710,AM5,DDR5,PCIE4.0X16,MATX,6800.0,2026-04-20 15:30:38.871935
ASRock B650M PG Lightning 대원씨티에스,115850,AM5,DDR5,PCIE4.0X16,MATX,7200.0,2026-04-20 15:30:38.871935
ASUS TUF Gaming A620M-PLUS 대원씨티에스,115900,AM5,DDR5,PCIE4.0X16,MATX,6400.0,2026-04-20 15:30:38.871935
COLORFUL BATTLE-AX B650M-E PRO V14 도우정보,115980,AM5,DDR5,PCIE4.0X16,MATX,7600.0,2026-04-20 15:30:38.871935
ASUS EX A320M-GAMING 대원씨티에스,116000,AM4,DDR4,PCIE3.0X16,MATX,2666.0,2026-04-20 15:30:38.871935
ASRock H810M-P Gen5 디앤디컴 (벌크),116100,1851,DDR5,PCIE5.0X16,MATX,6400.0,2026-04-20 15:30:38.871935
GIGABYTE H810M H 피씨디렉트,116200,1851,DDR5,PCIE4.0X16,MATX,6400.0,2026-04-20 15:30:38.871935
ASRock H610M-X D5 Gen5 디앤디컴,116620,1700,DDR5,PCIE5.0X16,MATX,5600.0,2026-04-20 15:30:38.871935
MAXSUN 터미네이터 B550M 디앤디컴,117000,AM4,DDR4,,MATX,3600.0,2026-04-20 15:30:38.871935
BIOSTAR B650MT-E PRO 제이씨현,117140,AM5,DDR5,PCIE4.0X16,MATX,6000.0,2026-04-20 15:30:38.871935
ASUS PRIME H510M-K R2.0 STCOM,117450,1200,DDR4,PCIE4.0X16,MATX,3200.0,2026-04-20 15:30:38.871935
ASRock B650M PG Lightning 디앤디컴,117480,AM5,DDR5,PCIE4.0X16,MATX,7200.0,2026-04-20 15:30:38.871935
ASRock B550M Phantom Gaming 4 디앤디컴,118360,AM4,DDR4,PCIE4.0X16,MATX,4733.0,2026-04-20 15:30:38.871935
ASRock B650M PG Lightning 에즈윈,118890,AM5,DDR5,PCIE4.0X16,MATX,7200.0,2026-04-20 15:30:38.871935
MSI PRO A620M-C EX,118990,AM5,DDR5,PCIE4.0X16,MATX,7800.0,2026-04-20 15:30:38.871935
ASUS PRIME B550M-K ARGB STCOM,119000,AM4,DDR4,PCIE4.0X16,MATX,5100.0,2026-04-20 15:30:38.871935
MSI PRO B650M-P,119100,AM5,DDR5,PCIE4.0X16,MATX,7200.0,2026-04-20 15:30:38.871935
ASUS PRIME H810M-A 코잇,120990,1851,DDR5,PCIE4.0X16,MATX,6400.0,2026-04-20 15:30:38.871935
ASUS H110M-K STCOM,121170,1151,DDR4,,MATX,2133.0,2026-04-20 15:30:38.871935
ASRock B550M Phantom Gaming 4 에즈윈,121260,AM4,DDR4,PCIE4.0X16,MATX,4733.0,2026-04-20 15:30:38.871935
ASRock B760M-HDVP D5 에즈윈 (벌크),121320,1700,DDR5,PCIE5.0X16,MATX,7000.0,2026-04-20 15:30:38.871935
GIGABYTE B760M DS3H GEN5 제이씨현,123000,1700,DDR5,PCIE5.0X16,MATX,7600.0,2026-04-20 15:30:38.871935
MAXSUN 챌린저 H810M 2.5G 디앤디컴,123120,1851,DDR5,PCIE5.0X16,MATX,6400.0,2026-04-20 15:30:38.871935
ASRock B550M Pro RS 에즈윈,123880,AM4,DDR4,PCIE4.0X16,MATX,4733.0,2026-04-20 15:30:38.871935
GIGABYTE B550M AORUS ELITE 피씨디렉트,123980,AM4,DDR4,PCIE4.0X16,MATX,4733.0,2026-04-20 15:30:38.871935
ASUS PRIME H810M-K STCOM,124000,1851,DDR5,PCIE4.0X16,MATX,6400.0,2026-04-20 15:30:38.871935
ASUS PRIME B650M-A II 대원씨티에스,124000,AM5,DDR5,PCIE4.0X16,MATX,6400.0,2026-04-20 15:30:38.871935
ASRock B550M Pro RS 대원씨티에스,124360,AM4,DDR4,PCIE4.0X16,MATX,4733.0,2026-04-20 15:30:38.871935
ASUS PRIME B550M-A 대원씨티에스,124480,AM4,DDR4,PCIE4.0X16,MATX,4800.0,2026-04-20 15:30:38.871935
COLORFUL BATTLE-AX B760M-K V20 D5 STCOM,124550,1700,DDR5,PCIE4.0X16,MATX,7200.0,2026-04-20 15:30:38.871935
ASUS PRIME H810M-A 인텍앤컴퍼니,124860,1851,DDR5,PCIE4.0X16,MATX,6400.0,2026-04-20 15:30:38.871935
COLORFUL BATTLE-AX B760M-D PRO D4 V20 도우정보,124980,1700,DDR4,PCIE4.0X16,MATX,4800.0,2026-04-20 15:30:38.871935
GIGABYTE B550M AORUS ELITE 제이씨현,125000,AM4,DDR4,PCIE4.0X16,MATX,4733.0,2026-04-20 15:30:38.871935
ASRock B760M-X Gen5 에즈윈 (벌크),125090,1700,DDR5,PCIE5.0X16,MATX,7200.0,2026-04-20 15:30:38.871935
ASUS PRIME H810M-A STCOM,127970,1851,DDR5,PCIE4.0X16,MATX,6400.0,2026-04-20 15:30:38.871935
GIGABYTE H810M S2H GEN5 피씨디렉트,127990,1851,DDR5,PCIE5.0X16,MATX,6400.0,2026-04-20 15:30:38.871935
ASUS PRIME B760M-KS 코잇 (벌크),128710,1700,DDR5,PCIE5.0X16,MATX,,2026-04-20 15:30:38.871935
GIGABYTE H810M S2H 피씨디렉트,128750,1851,DDR5,PCIE4.0X16,MATX,6400.0,2026-04-20 15:30:38.871935
MSI PRO B760M-P DDR4,128970,1700,DDR4,PCIE4.0X16,MATX,4800.0,2026-04-20 15:30:38.871935
ASRock H810M-X Gen5 에즈윈,129720,1851,DDR5,PCIE5.0X16,MATX,6400.0,2026-04-20 15:30:38.871935
BIOSTAR B850MT-E PRO 제이씨현,129900,AM5,DDR5,PCIE5.0X16,MATX,8000.0,2026-04-20 15:30:38.871935
GIGABYTE H810M S2H 제이씨현,129920,1851,DDR5,PCIE4.0X16,MATX,6400.0,2026-04-20 15:30:38.871935
ASRock H810M-X 에즈윈,130320,1851,DDR5,PCIE4.0X16,MATX,6400.0,2026-04-20 15:30:38.871935
GIGABYTE B760M DS3H D4 제이씨현,131400,1700,DDR4,PCIE4.0X16,MATX,5333.0,2026-04-20 15:30:38.871935
GIGABYTE H810M D2HX SI GEN5 제이씨현,131500,1851,DDR5,PCIE5.0X16,MATX,6400.0,2026-04-20 15:30:38.871935
ASRock H810M-X 에즈윈 (벌크),131870,1851,DDR5,PCIE4.0X16,MATX,6400.0,2026-04-20 15:30:38.871935
ASRock B550M Pro RS 디앤디컴,132860,AM4,DDR4,PCIE4.0X16,MATX,4733.0,2026-04-20 15:30:38.871935
ASRock H810M-X Gen5 디앤디컴 (벌크),132900,1851,DDR5,PCIE5.0X16,MATX,6400.0,2026-04-20 15:30:38.871935
GIGABYTE H810M D2HX SI GEN5 피씨디렉트,132990,1851,DDR5,PCIE5.0X16,MATX,6400.0,2026-04-20 15:30:38.871935
ASRock H810M-X Gen5 디앤디컴,133490,1851,DDR5,PCIE5.0X16,MATX,6400.0,2026-04-20 15:30:38.871935
GIGABYTE B760M DS3H D4 피씨디렉트,134000,1700,DDR4,PCIE4.0X16,MATX,5333.0,2026-04-20 15:30:38.871935
ASUS EX B760M-V5 D4 코잇,134580,1700,DDR4,PCIE4.0X16,MATX,5333.0,2026-04-20 15:30:38.871935
ASRock B760M Pro-A 에즈윈 (벌크),134990,1700,DDR5,PCIE5.0X16,MATX,7200.0,2026-04-20 15:30:38.871935
GIGABYTE B760M DS3H GEN5 피씨디렉트,135040,1700,DDR5,PCIE5.0X16,MATX,7600.0,2026-04-20 15:30:38.871935
ASRock B760M Pro-A/D4 에즈윈,135450,1700,DDR4,PCIE4.0X16,MATX,5333.0,2026-04-20 15:30:38.871935
ASRock H810M-X 디앤디컴,136200,1851,DDR5,PCIE4.0X16,MATX,6400.0,2026-04-20 15:30:38.871935
ASRock H810M-HDVP 디앤디컴,136290,1851,DDR5,PCIE5.0X16,MATX,6400.0,2026-04-20 15:30:38.871935
ASUS PRIME B760M-K D4 STCOM,136340,1700,DDR4,PCIE4.0X16,MATX,5333.0,2026-04-20 15:30:38.871935
MSI PRO H810M-B,137210,1851,DDR5,PCIE5.0X16,MATX,6400.0,2026-04-20 15:30:38.871935
ASUS PRIME B760M-K D4 코잇,137390,1700,DDR4,PCIE4.0X16,MATX,5333.0,2026-04-20 15:30:38.871935
ASRock B760M Pro-A/D4 디앤디컴,137830,1700,DDR4,PCIE4.0X16,MATX,5333.0,2026-04-20 15:30:38.871935
GIGABYTE B760M D2HX LITE SI GEN5 피씨디렉트 (벌크),139310,1700,DDR5,PCIE5.0X16,MATX,5600.0,2026-04-20 15:30:38.871935
ASUS PRIME B650EM-A 대원씨티에스,139980,AM5,DDR5,PCIE5.0X16,MATX,8000.0,2026-04-20 15:30:38.871935
GIGABYTE B760M DS3H D4 GEN5 제이씨현,140060,1700,DDR4,PCIE5.0X16,MATX,5333.0,2026-04-20 15:30:38.871935
ASUS PRIME H810M-A-CSM STCOM,140990,1851,DDR5,PCIE4.0X16,MATX,6400.0,2026-04-20 15:30:38.871935
ASUS PRIME H810M-A WIFI 코잇,142000,1851,DDR5,PCIE4.0X16,MATX,6400.0,2026-04-20 15:30:38.871935
MSI PRO B760M-A DDR4 II,142500,1700,DDR4,PCIE4.0X16,MATX,5333.0,2026-04-20 15:30:38.871935
ASRock B650M PG Lightning + WiFi6E 모듈 패키지 디앤디컴,144350,AM5,DDR5,PCIE4.0X16,MATX,7200.0,2026-04-20 15:30:38.871935
ASRock B860M-X Gen5 에즈윈 (벌크),144850,1851,DDR5,PCIE5.0X16,MATX,9066.0,2026-04-20 15:30:38.871935
GIGABYTE B760M DS3H D4 GEN5 피씨디렉트,144870,1700,DDR4,PCIE5.0X16,MATX,5333.0,2026-04-20 15:30:38.871935
ASRock B650M Pro X3D 에즈윈,144920,AM5,DDR5,PCIE5.0X16,MATX,8000.0,2026-04-20 15:30:38.871935
MSI PRO B760M-P,144990,1700,DDR5,PCIE4.0X16,MATX,6800.0,2026-04-20 15:30:38.871935
GIGABYTE B650 AORUS ELITE V2 제이씨현,145000,AM5,DDR5,PCIE4.0X16,ATX,8000.0,2026-04-20 15:30:38.871935
MAXSUN 챌린저 H610ITX 2LAN 디앤디컴,145630,1700,DDR4,PCIE4.0X16,,3200.0,2026-04-20 15:30:38.871935
ASRock B360M PRO4 디앤디컴,146000,1151V2,DDR4,PCIE3.0X16,MATX,2666.0,2026-04-20 15:30:38.871935
ASUS PRIME B650EM-A STCOM,146730,AM5,DDR5,PCIE5.0X16,MATX,8000.0,2026-04-20 15:30:38.871935
ASRock B650M Pro X3D 디앤디컴,147680,AM5,DDR5,PCIE5.0X16,MATX,8000.0,2026-04-20 15:30:38.871935
ASRock B760M Pro RS D5 에즈윈,147690,1700,DDR5,PCIE5.0X16,MATX,7200.0,2026-04-20 15:30:38.871935
GIGABYTE B660M DS3H D4 제이씨현,148000,1700,DDR4,PCIE4.0X16,MATX,5333.0,2026-04-20 15:30:38.871935
ASRock B650M Pro X3D 대원씨티에스,148190,AM5,DDR5,PCIE5.0X16,MATX,8000.0,2026-04-20 15:30:38.871935
ASUS PRIME B760M-A 코잇,149070,1700,DDR5,PCIE4.0X16,MATX,7200.0,2026-04-20 15:30:38.871935
ASUS PRIME B760M-A D4 STCOM,149650,1700,DDR4,PCIE4.0X16,MATX,5333.0,2026-04-20 15:30:38.871935
ASRock H810M-X WIFI 디앤디컴,149880,1851,DDR5,PCIE4.0X16,MATX,6400.0,2026-04-20 15:30:38.871935
ASRock B860M-HDVP 에즈윈 (벌크),150380,1851,DDR5,PCIE5.0X16,MATX,9066.0,2026-04-20 15:30:38.871935
ASRock B850M-X 디앤디컴,150570,AM5,DDR5,PCIE4.0X16,MATX,8200.0,2026-04-20 15:30:38.871935
ASUS H810M AYW GAMING WIFI 코잇,151140,1851,DDR5,PCIE4.0X16,MATX,6400.0,2026-04-20 15:30:38.871935
ASUS TUF Gaming B760M-PLUS II 코잇,151960,1700,DDR5,PCIE5.0X16,MATX,7800.0,2026-04-20 15:30:38.871935
COLORFUL BATTLE-AX B760M-PLUS V20 D5 STCOM,153140,1700,DDR5,PCIE5.0X16,MATX,6400.0,2026-04-20 15:30:38.871935
ASUS PRIME H810M-A WIFI STCOM,153420,1851,DDR5,PCIE4.0X16,MATX,6400.0,2026-04-20 15:30:38.871935
MSI PRO B760M-A WIFI,153640,1700,DDR5,PCIE4.0X16,MATX,6800.0,2026-04-20 15:30:38.871935
ASRock B850M-X R2.0 에즈윈,154200,AM5,DDR5,PCIE5.0X16,MATX,8200.0,2026-04-20 15:30:38.871935
GIGABYTE B760M AORUS ELITE GEN5 피씨디렉트,154280,1700,DDR5,PCIE5.0X16,MATX,5600.0,2026-04-20 15:30:38.871935
ASRock B760M Pro RS D5 디앤디컴,154890,1700,DDR5,PCIE5.0X16,MATX,7200.0,2026-04-20 15:30:38.871935
ASUS PRIME B760M-A STCOM,155640,1700,DDR5,PCIE4.0X16,MATX,7200.0,2026-04-20 15:30:38.871935
ASUS PRIME H810M-A WIFI-CSM STCOM,155750,1851,DDR5,PCIE4.0X16,MATX,6400.0,2026-04-20 15:30:38.871935
GIGABYTE B650EM DS3H WIFI6E 피씨디렉트,158140,AM5,DDR5,PCIE5.0X16,MATX,8200.0,2026-04-20 15:30:38.871935
MSI PRO B650M-A,158770,AM5,DDR5,PCIE4.0X16,MATX,7200.0,2026-04-20 15:30:38.871935
ASUS H810M AYW GAMING WIFI STCOM,158960,1851,DDR5,PCIE4.0X16,MATX,6400.0,2026-04-20 15:30:38.871935
ASUS TUF Gaming B550M-PLUS STCOM,159000,AM4,DDR4,PCIE4.0X16,MATX,4800.0,2026-04-20 15:30:38.871935
GIGABYTE B850M FORCE 제이씨현,159380,AM5,DDR5,PCIE5.0X16,MATX,9600.0,2026-04-20 15:30:38.871935
ASRock B850M-X R2.0 대원씨티에스,159760,AM5,DDR5,PCIE5.0X16,MATX,8200.0,2026-04-20 15:30:38.871935
GIGABYTE A620M GAMING X 피씨디렉트,160230,AM5,DDR5,PCIE4.0X16,MATX,6400.0,2026-04-20 15:30:38.871935
GIGABYTE H610I D4 듀러블에디션 피씨디렉트,160230,1700,DDR4,PCIE4.0X16,,3200.0,2026-04-20 15:30:38.871935
ASUS PRIME B760M-K 코잇,160270,1700,DDR5,PCIE4.0X16,MATX,8000.0,2026-04-20 15:30:38.871935
ASUS H810M AYW GAMING WIFI-CSM STCOM,160650,1851,DDR5,PCIE4.0X16,MATX,6400.0,2026-04-20 15:30:38.871935
MAXSUN e스포츠 B850M WIFI ICE 디앤디컴,161630,AM5,DDR5,PCIE5.0X16,MATX,8000.0,2026-04-20 15:30:38.871935
ECS H610H7-TI5 코잇,161780,1700,,,,3200.0,2026-04-20 15:30:38.871935
GIGABYTE B760M DS3H WIFI6E D4 GEN5 피씨디렉트,161970,1700,DDR4,PCIE5.0X16,MATX,5333.0,2026-04-20 15:30:38.871935
GIGABYTE B760M AORUS ELITE GEN5 제이씨현,162030,1700,DDR5,PCIE5.0X16,MATX,5600.0,2026-04-20 15:30:38.871935
ASRock B860M-X Gen5 에즈윈,162560,1851,DDR5,PCIE5.0X16,MATX,9066.0,2026-04-20 15:30:38.871935
ASRock B550M Phantom Gaming 4 + WiFi6E 랜카드 패키지 디앤디컴,162950,AM4,DDR4,PCIE4.0X16,MATX,4733.0,2026-04-20 15:30:38.871935
GIGABYTE B850M FORCE 피씨디렉트,163030,AM5,DDR5,PCIE5.0X16,MATX,9600.0,2026-04-20 15:30:38.871935
ASRock B850M Pro-A 에즈윈,164040,AM5,DDR5,PCIE5.0X16,MATX,8000.0,2026-04-20 15:30:38.871935
GIGABYTE B850M DS3H 제이씨현,164700,AM5,DDR5,PCIE5.0X16,MATX,8200.0,2026-04-20 15:30:38.871935
GIGABYTE B760M DS3H WIFI6E D4 GEN5 제이씨현,164800,1700,DDR4,PCIE5.0X16,MATX,5333.0,2026-04-20 15:30:38.871935
COLORFUL BATTLE-AX B850M-T WIFI V14 도우정보,164980,AM5,DDR5,PCIE5.0X16,MATX,7200.0,2026-04-20 15:30:38.871935
ASRock B650M Pro X3D WiFi 대원씨티에스,165760,AM5,DDR5,PCIE5.0X16,MATX,8000.0,2026-04-20 15:30:38.871935
ASRock B660M Pro RS D4 에즈윈,166000,1700,DDR4,PCIE4.0X16,MATX,4800.0,2026-04-20 15:30:38.871935
ASRock B450 PRO4 디앤디컴,166000,AM4,DDR4,PCIE3.0X16,ATX,3200.0,2026-04-20 15:30:38.871935
ASRock B450 스틸레전드 디앤디컴,166000,AM4,DDR4,PCIE3.0X16,ATX,,2026-04-20 15:30:38.871935
ASRock B650M Pro X3D WiFi 에즈윈,166300,AM5,DDR5,PCIE5.0X16,MATX,8000.0,2026-04-20 15:30:38.871935
ASRock H610TM-ITX 에즈윈 (벌크),167380,1700,DDR4,,,3200.0,2026-04-20 15:30:38.871935
GIGABYTE B860M DS3H 제이씨현,168000,1851,DDR5,PCIE5.0X16,MATX,9066.0,2026-04-20 15:30:38.871935
ASRock B860M-X Gen5 디앤디컴,168270,1851,DDR5,PCIE5.0X16,MATX,9066.0,2026-04-20 15:30:38.871935
ASRock B850M-X R2.0 디앤디컴,168660,AM5,DDR5,PCIE5.0X16,MATX,8200.0,2026-04-20 15:30:38.871935
ASRock B650M PG Riptide 대원씨티에스,169400,AM5,DDR5,PCIE4.0X16,MATX,7200.0,2026-04-20 15:30:38.871935
ASRock A520M-ITX/ac 디앤디컴,170860,AM4,DDR4,PCIE3.0X16,,4733.0,2026-04-20 15:30:38.871935
GIGABYTE B850M DS3H 피씨디렉트,171010,AM5,DDR5,PCIE5.0X16,MATX,8200.0,2026-04-20 15:30:38.871935
GIGABYTE B850M DS3H ICE 피씨디렉트,171500,AM5,DDR5,PCIE5.0X16,MATX,8200.0,2026-04-20 15:30:38.871935
ASRock B650M Pro X3D WiFi 디앤디컴,172280,AM5,DDR5,PCIE5.0X16,MATX,8000.0,2026-04-20 15:30:38.871935
GIGABYTE B650M AORUS ELITE 제이씨현,172340,AM5,DDR5,PCIE4.0X16,MATX,6600.0,2026-04-20 15:30:38.871935
ASUS Pro H610T/CSM D4 코잇 (벌크),172890,1700,,,,3200.0,2026-04-20 15:30:38.871935
ASRock B550M Pro RS + WiFi6E 랜카드 패키지 디앤디컴,172970,AM4,DDR4,PCIE4.0X16,MATX,4733.0,2026-04-20 15:30:38.871935
ASRock B850M Pro-A 디앤디컴,173460,AM5,DDR5,PCIE5.0X16,MATX,8000.0,2026-04-20 15:30:38.871935
GIGABYTE B860M DS3H 피씨디렉트,173510,1851,DDR5,PCIE5.0X16,MATX,9066.0,2026-04-20 15:30:38.871935
MSI MAG B760M 박격포 II,174050,1700,DDR5,PCIE5.0X16,MATX,7800.0,2026-04-20 15:30:38.871935
ASRock B860M Pro-A 에즈윈,174290,1851,DDR5,PCIE5.0X16,MATX,8666.0,2026-04-20 15:30:38.871935
GIGABYTE B850M DS3H ICE 제이씨현,174480,AM5,DDR5,PCIE5.0X16,MATX,8200.0,2026-04-20 15:30:38.871935
ASRock B860M Pro-A 디앤디컴,175850,1851,DDR5,PCIE5.0X16,MATX,8666.0,2026-04-20 15:30:38.871935
ASRock H810TM-ITX 에즈윈 (벌크),176000,1851,DDR5,,,6400.0,2026-04-20 15:30:38.871935
MSI PRO B650M-A WIFI,178770,AM5,DDR5,PCIE4.0X16,MATX,7200.0,2026-04-20 15:30:38.871935
ASUS TUF Gaming B650EM-E WIFI 대원씨티에스,178960,AM5,DDR5,PCIE5.0X16,MATX,8000.0,2026-04-20 15:30:38.871935
ASUS B860M AYW GAMING WIFI 인텍앤컴퍼니,178980,1851,DDR5,PCIE4.0X16,MATX,8800.0,2026-04-20 15:30:38.871935
COLORFUL BATTLE-AX B850M-PLUS PRO WIFI V14 STCOM,179350,AM5,DDR5,PCIE5.0X16,MATX,7600.0,2026-04-20 15:30:38.871935
ASRock B760M Pro RS D5 + WiFi6E 모듈 패키지 디앤디컴,179440,1700,DDR5,PCIE5.0X16,MATX,7200.0,2026-04-20 15:30:38.871935
ASRock B850M Pro-A 대원씨티에스,180780,AM5,DDR5,PCIE5.0X16,MATX,8000.0,2026-04-20 15:30:38.871935
MAXSUN e스포츠 B650ITX WIFI ICE 디앤디컴,181040,AM5,DDR5,PCIE5.0X16,,8000.0,2026-04-20 15:30:38.871935
GIGABYTE B760M AORUS ELITE D4 GEN5 제이씨현,181280,1700,DDR4,PCIE5.0X16,MATX,3200.0,2026-04-20 15:30:38.871935
ASUS PRIME B860M-A-CSM 코잇,182000,1851,DDR5,PCIE5.0X16,MATX,8400.0,2026-04-20 15:30:38.871935
GIGABYTE B760M AORUS ELITE D4 GEN5 피씨디렉트,182720,1700,DDR4,PCIE5.0X16,MATX,3200.0,2026-04-20 15:30:38.871935
ASUS TUF Gaming B650EM-E WIFI STCOM,184820,AM5,DDR5,PCIE5.0X16,MATX,8000.0,2026-04-20 15:30:38.871935
MSI MAG B660M 박격포 DDR4,186000,1700,DDR4,PCIE4.0X16,MATX,4800.0,2026-04-20 15:30:38.871935
ASUS PRIME B860M-K-CSM STCOM,186000,1851,DDR5,PCIE4.0X16,MATX,8800.0,2026-04-20 15:30:38.871935
ASUS B850M MAX GAMING WIFI 대원씨티에스,186910,AM5,DDR5,PCIE5.0X16,MATX,8000.0,2026-04-20 15:30:38.871935
ASUS TUF Gaming B760M-PLUS 코잇,188280,1700,DDR5,PCIE5.0X16,MATX,7200.0,2026-04-20 15:30:38.871935
MSI PRO B850M-A WIFI,189000,AM5,DDR5,PCIE5.0X16,MATX,8200.0,2026-04-20 15:30:38.871935
MSI PRO B850M-P,189000,AM5,DDR5,PCIE5.0X16,MATX,8200.0,2026-04-20 15:30:38.871935
MAXSUN 챌린저 B760ITX D5 디앤디컴,189390,1700,DDR5,PCIE5.0X16,,8000.0,2026-04-20 15:30:38.871935
ASRock B850M Pro-A WiFi 디앤디컴,189790,AM5,DDR5,PCIE5.0X16,MATX,8000.0,2026-04-20 15:30:38.871935
ASRock B850M Rock WiFi 대원씨티에스,190610,AM5,DDR5,PCIE5.0X16,MATX,8200.0,2026-04-20 15:30:38.871935
ASRock B850M Pro-A WiFi 에즈윈,190970,AM5,DDR5,PCIE5.0X16,MATX,8000.0,2026-04-20 15:30:38.871935
MAXSUN e스포츠 B850ITX WIFI ICE 디앤디컴,190980,AM5,DDR5,PCIE5.0X16,,8000.0,2026-04-20 15:30:38.871935
ASRock B850M Rock WiFi 에즈윈,192910,AM5,DDR5,PCIE5.0X16,MATX,8200.0,2026-04-20 15:30:38.871935
ASRock B850M Pro-A WiFi 대원씨티에스,193180,AM5,DDR5,PCIE5.0X16,MATX,8000.0,2026-04-20 15:30:38.871935
ASUS B850M MAX GAMING WIFI STCOM,193540,AM5,DDR5,PCIE5.0X16,MATX,8000.0,2026-04-20 15:30:38.871935
ASRock B860M Rock WiFi 에즈윈,193550,1851,DDR5,PCIE5.0X16,MATX,8333.0,2026-04-20 15:30:38.871935
ASRock B860M Pro RS 에즈윈,194400,1851,DDR5,PCIE5.0X16,MATX,8666.0,2026-04-20 15:30:38.871935
MSI MPG X470 게이밍 플러스 맥스,195990,AM4,DDR4,PCIE3.0X16,ATX,3466.0,2026-04-20 15:30:38.871935
MSI PRO B840-P WIFI,196500,AM5,DDR5,PCIE4.0X16,ATX,8000.0,2026-04-20 15:30:38.871935
ASRock B760M Pro RS D5 + WiFi7 모듈 패키지 디앤디컴,196660,1700,DDR5,PCIE5.0X16,MATX,7200.0,2026-04-20 15:30:38.871935
ASRock B850M Pro RS 대원씨티에스,196690,AM5,DDR5,PCIE5.0X16,MATX,8000.0,2026-04-20 15:30:38.871935
ASRock B650M Pro RS 디앤디컴,197000,AM5,DDR5,PCIE4.0X16,MATX,7200.0,2026-04-20 15:30:38.871935
ASUS PRIME B840M-A-CSM 대원씨티에스,197000,AM5,DDR5,PCIE4.0X16,MATX,7600.0,2026-04-20 15:30:38.871935
ASRock B860M Pro RS 디앤디컴,200320,1851,DDR5,PCIE5.0X16,MATX,8666.0,2026-04-20 15:30:38.871935
ASRock B850M Pro RS WiFi 디앤디컴,201720,AM5,DDR5,PCIE5.0X16,MATX,8000.0,2026-04-20 15:30:38.871935
ASRock B850M Pro RS 디앤디컴,201880,AM5,DDR5,PCIE5.0X16,MATX,8000.0,2026-04-20 15:30:38.871935
GIGABYTE B650 AORUS ELITE V2 피씨디렉트,202280,AM5,DDR5,PCIE4.0X16,ATX,8000.0,2026-04-20 15:30:38.871935
ASUS PRIME H610I-PLUS 코잇,202350,1700,DDR5,PCIE4.0X16,,5600.0,2026-04-20 15:30:38.871935
ASRock B850M Pro RS 에즈윈,202910,AM5,DDR5,PCIE5.0X16,MATX,8000.0,2026-04-20 15:30:38.871935
ASRock B850M Pro RS WiFi WHITE 대원씨티에스,204890,AM5,DDR5,PCIE5.0X16,MATX,8000.0,2026-04-20 15:30:38.871935
MAXSUN 챌린저 H810ITX WIFI 디앤디컴,206540,1851,DDR5,PCIE5.0X16,,6400.0,2026-04-20 15:30:38.871935
ASUS PRIME B760M-A WIFI D4 STCOM,207100,1700,DDR4,PCIE4.0X16,MATX,5333.0,2026-04-20 15:30:38.871935
ASUS PRIME B850M-A-CSM 대원씨티에스,209000,AM5,DDR5,PCIE5.0X16,MATX,8000.0,2026-04-20 15:30:38.871935
ASRock B850M Pro RS WiFi 에즈윈,210350,AM5,DDR5,PCIE5.0X16,MATX,8000.0,2026-04-20 15:30:38.871935
ASRock B860M Pro RS WiFi 에즈윈,212850,1851,DDR5,PCIE5.0X16,MATX,8666.0,2026-04-20 15:30:38.871935
ASRock B650M PG Riptide WiFi White 에즈윈,212860,AM5,DDR5,PCIE4.0X16,MATX,7200.0,2026-04-20 15:30:38.871935
GIGABYTE B650 AORUS ELITE AX V2 피씨디렉트,213710,AM5,DDR5,PCIE4.0X16,ATX,8000.0,2026-04-20 15:30:38.871935
ASRock B850 Pro-A 대원씨티에스,214250,AM5,DDR5,PCIE5.0X16,ATX,8000.0,2026-04-20 15:30:38.871935
ASUS TUF Gaming B650M-PLUS STCOM,215650,AM5,DDR5,PCIE4.0X16,MATX,7600.0,2026-04-20 15:30:38.871935
MSI PRO B860M-A WIFI,215990,1851,DDR5,PCIE5.0X16,MATX,8600.0,2026-04-20 15:30:38.871935
GIGABYTE B650 AORUS ELITE AX ICE 제이씨현,216990,AM5,DDR5,PCIE4.0X16,ATX,8000.0,2026-04-20 15:30:38.871935
MSI MAG B650M 박격포 WIFI,217210,AM5,DDR5,PCIE4.0X16,MATX,7600.0,2026-04-20 15:30:38.871935
ASRock B860M Pro RS WiFi 디앤디컴,217520,1851,DDR5,PCIE5.0X16,MATX,8666.0,2026-04-20 15:30:38.871935
ASRock B650M Pro RS WIFI 디앤디컴,220240,AM5,DDR5,PCIE4.0X16,MATX,7200.0,2026-04-20 15:30:38.871935
ASUS ROG STRIX B760-G GAMING WIFI 코잇,221040,1700,DDR5,PCIE5.0X16,MATX,7800.0,2026-04-20 15:30:38.871935
ASRock B850 Pro-A 에즈윈,222200,AM5,DDR5,PCIE5.0X16,ATX,8000.0,2026-04-20 15:30:38.871935
ASRock B860 Rock WiFi 7 에즈윈,222970,1851,DDR5,PCIE5.0X16,ATX,8666.0,2026-04-20 15:30:38.871935
ASRock B850M 스틸레전드 WiFi 대원씨티에스,223000,AM5,DDR5,PCIE5.0X16,MATX,8000.0,2026-04-20 15:30:38.871935
ASRock B850 Pro-A 디앤디컴,223860,AM5,DDR5,PCIE5.0X16,ATX,8000.0,2026-04-20 15:30:38.871935
GIGABYTE B860M AORUS ELITE 제이씨현,224000,1851,DDR5,PCIE5.0X16,MATX,9200.0,2026-04-20 15:30:38.871935
ASRock B860 Rock WiFi 7 디앤디컴,224440,1851,DDR5,PCIE5.0X16,ATX,8666.0,2026-04-20 15:30:38.871935
GIGABYTE B860M AORUS ELITE 피씨디렉트,224530,1851,DDR5,PCIE5.0X16,MATX,9200.0,2026-04-20 15:30:38.871935
GIGABYTE B850M AORUS ELITE WIFI6E ICE 피씨디렉트,224890,AM5,DDR5,PCIE5.0X16,MATX,8200.0,2026-04-20 15:30:38.871935
ASRock B850M Pro RS WiFi WHITE 디앤디컴,225000,AM5,DDR5,PCIE5.0X16,MATX,8000.0,2026-04-20 15:30:38.871935
ASRock A620AI WiFi 대원씨티에스,226000,AM5,DDR5,PCIE4.0X16,,8200.0,2026-04-20 15:30:38.871935
ASRock B560M PRO4 에즈윈,226000,1200,DDR4,PCIE4.0X16,MATX,4800.0,2026-04-20 15:30:38.871935
GIGABYTE B850M AORUS ELITE WIFI6E 제이씨현,226690,AM5,DDR5,PCIE5.0X16,MATX,8200.0,2026-04-20 15:30:38.871935
ASUS TUF Gaming B850M-E WIFI 대원씨티에스,228220,AM5,DDR5,PCIE5.0X16,MATX,8000.0,2026-04-20 15:30:38.871935
GIGABYTE B850 EAGLE ICE 제이씨현,228480,AM5,DDR5,PCIE5.0X16,ATX,8200.0,2026-04-20 15:30:38.871935
GIGABYTE B850 EAGLE ICE 피씨디렉트,229330,AM5,DDR5,PCIE5.0X16,ATX,8200.0,2026-04-20 15:30:38.871935
GIGABYTE B850M AORUS ELITE WIFI6E 피씨디렉트,230160,AM5,DDR5,PCIE5.0X16,MATX,8200.0,2026-04-20 15:30:38.871935
GIGABYTE B850M AORUS ELITE WIFI6E ICE 제이씨현,231460,AM5,DDR5,PCIE5.0X16,MATX,8200.0,2026-04-20 15:30:38.871935
ASRock B860 Pro-A 에즈윈,231890,1851,DDR5,PCIE5.0X16,ATX,8666.0,2026-04-20 15:30:38.871935
ASRock B850 Rock WiFi 7 에즈윈,231910,AM5,DDR5,PCIE5.0X16,ATX,8000.0,2026-04-20 15:30:38.871935
COLORFUL COLORFIRE B760M-MEOW WIFI D5 ORANGE STCOM,232050,1700,DDR5,PCIE5.0X16,MATX,7200.0,2026-04-20 15:30:38.871935
ASRock B850 Pro-A WiFi 에즈윈,232080,AM5,DDR5,PCIE5.0X16,ATX,8000.0,2026-04-20 15:30:38.871935
MSI MAG B760 토마호크 WIFI,232480,1700,DDR5,PCIE5.0X16,ATX,7000.0,2026-04-20 15:30:38.871935
ASUS PRIME B840M-A-CSM STCOM,232530,AM5,DDR5,PCIE4.0X16,MATX,7600.0,2026-04-20 15:30:38.871935
ASRock B850 Rock WiFi 7 대원씨티에스,232560,AM5,DDR5,PCIE5.0X16,ATX,8000.0,2026-04-20 15:30:38.871935
ASRock B850 Challenger WiFi 7 대원씨티에스,232630,AM5,DDR5,PCIE5.0X16,ATX,8000.0,2026-04-20 15:30:38.871935
ASUS TUF Gaming B850M-PLUS WIFI7 인텍앤컴퍼니,237780,AM5,DDR5,PCIE5.0X16,MATX,8000.0,2026-04-20 15:30:38.871935
ASUS TUF Gaming B860M-PLUS 코잇,238000,1851,DDR5,PCIE5.0X16,MATX,8800.0,2026-04-20 15:30:38.871935
ASRock B850 Pro-A WiFi 디앤디컴,238500,AM5,DDR5,PCIE5.0X16,ATX,8000.0,2026-04-20 15:30:38.871935
ASRock B850M Pro Plus WiFi 디앤디컴,238950,AM5,DDR5,PCIE5.0X16,MATX,8000.0,2026-04-20 15:30:38.871935
ASRock B850M 스틸레전드 WiFi 디앤디컴,239850,AM5,DDR5,PCIE5.0X16,MATX,8000.0,2026-04-20 15:30:38.871935
GIGABYTE B650M AORUS ELITE AX ICE 제이씨현,240000,AM5,DDR5,PCIE4.0X16,MATX,8000.0,2026-04-20 15:30:38.871935
ASRock B850M 스틸레전드 WiFi 에즈윈,240470,AM5,DDR5,PCIE5.0X16,MATX,8000.0,2026-04-20 15:30:38.871935
ASRock B650M PG Riptide WiFi White 디앤디컴,240800,AM5,DDR5,PCIE4.0X16,MATX,7200.0,2026-04-20 15:30:38.871935
ASRock B850 Pro RS 에즈윈,241430,AM5,DDR5,PCIE5.0X16,ATX,8000.0,2026-04-20 15:30:38.871935
ASRock B850M Riptide WiFi 대원씨티에스,241490,AM5,DDR5,PCIE5.0X16,MATX,8000.0,2026-04-20 15:30:38.871935
MSI B760M 프로젝트 제로,241500,1700,DDR5,PCIE5.0X16,MATX,7800.0,2026-04-20 15:30:38.871935
ASUS TUF Gaming B850M-E WIFI STCOM,241500,AM5,DDR5,PCIE5.0X16,MATX,8000.0,2026-04-20 15:30:38.871935
ASRock B850 Pro RS WiFi 대원씨티에스,242190,AM5,DDR5,PCIE5.0X16,ATX,8000.0,2026-04-20 15:30:38.871935
ASRock B850M Challenger WiFi 7 White 대원씨티에스,242380,AM5,DDR5,PCIE5.0X16,MATX,8000.0,2026-04-20 15:30:38.871935
ASUS TUF Gaming B850M-PLUS II 대원씨티에스,243600,AM5,DDR5,PCIE5.0X16,MATX,8000.0,2026-04-20 15:30:38.871935
ASUS TUF Gaming B850M-PLUS WIFI 대원씨티에스,245000,AM5,DDR5,PCIE5.0X16,MATX,8000.0,2026-04-20 15:30:38.871935
ASRock B850 Pro RS WiFi 에즈윈,245050,AM5,DDR5,PCIE5.0X16,ATX,8000.0,2026-04-20 15:30:38.871935
ASUS TUF Gaming B850M-PLUS II 인텍앤컴퍼니,245600,AM5,DDR5,PCIE5.0X16,MATX,8000.0,2026-04-20 15:30:38.871935
MSI MAG B850M 박격포,245990,AM5,DDR5,PCIE5.0X16,MATX,8200.0,2026-04-20 15:30:38.871935
ASRock B560 PRO4 에즈윈,246000,1200,DDR4,PCIE4.0X16,ATX,4800.0,2026-04-20 15:30:38.871935
ASUS TUF Gaming B860M-PLUS STCOM,247730,1851,DDR5,PCIE5.0X16,MATX,8800.0,2026-04-20 15:30:38.871935
GIGABYTE B850M AORUS PRO WIFI7 제이씨현,248340,AM5,DDR5,PCIE5.0X16,MATX,8600.0,2026-04-20 15:30:38.871935
ASUS PRIME B860M-A-CSM STCOM,249000,1851,DDR5,PCIE5.0X16,MATX,8666.0,2026-04-20 15:30:38.871935
GIGABYTE B650M AORUS ELITE 피씨디렉트,249000,AM5,DDR5,PCIE4.0X16,MATX,8000.0,2026-04-20 15:30:38.871935
ASRock B850 Challenger WiFi 7 White 디앤디컴,249000,AM5,DDR5,PCIE5.0X16,ATX,8000.0,2026-04-20 15:30:38.871935
GIGABYTE B850M AORUS ELITE WIFI7 ICE-P 제이씨현,249130,AM5,DDR5,PCIE5.0X16,MATX,8200.0,2026-04-20 15:30:38.871935
ASRock B860 Pro RS WiFi 디앤디컴,250220,1851,DDR5,PCIE5.0X16,ATX,8666.0,2026-04-20 15:30:38.871935
ASUS PRIME B760-PLUS 코잇,250290,1700,DDR5,PCIE5.0X16,ATX,7200.0,2026-04-20 15:30:38.871935
ASRock B860 Pro RS 에즈윈,250740,1851,DDR5,PCIE5.0X16,ATX,8666.0,2026-04-20 15:30:38.871935
ASUS TUF Gaming B850M-PLUS STCOM,250750,AM5,DDR5,PCIE5.0X16,MATX,8000.0,2026-04-20 15:30:38.871935
ASRock B860 Pro-A WiFi 에즈윈,251280,1851,DDR5,PCIE5.0X16,ATX,8666.0,2026-04-20 15:30:38.871935
GIGABYTE B650E AORUS ELITE X AX ICE 제이씨현,251600,AM5,DDR5,PCIE5.0X16,ATX,8000.0,2026-04-20 15:30:38.871935
ASUS PRIME B840M-A WIFI-CSM STCOM,251640,AM5,DDR5,PCIE4.0X16,MATX,7600.0,2026-04-20 15:30:38.871935
GIGABYTE Z790 AORUS ELITE 제이씨현,252020,1700,DDR5,PCIE5.0X16,ATX,7600.0,2026-04-20 15:30:38.871935
MAXSUN 터미네이터 Z890-A WIFI 디앤디컴,252160,1851,DDR5,PCIE5.0X16,ATX,8800.0,2026-04-20 15:30:38.871935
ASRock B850 Pro RS WiFi 디앤디컴,252490,AM5,DDR5,PCIE5.0X16,ATX,8000.0,2026-04-20 15:30:38.871935
MSI MAG B650 토마호크 WIFI,253990,AM5,DDR5,PCIE4.0X16,ATX,7600.0,2026-04-20 15:30:38.871935
GIGABYTE B850M AORUS ELITE WIFI7 ICE-P 피씨디렉트,254200,AM5,DDR5,PCIE5.0X16,MATX,8200.0,2026-04-20 15:30:38.871935
ASRock B650 스틸레전드 WiFi 디앤디컴,255310,AM5,DDR5,PCIE5.0X16,ATX,7200.0,2026-04-20 15:30:38.871935
ASRock B850 Challenger WiFi 7 White 대원씨티에스,255390,AM5,DDR5,PCIE5.0X16,ATX,8000.0,2026-04-20 15:30:38.871935
ASUS TUF Gaming A620-PRO WIFI STCOM,256030,AM5,DDR5,PCIE4.0X16,ATX,6400.0,2026-04-20 15:30:38.871935
GIGABYTE B860M AORUS ELITE WIFI6E ICE 피씨디렉트,256060,1851,DDR5,PCIE5.0X16,MATX,9200.0,2026-04-20 15:30:38.871935
ASUS TUF Gaming B850M-PLUS II STCOM,256987,AM5,DDR5,PCIE5.0X16,MATX,8000.0,2026-04-20 15:30:38.871935
ASRock B860 Pro RS WiFi 에즈윈,258110,1851,DDR5,PCIE5.0X16,ATX,8666.0,2026-04-20 15:30:38.871935
GIGABYTE B860M AORUS ELITE WIFI6E 제이씨현,258740,1851,DDR5,PCIE5.0X16,MATX,9200.0,2026-04-20 15:30:38.871935
ASUS TUF Gaming B650M-PLUS WIFI STCOM,258890,AM5,DDR5,PCIE4.0X16,MATX,7600.0,2026-04-20 15:30:38.871935
ASRock B850M Pro RS + WiFi6E 모듈 패키지 디앤디컴,259000,AM5,DDR5,PCIE5.0X16,MATX,8000.0,2026-04-20 15:30:38.871935
GIGABYTE B860M AORUS ELITE WIFI6E ICE 제이씨현,259720,1851,DDR5,PCIE5.0X16,MATX,9200.0,2026-04-20 15:30:38.871935
GIGABYTE B860M AORUS ELITE WIFI6E 피씨디렉트,260470,1851,DDR5,PCIE5.0X16,MATX,9200.0,2026-04-20 15:30:38.871935
ASRock Z790 PG Lightning D5 에즈윈,260920,1700,DDR5,PCIE5.0X16,ATX,7200.0,2026-04-20 15:30:38.871935
ASUS TUF Gaming B850M-PLUS WIFI STCOM,261230,AM5,DDR5,PCIE5.0X16,MATX,8000.0,2026-04-20 15:30:38.871935
GIGABYTE B650E AORUS ELITE X AX ICE 피씨디렉트,261460,AM5,DDR5,PCIE5.0X16,ATX,8000.0,2026-04-20 15:30:38.871935
GIGABYTE B850M AORUS PRO WIFI7 피씨디렉트,262340,AM5,DDR5,PCIE5.0X16,MATX,8600.0,2026-04-20 15:30:38.871935
ASRock B860M 스틸레전드 WiFi 디앤디컴,266940,1851,DDR5,PCIE5.0X16,MATX,8666.0,2026-04-20 15:30:38.871935
ECS DURATHON2 GLKD-I-N4020 코잇 (벌크),267410,,,,,2400.0,2026-04-20 15:30:38.871935
MSI MAG B850M 박격포 WIFI,268210,AM5,DDR5,PCIE5.0X16,MATX,8200.0,2026-04-20 15:30:38.871935
ASUS PRIME B860M-A WIFI-CSM STCOM,268890,1851,DDR5,PCIE5.0X16,MATX,8400.0,2026-04-20 15:30:38.871935
ASRock B650 스틸레전드 WiFi 대원씨티에스,268950,AM5,DDR5,PCIE5.0X16,ATX,7200.0,2026-04-20 15:30:38.871935
MSI B650M 프로젝트 제로,268990,AM5,DDR5,PCIE4.0X16,MATX,7600.0,2026-04-20 15:30:38.871935
ASRock B850 Challenger WiFi 7 White 에즈윈,268990,AM5,DDR5,PCIE5.0X16,ATX,8000.0,2026-04-20 15:30:38.871935
ASUS TUF Gaming B850M-PLUS WIFI7 대원씨티에스,269780,AM5,DDR5,PCIE5.0X16,MATX,8000.0,2026-04-20 15:30:38.871935
ASUS TUF Gaming B850M-PLUS WIFI7 W 대원씨티에스,269790,AM5,DDR5,PCIE5.0X16,MATX,8000.0,2026-04-20 15:30:38.871935
ASUS ROG STRIX B650-A GAMING WIFI 대원씨티에스,276920,AM5,DDR5,PCIE4.0X16,ATX,6400.0,2026-04-20 15:30:38.871935
ASRock B860I WiFi 에즈윈,278190,1851,DDR5,PCIE5.0X16,,8933.0,2026-04-20 15:30:38.871935
ASUS TUF Gaming B860M-PLUS WIFI STCOM,278890,1851,DDR5,PCIE5.0X16,MATX,8666.0,2026-04-20 15:30:38.871935
MSI MAG B860M 박격포 WIFI,278970,1851,DDR5,PCIE5.0X16,MATX,9200.0,2026-04-20 15:30:38.871935
ASUS TUF Gaming B850M-PLUS WIFI7 STCOM,279000,AM5,DDR5,PCIE5.0X16,MATX,8000.0,2026-04-20 15:30:38.871935
ASRock B850 LiveMixer WiFi 대원씨티에스,279370,AM5,DDR5,PCIE5.0X16,ATX,8000.0,2026-04-20 15:30:38.871935
ASUS ROG STRIX B860-G GAMING WIFI 코잇,279990,1851,DDR5,PCIE5.0X16,MATX,9066.0,2026-04-20 15:30:38.871935
ASRock B860I WiFi 디앤디컴,281900,1851,DDR5,PCIE5.0X16,,8933.0,2026-04-20 15:30:38.871935
ASUS TUF Gaming B760-PLUS WIFI 코잇,284010,1700,DDR5,PCIE5.0X16,ATX,6600.0,2026-04-20 15:30:38.871935
ASRock X870 Pro RS 에즈윈,286050,AM5,DDR5,PCIE5.0X16,ATX,8000.0,2026-04-20 15:30:38.871935
GIGABYTE B860 AORUS ELITE WIFI7 ICE 제이씨현,286400,1851,DDR5,PCIE5.0X16,ATX,9200.0,2026-04-20 15:30:38.871935
ASRock X870 Pro-A WiFi 대원씨티에스,286570,AM5,DDR5,PCIE5.0X16,ATX,8000.0,2026-04-20 15:30:38.871935
ASUS TUF Gaming B850M-PLUS WIFI7 W STCOM,288067,AM5,DDR5,PCIE5.0X16,MATX,8000.0,2026-04-20 15:30:38.871935
MSI MAG B860 토마호크 WIFI,288990,1851,DDR5,PCIE5.0X16,ATX,9200.0,2026-04-20 15:30:38.871935
GIGABYTE B860 AORUS ELITE WIFI7 ICE 피씨디렉트,289700,1851,DDR5,PCIE5.0X16,ATX,9200.0,2026-04-20 15:30:38.871935
ASRock X870 Pro RS 대원씨티에스,290580,AM5,DDR5,PCIE5.0X16,ATX,8000.0,2026-04-20 15:30:38.871935
GIGABYTE Z690 AORUS PRO D4 피씨디렉트,295000,1700,DDR4,PCIE5.0X16,ATX,5600.0,2026-04-20 15:30:38.871935
GIGABYTE B850 AORUS ELITE WIFI7 피씨디렉트,295090,AM5,DDR5,PCIE5.0X16,ATX,8200.0,2026-04-20 15:30:38.871935
ASRock B850 스틸레전드 WiFi 디앤디컴,297220,AM5,DDR5,PCIE5.0X16,ATX,8000.0,2026-04-20 15:30:38.871935
GIGABYTE B850 AORUS ELITE WIFI7 제이씨현,297520,AM5,DDR5,PCIE5.0X16,ATX,8200.0,2026-04-20 15:30:38.871935
ASRock B850 Riptide WiFi 대원씨티에스,298305,AM5,DDR5,PCIE5.0X16,ATX,8000.0,2026-04-20 15:30:38.871935
ASRock X870 Pro RS 디앤디컴,298760,AM5,DDR5,PCIE5.0X16,ATX,8000.0,2026-04-20 15:30:38.871935
ASUS PRIME B860-PLUS-CSM STCOM,298890,1851,DDR5,PCIE5.0X16,ATX,8666.0,2026-04-20 15:30:38.871935
GIGABYTE Z790 UD 피씨디렉트,301460,1700,DDR5,PCIE5.0X16,ATX,7600.0,2026-04-20 15:30:38.871935
ASRock X870 Pro-A WiFi 디앤디컴,302370,AM5,DDR5,PCIE5.0X16,ATX,8000.0,2026-04-20 15:30:38.871935
ASRock B850 스틸레전드 WiFi 에즈윈,302380,AM5,DDR5,PCIE5.0X16,ATX,8000.0,2026-04-20 15:30:38.871935
ASRock Z890 Pro-A 디앤디컴,303000,1851,DDR5,PCIE5.0X16,ATX,9066.0,2026-04-20 15:30:38.871935
ASRock Z890 Pro-A 에즈윈,303300,1851,DDR5,PCIE5.0X16,ATX,8666.0,2026-04-20 15:30:38.871935
ASUS PRIME X870-P-CSM 대원씨티에스,303690,AM5,DDR5,PCIE5.0X16,ATX,8000.0,2026-04-20 15:30:38.871935
GIGABYTE X870 EAGLE WIFI7 피씨디렉트,304950,AM5,DDR5,PCIE5.0X16,ATX,8000.0,2026-04-20 15:30:38.871935
ASRock Z890 Pro-A WiFi 디앤디컴,305500,1851,DDR5,PCIE5.0X16,ATX,9066.0,2026-04-20 15:30:38.871935
GIGABYTE B850 AORUS ELITE WIFI7 ICE 피씨디렉트,305990,AM5,DDR5,PCIE5.0X16,ATX,8200.0,2026-04-20 15:30:38.871935
GIGABYTE B850 AORUS ELITE WIFI7 ICE 제이씨현,309140,AM5,DDR5,PCIE5.0X16,ATX,8200.0,2026-04-20 15:30:38.871935
ASRock X870 Pro RS WiFi 디앤디컴,310140,AM5,DDR5,PCIE5.0X16,ATX,8000.0,2026-04-20 15:30:38.871935
ASUS TUF Gaming B850-PLUS WIFI 대원씨티에스,310390,AM5,DDR5,PCIE5.0X16,ATX,8000.0,2026-04-20 15:30:38.871935
GIGABYTE X870 EAGLE WIFI7 제이씨현,312030,AM5,DDR5,PCIE5.0X16,ATX,8000.0,2026-04-20 15:30:38.871935
ASRock X870 Pro RS WiFi 대원씨티에스,312806,AM5,DDR5,PCIE5.0X16,ATX,8000.0,2026-04-20 15:30:38.871935
ASRock Z890 Pro-A WiFi 에즈윈,313020,1851,DDR5,PCIE5.0X16,ATX,8666.0,2026-04-20 15:30:38.871935
GIGABYTE Z890 UD 피씨디렉트,313980,1851,DDR5,PCIE5.0X16,ATX,9200.0,2026-04-20 15:30:38.871935
GIGABYTE Z890 UD 제이씨현,314370,1851,DDR5,PCIE5.0X16,ATX,8800.0,2026-04-20 15:30:38.871935
ASRock Z890 Pro RS 디앤디컴,315260,1851,DDR5,PCIE5.0X16,ATX,9066.0,2026-04-20 15:30:38.871935
ASUS PRIME B860-PLUS WIFI-CSM STCOM,318890,1851,DDR5,PCIE5.0X16,ATX,8666.0,2026-04-20 15:30:38.871935
GIGABYTE Z890M AORUS ELITE WIFI7 피씨디렉트,320450,1851,DDR5,PCIE5.0X16,MATX,9200.0,2026-04-20 15:30:38.871935
ASRock X870 스틸레전드 WiFi 대원씨티에스,320800,AM5,DDR5,PCIE5.0X16,ATX,8000.0,2026-04-20 15:30:38.871935
MSI MAG B850 토마호크 맥스 WIFI,324870,AM5,DDR5,PCIE5.0X16,ATX,8400.0,2026-04-20 15:30:38.871935
ASRock B850I Lightning WiFi 에즈윈,326100,AM5,DDR5,PCIE5.0X16,,8200.0,2026-04-20 15:30:38.871935
ASUS ROG STRIX B850-G GAMING WIFI 대원씨티에스,327000,AM5,DDR5,PCIE5.0X16,MATX,8000.0,2026-04-20 15:30:38.871935
ASRock X870 Pro RS WiFi 에즈윈,328600,AM5,DDR5,PCIE5.0X16,ATX,8000.0,2026-04-20 15:30:38.871935
ASUS TUF Gaming B850-PLUS WIFI STCOM,329000,AM5,DDR5,PCIE5.0X16,ATX,8000.0,2026-04-20 15:30:38.871935
ASRock Z890 Pro RS 에즈윈,331370,1851,DDR5,PCIE5.0X16,ATX,8666.0,2026-04-20 15:30:38.871935
ASUS ROG STRIX B650E-E GAMING WIFI STCOM,331930,AM5,DDR5,PCIE5.0X16,ATX,6400.0,2026-04-20 15:30:38.871935
ASUS PRIME X870-P WIFI-CSM 대원씨티에스,335400,AM5,DDR5,PCIE5.0X16,ATX,8000.0,2026-04-20 15:30:38.871935
ASRock B850I Lightning WiFi 대원씨티에스,335730,AM5,DDR5,PCIE5.0X16,,8200.0,2026-04-20 15:30:38.871935
ASRock Z890 Pro RS WiFi White 에즈윈,335880,1851,DDR5,PCIE5.0X16,ATX,8666.0,2026-04-20 15:30:38.871935
COLORFUL CVN X870 ARK FROZEN V14 STCOM,336680,AM5,DDR5,PCIE5.0X16,ATX,8200.0,2026-04-20 15:30:38.871935
GIGABYTE B850I AORUS PRO 피씨디렉트,336750,AM5,DDR5,PCIE5.0X16,,8400.0,2026-04-20 15:30:38.871935
ASUS ROG STRIX B850-G GAMING WIFI STCOM,338650,AM5,DDR5,PCIE5.0X16,MATX,8000.0,2026-04-20 15:30:38.871935
ASRock Z890 Pro RS WiFi White 디앤디컴,339270,1851,DDR5,PCIE5.0X16,ATX,9066.0,2026-04-20 15:30:38.871935
ASUS PRIME Z890-P-CSM 코잇,341230,1851,DDR5,PCIE5.0X16,ATX,8400.0,2026-04-20 15:30:38.871935
ASUS PRIME Z790-P-CSM 코잇,341920,1700,DDR5,PCIE5.0X16,ATX,7200.0,2026-04-20 15:30:38.871935
ASUS PRIME Z890-P-CSM STCOM,345000,1851,DDR5,PCIE5.0X16,ATX,8666.0,2026-04-20 15:30:38.871935
GIGABYTE Z890 AORUS ELITE WIFI7 제이씨현,346710,1851,DDR5,PCIE5.0X16,ATX,9200.0,2026-04-20 15:30:38.871935
GIGABYTE Z890M AORUS ELITE WIFI7 ICE 피씨디렉트,347990,1851,DDR5,PCIE5.0X16,MATX,9200.0,2026-04-20 15:30:38.871935
MSI MPG B650I 엣지 WIFI,349000,AM5,DDR5,PCIE4.0X16,,7200.0,2026-04-20 15:30:38.871935
ASUS PRIME X870-P WIFI-CSM STCOM,349100,AM5,DDR5,PCIE5.0X16,ATX,8000.0,2026-04-20 15:30:38.871935
ASRock Z790 Pro RS D5 디앤디컴,349470,1700,DDR5,PCIE5.0X16,ATX,7200.0,2026-04-20 15:30:38.871935
GIGABYTE Z390 AORUS ULTRA 제이씨현,350000,1151V2,DDR4,PCIE3.0X16,ATX,,2026-04-20 15:30:38.871935
GIGABYTE Z890 AORUS ELITE WIFI7 피씨디렉트,350070,1851,DDR5,PCIE5.0X16,ATX,9200.0,2026-04-20 15:30:38.871935
GIGABYTE X870 AORUS ELITE WIFI7 제이씨현,352370,AM5,DDR5,PCIE5.0X16,ATX,8000.0,2026-04-20 15:30:38.871935
ASRock Z890 스틸레전드 WIFI 디앤디컴,353620,1851,DDR5,PCIE5.0X16,ATX,9466.0,2026-04-20 15:30:38.871935
GIGABYTE X870 AORUS ELITE WIFI7 피씨디렉트,353990,AM5,DDR5,PCIE5.0X16,ATX,8000.0,2026-04-20 15:30:38.871935
ASRock X870 스틸레전드 WiFi 디앤디컴,354120,AM5,DDR5,PCIE5.0X16,ATX,8000.0,2026-04-20 15:30:38.871935
ASUS PRIME Z790M-PLUS-CSM 코잇,354590,1700,DDR5,PCIE5.0X16,MATX,7200.0,2026-04-20 15:30:38.871935
MSI MPG B850 엣지 TI WIFI,357000,AM5,DDR5,PCIE5.0X16,ATX,8400.0,2026-04-20 15:30:38.871935
GIGABYTE X870 AORUS ELITE WIFI7 ICE 제이씨현,358200,AM5,DDR5,PCIE5.0X16,ATX,8000.0,2026-04-20 15:30:38.871935
ASUS PRIME Z890M-PLUS WIFI-CSM 코잇,361000,1851,DDR5,PCIE5.0X16,MATX,8400.0,2026-04-20 15:30:38.871935
GIGABYTE X870 AORUS ELITE WIFI7 ICE 피씨디렉트,363000,AM5,DDR5,PCIE5.0X16,ATX,8000.0,2026-04-20 15:30:38.871935
GIGABYTE B850 AORUS STEALTH ICE 제이씨현,364910,AM5,DDR5,PCIE5.0X16,ATX,8200.0,2026-04-20 15:30:38.871935
ASUS PRIME Z890-P WIFI-CSM 코잇,365000,1851,DDR5,PCIE5.0X16,ATX,8400.0,2026-04-20 15:30:38.871935
GIGABYTE Z890 AORUS ELITE WIFI7 ICE 피씨디렉트,365520,1851,DDR5,PCIE5.0X16,ATX,9200.0,2026-04-20 15:30:38.871935
ASUS TUF Gaming B860-PLUS WIFI STCOM,365610,1851,DDR5,PCIE5.0X16,ATX,8666.0,2026-04-20 15:30:38.871935
GIGABYTE Z890 AORUS ELITE WIFI7 ICE 제이씨현,366260,1851,DDR5,PCIE5.0X16,ATX,9200.0,2026-04-20 15:30:38.871935
GIGABYTE B850 AORUS STEALTH ICE 피씨디렉트,368100,AM5,DDR5,PCIE5.0X16,ATX,8200.0,2026-04-20 15:30:38.871935
ASUS Z890 AYW GAMING WIFI W STCOM,369000,1851,DDR5,PCIE5.0X16,ATX,9066.0,2026-04-20 15:30:38.871935
ASUS PRIME Z890M-PLUS WIFI-CSM STCOM,369310,1851,DDR5,PCIE5.0X16,MATX,8666.0,2026-04-20 15:30:38.871935
GIGABYTE B850 AORUS STEALTH 피씨디렉트,374850,AM5,DDR5,PCIE5.0X16,ATX,8200.0,2026-04-20 15:30:38.871935
MSI MPG B850I 엣지 TI WIFI,374890,AM5,DDR5,PCIE5.0X16,,8200.0,2026-04-20 15:30:38.871935
ASUS ROG STRIX B760-I GAMING WIFI 코잇,376960,1700,DDR5,PCIE5.0X16,,7600.0,2026-04-20 15:30:38.871935
GIGABYTE B850 AORUS STEALTH 제이씨현,379000,AM5,DDR5,PCIE5.0X16,ATX,8200.0,2026-04-20 15:30:38.871935
ASUS TUF Gaming Z890-PLUS WIFI 코잇,380000,1851,DDR5,PCIE5.0X16,ATX,9066.0,2026-04-20 15:30:38.871935
ASUS TUF Gaming B650-PLUS WIFI STCOM,380920,AM5,DDR5,PCIE4.0X16,ATX,6400.0,2026-04-20 15:30:38.871935
ASUS P12R-I STCOM,381000,1200,DDR4,,,3200.0,2026-04-20 15:30:38.871935
ASRock Z790 Pro RS D5 + WiFi6E 모듈 패키지 디앤디컴,386000,1700,DDR5,PCIE5.0X16,ATX,7200.0,2026-04-20 15:30:38.871935
GIGABYTE Z890 AORUS ELITE WIFI7 PLUS 제이씨현,386880,1851,DDR5,PCIE5.0X16,ATX,9466.0,2026-04-20 15:30:38.871935
ASUS ROG STRIX B760-I GAMING WIFI STCOM,386890,1700,DDR5,PCIE5.0X16,,7600.0,2026-04-20 15:30:38.871935
ASUS ROG STRIX B850-A GAMING WIFI 대원씨티에스,388560,AM5,DDR5,PCIE5.0X16,ATX,8000.0,2026-04-20 15:30:38.871935
MSI PRO Z890-A WIFI,388990,1851,DDR5,PCIE5.0X16,ATX,9200.0,2026-04-20 15:30:38.871935
ASUS TUF Gaming X870-PRO WIFI7 W NEO 대원씨티에스,391230,AM5,DDR5,PCIE5.0X16,ATX,8600.0,2026-04-20 15:30:38.871935
ASUS ROG STRIX B860-A GAMING WIFI STCOM,391940,1851,DDR5,PCIE5.0X16,ATX,8600.0,2026-04-20 15:30:38.871935
MSI PRO Z790-A WIFI DDR4,395280,1700,DDR4,PCIE5.0X16,ATX,5333.0,2026-04-20 15:30:38.871935
GIGABYTE Z890 AORUS ELITE WIFI7 PLUS 피씨디렉트,396100,1851,DDR5,PCIE5.0X16,ATX,9466.0,2026-04-20 15:30:38.871935
ASUS ROG STRIX B850-A GAMING WIFI STCOM,397790,AM5,DDR5,PCIE5.0X16,ATX,8000.0,2026-04-20 15:30:38.871935
ASUS PRIME Z890-P WIFI-CSM STCOM,399000,1851,DDR5,PCIE5.0X16,ATX,8666.0,2026-04-20 15:30:38.871935
ASUS TUF Gaming B850-BTF WIFI W STCOM,401720,AM5,DDR5,PCIE5.0X16,ATX,8000.0,2026-04-20 15:30:38.871935
GIGABYTE Z890 AORUS PRO ICE 피씨디렉트,406990,1851,DDR5,PCIE5.0X16,ATX,9500.0,2026-04-20 15:30:38.871935
ASUS ROG STRIX B850-F GAMING WIFI STCOM,409160,AM5,DDR5,PCIE5.0X16,ATX,8000.0,2026-04-20 15:30:38.871935
ASUS TUF Gaming X870E-PLUS WIFI7 STCOM,410900,AM5,DDR5,PCIE5.0X16,ATX,8000.0,2026-04-20 15:30:38.871935
ASUS TUF Gaming X870E-PLUS WIFI7 대원씨티에스,410950,AM5,DDR5,PCIE5.0X16,ATX,8000.0,2026-04-20 15:30:38.871935
ASUS TUF Gaming X870-PRO WIFI7 W NEO STCOM,411050,AM5,DDR5,PCIE5.0X16,ATX,8600.0,2026-04-20 15:30:38.871935
GIGABYTE X870E AORUS PRO 제이씨현,411510,AM5,DDR5,PCIE5.0X16,ATX,8200.0,2026-04-20 15:30:38.871935
ASUS ROG STRIX B850-I GAMING WIFI STCOM,413530,AM5,DDR5,PCIE5.0X16,,8200.0,2026-04-20 15:30:38.871935
ASRock Z890 Lightning WiFi 에즈윈,413870,1851,DDR5,PCIE5.0X16,ATX,9466.0,2026-04-20 15:30:38.871935
ASUS ROG STRIX B860-I GAMING WIFI STCOM,414000,1851,DDR5,PCIE5.0X16,,9066.0,2026-04-20 15:30:38.871935
GIGABYTE X870E AORUS PRO 피씨디렉트,417696,AM5,DDR5,PCIE5.0X16,ATX,8200.0,2026-04-20 15:30:38.871935
ASUS ROG STRIX X670E-A GAMING WIFI 대원씨티에스,421620,AM5,DDR5,PCIE5.0X16,ATX,6400.0,2026-04-20 15:30:38.871935
GIGABYTE Z790 AORUS ELITE AX 피씨디렉트,426240,1700,DDR5,PCIE5.0X16,ATX,7600.0,2026-04-20 15:30:38.871935
ASUS ROG STRIX B850-I GAMING WIFI 인텍앤컴퍼니,427000,AM5,DDR5,PCIE5.0X16,,8200.0,2026-04-20 15:30:38.871935
GIGABYTE Z890 AORUS PRO ICE 제이씨현,428890,1851,DDR5,PCIE5.0X16,ATX,9500.0,2026-04-20 15:30:38.871935
GIGABYTE X870E AORUS ELITE X3D ICE 제이씨현,433020,AM5,DDR5,PCIE5.0X16,ATX,9000.0,2026-04-20 15:30:38.871935
GIGABYTE X870E AORUS ELITE X3D ICE 피씨디렉트,434200,AM5,DDR5,PCIE5.0X16,ATX,9000.0,2026-04-20 15:30:38.871935
GIGABYTE X870E AORUS ELITE X3D 제이씨현,436280,AM5,DDR5,PCIE5.0X16,ATX,9000.0,2026-04-20 15:30:38.871935
GIGABYTE X870E AORUS ELITE X3D 피씨디렉트,438200,AM5,DDR5,PCIE5.0X16,ATX,9000.0,2026-04-20 15:30:38.871935
GIGABYTE X870I AORUS PRO ICE 제이씨현,441150,AM5,DDR5,PCIE5.0X16,,8400.0,2026-04-20 15:30:38.871935
ASUS ROG STRIX B860-F GAMING WIFI STCOM,442350,1851,DDR5,PCIE5.0X16,ATX,9066.0,2026-04-20 15:30:38.871935
GIGABYTE X870 AORUS STEALTH ICE 피씨디렉트,442630,AM5,DDR5,PCIE5.0X16,ATX,8200.0,2026-04-20 15:30:38.871935
GIGABYTE X870 AORUS STEALTH 제이씨현,444650,AM5,DDR5,PCIE5.0X16,ATX,8200.0,2026-04-20 15:30:38.871935
GIGABYTE X870E AORUS PRO ICE 제이씨현,446060,AM5,DDR5,PCIE5.0X16,ATX,8000.0,2026-04-20 15:30:38.871935
MSI MAG X870 토마호크 WIFI,448990,AM5,DDR5,PCIE5.0X16,ATX,8400.0,2026-04-20 15:30:38.871935
GIGABYTE X870 AORUS STEALTH 피씨디렉트,449400,AM5,DDR5,PCIE5.0X16,ATX,8200.0,2026-04-20 15:30:38.871935
GIGABYTE Z890 AORUS ELITE DUO X 제이씨현,454160,1851,DDR5,PCIE5.0X16,ATX,,2026-04-20 15:30:38.871935
ASUS TUF Gaming Z890-PRO WIFI STCOM,455160,1851,DDR5,PCIE5.0X16,ATX,9066.0,2026-04-20 15:30:38.871935
MAXSUN 아이크레프트 Z890 아크틱 디앤디컴,456230,1851,DDR5,PCIE5.0X16,ATX,8800.0,2026-04-20 15:30:38.871935
GIGABYTE X870 AORUS STEALTH ICE 제이씨현,456470,AM5,DDR5,PCIE5.0X16,ATX,8200.0,2026-04-20 15:30:38.871935
MSI MAG Z890 토마호크 WIFI,456490,1851,DDR5,PCIE5.0X16,ATX,9200.0,2026-04-20 15:30:38.871935
ASUS ROG STRIX B650E-I GAMING WIFI STCOM,458660,AM5,DDR5,PCIE5.0X16,,6400.0,2026-04-20 15:30:38.871935
MAXSUN 아이크레프트 Z890 퍼시픽 디앤디컴,463930,,,,,,2026-04-20 15:30:38.871935
GIGABYTE Z890 AORUS ELITE DUO X 피씨디렉트,465570,1851,DDR5,PCIE5.0X16,ATX,8000.0,2026-04-20 15:30:38.871935
ASUS ROG STRIX X870E-H GAMING WIFI7 대원씨티에스,469220,AM5,DDR5,PCIE5.0X16,ATX,8000.0,2026-04-20 15:30:38.871935
GIGABYTE Z890I AORUS ULTRA 피씨디렉트,469750,1851,DDR5,PCIE5.0X16,,9200.0,2026-04-20 15:30:38.871935
ASRock X870E Nova WiFi 디앤디컴,470250,AM5,DDR5,PCIE5.0X16,ATX,8200.0,2026-04-20 15:30:38.871935
ASUS ROG STRIX X870E-H GAMING WIFI7 STCOM,474530,AM5,DDR5,PCIE5.0X16,ATX,8000.0,2026-04-20 15:30:38.871935
ASRock X870E Nova WiFi 에즈윈,474790,AM5,DDR5,PCIE5.0X16,ATX,8200.0,2026-04-20 15:30:38.871935
ASRock X870E Nova WiFi 대원씨티에스,480870,AM5,DDR5,PCIE5.0X16,ATX,8200.0,2026-04-20 15:30:38.871935
GIGABYTE X870E AORUS PRO ICE 피씨디렉트,486200,AM5,DDR5,PCIE5.0X16,ATX,8000.0,2026-04-20 15:30:38.871935
MSI MAG X870E 토마호크 WIFI,486660,AM5,DDR5,PCIE5.0X16,ATX,8400.0,2026-04-20 15:30:38.871935
MSI MPG X870E 엣지 TI WIFI,489990,AM5,DDR5,PCIE5.0X16,ATX,8400.0,2026-04-20 15:30:38.871935
GIGABYTE Z890I AORUS ULTRA 제이씨현,498800,1851,DDR5,PCIE5.0X16,,8800.0,2026-04-20 15:30:38.871935
GIGABYTE X870I AORUS PRO ICE 피씨디렉트,500780,AM5,DDR5,PCIE5.0X16,,8400.0,2026-04-20 15:30:38.871935
ASRock Z890I Nova WiFi 에즈윈,504290,1851,DDR5,PCIE5.0X16,,9466.0,2026-04-20 15:30:38.871935
ASUS ROG STRIX B850-E GAMING WIFI STCOM,515130,AM5,DDR5,PCIE5.0X16,ATX,8000.0,2026-04-20 15:30:38.871935
ASRock Z890 Nova WiFi 에즈윈,516780,1851,DDR5,PCIE5.0X16,ATX,9200.0,2026-04-20 15:30:38.871935
MSI MPG X870E 카본 WIFI,520560,AM5,DDR5,PCIE5.0X16,ATX,8400.0,2026-04-20 15:30:38.871935
MSI MAG X870E 토마호크 맥스 WIFI PZ,522990,AM5,DDR5,PCIE5.0X16,ATX,8400.0,2026-04-20 15:30:38.871935
ASUS ROG STRIX X870-A GAMING WIFI 대원씨티에스,527000,AM5,DDR5,PCIE5.0X16,ATX,8000.0,2026-04-20 15:30:38.871935
ASUS ROG STRIX X870-A GAMING WIFI STCOM,535800,AM5,DDR5,PCIE5.0X16,ATX,8000.0,2026-04-20 15:30:38.871935
ASUS ROG STRIX B850-E GAMING WIFI 대원씨티에스,538850,AM5,DDR5,PCIE5.0X16,ATX,8000.0,2026-04-20 15:30:38.871935
ASRock B550M PRO4 에즈윈,539130,AM4,DDR4,PCIE4.0X16,MATX,4733.0,2026-04-20 15:30:38.871935
MSI MPG Z890 엣지 TI WIFI,549000,1851,DDR5,PCIE5.0X16,ATX,9200.0,2026-04-20 15:30:38.871935
ASUS PRIME Z690-P WIFI D4 코잇,550000,1700,DDR4,PCIE5.0X16,ATX,5333.0,2026-04-20 15:30:38.871935
GIGABYTE X870E AORUS PRO X3D ICE 피씨디렉트,600510,AM5,DDR5,PCIE5.0X16,ATX,9000.0,2026-04-20 15:30:38.871935
ASUS PRO WS B850M-ACE SE STCOM,621590,AM5,DDR5,PCIE5.0X16,MATX,8000.0,2026-04-20 15:30:38.871935
NZXT N9 X870E Black,629000,AM5,DDR5,PCIE5.0X16,ATX,8200.0,2026-04-20 15:30:38.871935
NZXT N9 X870E White,629000,AM5,DDR5,PCIE5.0X16,ATX,8200.0,2026-04-20 15:30:38.871935
GIGABYTE X870E AORUS PRO X3D ICE 제이씨현,629960,AM5,DDR5,PCIE5.0X16,ATX,9000.0,2026-04-20 15:30:38.871935
MSI MPG Z890 카본 WIFI,639960,1851,DDR5,PCIE5.0X16,ATX,9200.0,2026-04-20 15:30:38.871935
GIGABYTE Z890 AORUS MASTER 피씨디렉트,645520,1851,DDR5,PCIE5.0X16,ATX,9500.0,2026-04-20 15:30:38.871935
ASUS ROG STRIX X870-F GAMING WIFI 대원씨티에스,648380,AM5,DDR5,PCIE5.0X16,ATX,8000.0,2026-04-20 15:30:38.871935
ASUS ProArt X870E-CREATOR WIFI 대원씨티에스,658000,AM5,DDR5,PCIE5.0X16,ATX,8000.0,2026-04-20 15:30:38.871935
NZXT N9 Z890 White,673200,1851,DDR5,PCIE5.0X16,ATX,,2026-04-20 15:30:38.871935
ASRock Z890 Taichi 에즈윈,677490,1851,DDR5,PCIE5.0X16,ATX,9200.0,2026-04-20 15:30:38.871935
ASRock Z890 Taichi 디앤디컴,685000,1851,DDR5,PCIE5.0X16,ATX,9200.0,2026-04-20 15:30:38.871935
ASUS ROG STRIX Z890-F GAMING WIFI STCOM,689000,1851,DDR5,PCIE5.0X16,ATX,8600.0,2026-04-20 15:30:38.871935
MSI MEG Z890 유니파이-X,698990,1851,DDR5,PCIE5.0X16,ATX,9600.0,2026-04-20 15:30:38.871935
ASUS ROG STRIX Z890-F GAMING WIFI 코잇,704000,1851,DDR5,PCIE5.0X16,ATX,8600.0,2026-04-20 15:30:38.871935
ASUS ROG STRIX X870E-E GAMING WIFI 대원씨티에스,710000,AM5,DDR5,PCIE5.0X16,ATX,8400.0,2026-04-20 15:30:38.871935
ASUS ROG STRIX Z890-I GAMING WIFI 코잇,731990,1851,DDR5,PCIE5.0X16,,8800.0,2026-04-20 15:30:38.871935
ASUS ROG STRIX X870-I GAMING WIFI 대원씨티에스,734500,AM5,DDR5,PCIE5.0X16,,8600.0,2026-04-20 15:30:38.871935
ASUS ROG STRIX Z890-I GAMING WIFI STCOM,738000,1851,DDR5,PCIE5.0X16,,9200.0,2026-04-20 15:30:38.871935
ASUS ROG STRIX X870-I GAMING WIFI STCOM,741480,AM5,DDR5,PCIE5.0X16,,8600.0,2026-04-20 15:30:38.871935
ASUS ROG STRIX X870E-E GAMING WIFI STCOM,742200,AM5,DDR5,PCIE5.0X16,ATX,8400.0,2026-04-20 15:30:38.871935
ASUS ROG ZENITH EXTREME ALPHA 대원씨티에스,747490,TR4,DDR4,PCIE3.0X16,EATX,3600.0,2026-04-20 15:30:38.871935
ASUS ROG CROSSHAIR VIII DARK HERO STCOM,750000,AM4,DDR4,PCIE4.0X16,ATX,4866.0,2026-04-20 15:30:38.871935
ASUS ROG STRIX Z890-E GAMING WIFI 코잇,751000,1851,DDR5,PCIE5.0X16,ATX,8800.0,2026-04-20 15:30:38.871935
ASUS ROG STRIX Z890-E GAMING WIFI STCOM,755000,1851,DDR5,PCIE5.0X16,ATX,8800.0,2026-04-20 15:30:38.871935
ASUS PRO WS W880-ACE SE STCOM,760100,1851,,PCIE5.0X16,,9066.0,2026-04-20 15:30:38.871935
GIGABYTE X870E AORUS MASTER X3D ICE 피씨디렉트,767740,AM5,DDR5,PCIE5.0X16,ATX,9000.0,2026-04-20 15:30:38.871935
ASUS ProArt Z890-CREATOR WIFI 코잇,787650,1851,DDR5,PCIE5.0X16,ATX,8600.0,2026-04-20 15:30:38.871935
ASUS ProArt Z890-CREATOR WIFI STCOM,797790,1851,DDR5,PCIE5.0X16,ATX,9066.0,2026-04-20 15:30:38.871935
ASRock X870E Taichi 에즈윈,799000,AM5,DDR5,PCIE5.0X16,EATX,8200.0,2026-04-20 15:30:38.871935
ASRock X870E Taichi 디앤디컴,799390,AM5,DDR5,PCIE5.0X16,EATX,8200.0,2026-04-20 15:30:38.871935
ASUS ProArt X870E-CREATOR WIFI STCOM,815000,AM5,DDR5,PCIE5.0X16,ATX,8000.0,2026-04-20 15:30:38.871935
ASUS ProArt Z890-CREATOR WIFI 대원씨티에스,819660,1851,DDR5,PCIE5.0X16,ATX,8600.0,2026-04-20 15:30:38.871935
GIGABYTE X870E AORUS MASTER X3D ICE 제이씨현,829170,AM5,DDR5,PCIE5.0X16,ATX,9000.0,2026-04-20 15:30:38.871935
ASUS PRO WS Z890-ACE SE STCOM,851500,1851,DDR5,PCIE5.0X16,ATX,9066.0,2026-04-20 15:30:38.871935
ASUS ROG MAXIMUS Z890 APEX 코잇,855000,1851,DDR5,PCIE5.0X16,ATX,9000.0,2026-04-20 15:30:38.871935
ASUS ROG MAXIMUS Z790 APEX ENCORE STCOM,868440,1700,DDR5,PCIE5.0X16,ATX,8400.0,2026-04-20 15:30:38.871935
ASUS ROG MAXIMUS Z890 HERO STCOM,890000,1851,DDR5,PCIE5.0X16,ATX,9200.0,2026-04-20 15:30:38.871935
GIGABYTE X870E AORUS XTREME AI TOP 피씨디렉트,905870,AM5,DDR5,PCIE5.0X16,EATX,8800.0,2026-04-20 15:30:38.871935
ASUS ROG CROSSHAIR X870E HERO 대원씨티에스,928200,AM5,DDR5,PCIE5.0X16,ATX,8600.0,2026-04-20 15:30:38.871935
GIGABYTE X870E AORUS XTREME AI TOP 제이씨현,939000,AM5,DDR5,PCIE5.0X16,EATX,8800.0,2026-04-20 15:30:38.871935
ASUS ROG CROSSHAIR X870E HERO STCOM,949440,AM5,DDR5,PCIE5.0X16,ATX,8600.0,2026-04-20 15:30:38.871935
ASRock B450M-HDV R4.0 대원씨티에스,950000,AM4,DDR4,PCIE3.0X16,MATX,3200.0,2026-04-20 15:30:38.871935
ASUS ROG MAXIMUS Z890 HERO 코잇,950000,1851,DDR5,PCIE5.0X16,ATX,8600.0,2026-04-20 15:30:38.871935
ASUS ROG CROSSHAIR X870E APEX 대원씨티에스,969380,AM5,DDR5,PCIE5.0X16,ATX,8200.0,2026-04-20 15:30:38.871935
MSI MEG Z890 에이스,990000,1851,DDR5,PCIE5.0X16,ATX,9200.0,2026-04-20 15:30:38.871935
ASUS ROG MAXIMUS Z890 APEX STCOM,999000,1851,DDR5,PCIE5.0X16,ATX,9600.0,2026-04-20 15:30:38.871935
ASUS ROG CROSSHAIR X870E APEX STCOM,1019190,AM5,DDR5,PCIE5.0X16,ATX,8200.0,2026-04-20 15:30:38.871935
ASUS ROG MAXIMUS Z790 HERO 코잇,1022270,1700,DDR5,PCIE5.0X16,ATX,7800.0,2026-04-20 15:30:38.871935
ASUS ROG CROSSHAIR X870E DARK HERO 대원씨티에스,1045240,AM5,DDR5,PCIE5.0X16,ATX,8600.0,2026-04-20 15:30:38.871935
ASUS ROG CROSSHAIR X870E HERO BTF 대원씨티에스,1049000,AM5,DDR5,PCIE5.0X16,ATX,8600.0,2026-04-20 15:30:38.871935
ASUS ROG CROSSHAIR X870E HERO BTF STCOM,1056190,AM5,DDR5,PCIE5.0X16,ATX,8600.0,2026-04-20 15:30:38.871935
ASUS ROG CROSSHAIR X870E DARK HERO STCOM,1064780,AM5,DDR5,PCIE5.0X16,ATX,8600.0,2026-04-20 15:30:38.871935
GIGABYTE TRX50 AERO D 피씨디렉트,1197260,,DDR5,PCIE5.0X16,EATX,7800.0,2026-04-20 15:30:38.871935
GIGABYTE TRX50 AI TOP 피씨디렉트,1384990,,DDR5,PCIE5.0X16,EATX,7800.0,2026-04-20 15:30:38.871935
GIGABYTE TRX50 AI TOP 제이씨현,1389560,,DDR5,PCIE5.0X16,EATX,7800.0,2026-04-20 15:30:38.871935
ASUS PRO WS TRX50-SAGE WiFi 대원씨티에스,1400980,,DDR5,PCIE5.0X16,,,2026-04-20 15:30:38.871935
Supermicro H13SSL-NT R2.0 STCOM,1405000,,DDR5,PCIE5.0X16,ATX,4800.0,2026-04-20 15:30:38.871935
ASUS PRO WS TRX50-SAGE WiFi STCOM,1426380,,DDR5,PCIE5.0X16,,,2026-04-20 15:30:38.871935
GIGABYTE Z890 AORUS XTREME AI TOP 피씨디렉트,1450400,1851,DDR5,PCIE5.0X16,EATX,9500.0,2026-04-20 15:30:38.871935
ASUS ROG CROSSHAIR X870E EXTREME 대원씨티에스,1460940,AM5,DDR5,PCIE5.0X16,EATX,8200.0,2026-04-20 15:30:38.871935
ASUS PRO WS W790-ACE STCOM,1520230,,DDR5,PCIE5.0X16,,6800.0,2026-04-20 15:30:38.871935
ASUS ROG MAXIMUS Z890 EXTREME 코잇,1524220,1851,DDR5,PCIE5.0X16,EATX,8400.0,2026-04-20 15:30:38.871935
ASRock WRX90 WS EVO 대원씨티에스,1771500,,DDR5,PCIE5.0X16,,7600.0,2026-04-20 15:30:38.871935
ASUS Z13PE-D16 STCOM,1966040,,DDR5,PCIE5.0X16,EATX,4800.0,2026-04-20 15:30:38.871935
ASUS PRO WS WRX90E-SAGE SE 대원씨티에스,2055600,,DDR5,PCIE5.0X16,,,2026-04-20 15:30:38.871935
ASUS PRO WS WRX90E-SAGE SE STCOM,2149000,,DDR5,PCIE5.0X16,,,2026-04-20 15:30:38.871935
ASUS PRO WS W790E-SAGE SE STCOM,2190730,,DDR5,PCIE5.0X16,,6800.0,2026-04-20 15:30:38.871935
ASUS PRO WS W890E-SAGE SE STCOM,2385400,,DDR5,PCIE5.0X16,,,2026-04-20 15:30:38.871935
GIGABYTE Z790 AORUS XTREME X ICE + AORUS 지포스 RTX 4080 SUPER XTREME ICE 패키지 피씨디렉트,3152040,1700,DDR5,PCIE5.0X16,EATX,8266.0,2026-04-20 15:30:38.871935
