name,price,size,wattage,created_at
AONE 500S KC (벌크),15200,ATX,200.0,2026-05-21 09:18:14.895339
에너지옵티머스 S500 PRO 벌크,15880,ATX,230.0,2026-05-21 09:18:14.895339
AONE Micro 450P-KC,18500,MATX,200.0,2026-05-21 09:18:14.895339
AONE Micro 450P 벌크,18960,MATX,200.0,2026-05-21 09:18:14.895339
AONE Micro 450P-KC 벌크,19000,MATX,200.0,2026-05-21 09:18:14.895339
AONE Micro 450P,21040,MATX,200.0,2026-05-21 09:18:14.895339
AONE 태왕 TFX-450T KC,21770,,200.0,2026-05-21 09:18:14.895339
AONE 태왕 EP600L KC,22740,ATX,230.0,2026-05-21 09:18:14.895339
AONE TFX 450P,23660,,,2026-05-21 09:18:14.895339
AONE TFX-450P KC,23730,,200.0,2026-05-21 09:18:14.895339
AONE 500P KC,23740,ATX,230.0,2026-05-21 09:18:14.895339
AONE MICRO 500P KC,24000,MATX,230.0,2026-05-21 09:18:14.895339
AONE 태왕 EP600 KC,25370,ATX,300.0,2026-05-21 09:18:14.895339
에너지옵티머스 Mach III 350K 벌크,25900,ATX,350.0,2026-05-21 09:18:14.895339
에너지옵티머스 Mach III 500K v2.3 벌크,27400,ATX,500.0,2026-05-21 09:18:14.895339
AONE 600T KC,29500,ATX,300.0,2026-05-21 09:18:14.895339
에너지옵티머스 EXCEL II 500W 80PLUS스탠다드 230V EU 벌크,30400,ATX,500.0,2026-05-21 09:18:14.895339
AONE STORM 500LF 더블포워드 V2.3 벌크,30980,ATX,500.0,2026-05-21 09:18:14.895339
AONE STORM 500LF 벌크,30990,ATX,500.0,2026-05-21 09:18:14.895339
AONE STORM 500LF 더블포워드 V2.3,31000,ATX,500.0,2026-05-21 09:18:14.895339
AONE TFX-500P KC,31490,,250.0,2026-05-21 09:18:14.895339
엔티스 ES 500W 80PLUS스탠다드 ATX3.1 벌크,31500,ATX,500.0,2026-05-21 09:18:14.895339
AONE MICRO 600P,31960,MATX,300.0,2026-05-21 09:18:14.895339
AONE STORM SFX 300LF,32500,MATX,300.0,2026-05-21 09:18:14.895339
에너지옵티머스 Mach III 500K v2.3,32500,ATX,500.0,2026-05-21 09:18:14.895339
에너지옵티머스 Mach III 600K v2.3 벌크,33000,ATX,600.0,2026-05-21 09:18:14.895339
에너지옵티머스 EXTREME 500W 벌크,33990,ATX,500.0,2026-05-21 09:18:14.895339
앱코 XPERT XP-500N,34000,ATX,500.0,2026-05-21 09:18:14.895339
에너지옵티머스 EXCEL II 600W 80PLUS스탠다드 230V EU 벌크,34400,ATX,600.0,2026-05-21 09:18:14.895339
AONE STORM 600LF 벌크,34990,ATX,600.0,2026-05-21 09:18:14.895339
잘만 EcoMax 500W,35640,ATX,500.0,2026-05-21 09:18:14.895339
darkFlash SAVEMOST 500W 블랙,35960,ATX,500.0,2026-05-21 09:18:14.895339
AONE STORM 500LF,35980,ATX,500.0,2026-05-21 09:18:14.895339
엔티스 ES 600W 80PLUS스탠다드 ATX3.1 벌크,36000,ATX,600.0,2026-05-21 09:18:14.895339
잘만 Tager GAMING 500W 벌크,36260,ATX,500.0,2026-05-21 09:18:14.895339
에너지옵티머스 EXCEL II 500W 80PLUS스탠다드 230V EU,36490,ATX,500.0,2026-05-21 09:18:14.895339
앱코 XPERT XP-600N,36500,ATX,600.0,2026-05-21 09:18:14.895339
에너지옵티머스 EXTREME 600W 벌크,36670,ATX,600.0,2026-05-21 09:18:14.895339
COX SECURE SC-600N,36990,ATX,600.0,2026-05-21 09:18:14.895339
AONE STORM 600LF,37000,ATX,600.0,2026-05-21 09:18:14.895339
잘만 Wattbit II 400W,37060,ATX,400.0,2026-05-21 09:18:14.895339
AONE STORM 500W 80PLUS스탠다드 벌크,37100,ATX,500.0,2026-05-21 09:18:14.895339
에너지옵티머스 Mach III 600K v2.3,37790,ATX,600.0,2026-05-21 09:18:14.895339
잘만 ZM500W-XEII,37880,ATX,500.0,2026-05-21 09:18:14.895339
엔티스 ES 500W 80PLUS스탠다드 ATX3.1,38580,ATX,500.0,2026-05-21 09:18:14.895339
마이크로닉스 COOLMAX ELITE II 500W,38900,ATX,500.0,2026-05-21 09:18:14.895339
AONE STORM 500W 80PLUS브론즈 벌크,39000,ATX,500.0,2026-05-21 09:18:14.895339
맥스엘리트 MAXWELL RENAS 500W 80PLUS스탠다드,39500,ATX,500.0,2026-05-21 09:18:14.895339
잘만 Wattbit II 500W,39500,ATX,500.0,2026-05-21 09:18:14.895339
AONE STORM 600W 80PLUS스탠다드 벌크,39950,ATX,600.0,2026-05-21 09:18:14.895339
AONE STORM 500W 80PLUS스탠다드,40500,ATX,500.0,2026-05-21 09:18:14.895339
잘만 DecaMax 500W 80PLUS스탠다드,40520,ATX,500.0,2026-05-21 09:18:14.895339
앱코 XPERT XP-700N,40900,ATX,700.0,2026-05-21 09:18:14.895339
앱코 코어맥스 CM-500B ETA브론즈,40900,ATX,500.0,2026-05-21 09:18:14.895339
AONE STORM 600W 80PLUS브론즈,41000,ATX,600.0,2026-05-21 09:18:14.895339
darkFlash SAVEMOST 600W 블랙,41000,ATX,600.0,2026-05-21 09:18:14.895339
AONE STORM 500W 80PLUS브론즈,41000,ATX,500.0,2026-05-21 09:18:14.895339
잘만 ZM600W-XEII,41430,ATX,600.0,2026-05-21 09:18:14.895339
3RSYS FORCE 600W,41590,ATX,600.0,2026-05-21 09:18:14.895339
에너지옵티머스 EXCEL II 600W 80PLUS스탠다드 230V EU,41880,ATX,600.0,2026-05-21 09:18:14.895339
엔티스 ES 700W 80PLUS스탠다드 ATX3.1 벌크,42000,ATX,700.0,2026-05-21 09:18:14.895339
잘만 Tager GAMING 600W 벌크,42200,ATX,600.0,2026-05-21 09:18:14.895339
3RSYS AK 500S 80PLUS스탠다드 230V EU,42560,ATX,500.0,2026-05-21 09:18:14.895339
마이크로닉스 COOLMAX VISION II 500W,42900,ATX,500.0,2026-05-21 09:18:14.895339
AONE STORM 700LF 벌크,42990,ATX,700.0,2026-05-21 09:18:14.895339
잘만 EcoMax 600W,43410,ATX,600.0,2026-05-21 09:18:14.895339
MSI MAG A500DN 80PLUS스탠다드,43430,ATX,500.0,2026-05-21 09:18:14.895339
AONE STORM 600W 80PLUS스탠다드,43500,ATX,600.0,2026-05-21 09:18:14.895339
잘만 DecaMax ET 600W 80PLUS스탠다드,43630,ATX,600.0,2026-05-21 09:18:14.895339
에너지옵티머스 EXTREME 700W 벌크,43670,ATX,700.0,2026-05-21 09:18:14.895339
잘만 Wattbit II 600W,44200,ATX,600.0,2026-05-21 09:18:14.895339
엔티스 ES 600W 80PLUS스탠다드 ATX3.1,44470,ATX,600.0,2026-05-21 09:18:14.895339
darkFlash SAVEMOST 700W 블랙,44500,ATX,700.0,2026-05-21 09:18:14.895339
AONE STORM 700W 80PLUS스탠다드 벌크,44650,ATX,700.0,2026-05-21 09:18:14.895339
앱코 코어맥스 CM-600B ETA브론즈,45000,ATX,600.0,2026-05-21 09:18:14.895339
스카이디지탈 파워스테이션5 PS5-500EV 80PLUS스탠다드,45360,ATX,500.0,2026-05-21 09:18:14.895339
잘만 MegaMax 500W 80PLUS스탠다드,45840,ATX,500.0,2026-05-21 09:18:14.895339
마이크로닉스 COOLMAX ELITE II 600W,45900,ATX,600.0,2026-05-21 09:18:14.895339
마이크로닉스 ZERO POWER 500W,45900,ATX,500.0,2026-05-21 09:18:14.895339
AONE STORM 600W 80PLUS브론즈 벌크,45980,ATX,600.0,2026-05-21 09:18:14.895339
맥스엘리트 MAXWELL PRIMO 500W 80PLUS스탠다드 플랫,46900,ATX,500.0,2026-05-21 09:18:14.895339
마이크로닉스 COOLMAX FOCUS II 500W ETA BRONZE,46960,ATX,500.0,2026-05-21 09:18:14.895339
잘만 EcoMax 700W,47410,ATX,700.0,2026-05-21 09:18:14.895339
AONE STORM 700LF,47460,ATX,700.0,2026-05-21 09:18:14.895339
잘만 ZM700W-XEII,47560,ATX,700.0,2026-05-21 09:18:14.895339
3RSYS AK 600S 80PLUS스탠다드 230V EU,47750,ATX,600.0,2026-05-21 09:18:14.895339
마이크로닉스 ZERO PLUS 500W Active PFC,47840,ATX,500.0,2026-05-21 09:18:14.895339
MSI MAG A600DN 80PLUS스탠다드,47920,ATX,600.0,2026-05-21 09:18:14.895339
제이씨현 TUNDRA 리부트 600W FHB 80+ BRONZE,47950,ATX,600.0,2026-05-21 09:18:14.895339
앱코 SETTLER-II ST-700S 80PLUS스탠다드,48000,ATX,700.0,2026-05-21 09:18:14.895339
마이크로닉스 COOLMAX VISION II 600W,48070,ATX,600.0,2026-05-21 09:18:14.895339
AONE STORM 700W 80PLUS스탠다드,48500,ATX,700.0,2026-05-21 09:18:14.895339
잘만 DecaMax 600W 80PLUS스탠다드,48560,ATX,600.0,2026-05-21 09:18:14.895339
앱코 코어맥스 CM-700B ETA브론즈,48900,ATX,700.0,2026-05-21 09:18:14.895339
마이크로닉스 MTFX400STE08S 벌크,48990,,400.0,2026-05-21 09:18:14.895339
엔티스 ES 800W 80PLUS스탠다드 ATX3.1 벌크,49000,ATX,800.0,2026-05-21 09:18:14.895339
에너지옵티머스 EXCEL II 700W 80PLUS스탠다드 230V EU 벌크,49120,ATX,700.0,2026-05-21 09:18:14.895339
AONE STORM 800W 80PLUS스탠다드 벌크,49500,ATX,800.0,2026-05-21 09:18:14.895339
맥스엘리트 MAXWELL RENAS 600W 80PLUS스탠다드,49500,ATX,600.0,2026-05-21 09:18:14.895339
잘만 MegaMax ET 600W 80PLUS스탠다드,49600,ATX,600.0,2026-05-21 09:18:14.895339
잘만 DecaMax ET 700W 80PLUS스탠다드,49750,ATX,700.0,2026-05-21 09:18:14.895339
GIGABYTE P650SS 80PLUS실버 FDB ATX3.0 피씨디렉트,49840,ATX,650.0,2026-05-21 09:18:14.895339
에너지옵티머스 EXCEL II 700W 80PLUS스탠다드 230V EU,49990,ATX,700.0,2026-05-21 09:18:14.895339
쿨러마스터 MWE 500 BRONZE V2 230V,50350,ATX,500.0,2026-05-21 09:18:14.895339
에너지옵티머스 EXCEL CLASSIC 600W 80PLUS브론즈 230V EU,50570,ATX,600.0,2026-05-21 09:18:14.895339
AONE STORM 700W 80PLUS브론즈 벌크,50980,ATX,700.0,2026-05-21 09:18:14.895339
쿨러마스터 MWE 브론즈 550 V3 230V ATX3.1,51060,ATX,550.0,2026-05-21 09:18:14.895339
잘만 MegaMax 600W 80PLUS스탠다드,51260,ATX,600.0,2026-05-21 09:18:14.895339
엔티스 ES 700W 80PLUS스탠다드 ATX3.1,52280,ATX,700.0,2026-05-21 09:18:14.895339
잘만 DecaMax 700W 80PLUS스탠다드,52410,ATX,700.0,2026-05-21 09:18:14.895339
에너지옵티머스 EXCEL II 700W 80PLUS스탠다드 230V EU 화이트 벌크,52610,ATX,700.0,2026-05-21 09:18:14.895339
잘만 MegaMax II 500W 80PLUS브론즈 ATX3.1,53000,ATX,500.0,2026-05-21 09:18:14.895339
AONE STORM 800W 80PLUS스탠다드,53430,ATX,800.0,2026-05-21 09:18:14.895339
마이크로닉스 COOLMAX ELITE II 700W,53480,ATX,700.0,2026-05-21 09:18:14.895339
AONE STORM 700W 80PLUS브론즈,53500,ATX,700.0,2026-05-21 09:18:14.895339
에너지옵티머스 EXCEL CLASSIC 700W 80PLUS브론즈 230V EU,53740,ATX,700.0,2026-05-21 09:18:14.895339
맥스엘리트 MAXWELL PRIMO 600W 80PLUS스탠다드 플랫,53990,ATX,600.0,2026-05-21 09:18:14.895339
GIGABYTE P650SS ICE 80PLUS실버 FDB ATX3.0 피씨디렉트,53990,ATX,650.0,2026-05-21 09:18:14.895339
맥스엘리트 STARS GEMINI 650W 80PLUS브론즈 ATX3.1,54000,ATX,650.0,2026-05-21 09:18:14.895339
마이크로닉스 COOLMAX FOCUS II 600W ETA BRONZE,54000,ATX,600.0,2026-05-21 09:18:14.895339
맥스엘리트 STARS GEMINI 650W 80PLUS브론즈 ATX3.1 화이트,54000,ATX,650.0,2026-05-21 09:18:14.895339
앱코 SETTLER 하이브리드 PCIE5.1 STH-700B ETA BRONZE 화이트,54400,ATX,700.0,2026-05-21 09:18:14.895339
잘만 MegaMax ET 700W 80PLUS스탠다드,54450,ATX,700.0,2026-05-21 09:18:14.895339
3RSYS AK 700S 80PLUS스탠다드 230V EU,54790,ATX,700.0,2026-05-21 09:18:14.895339
에너지옵티머스 EXCEL CLASSIC 700W 80PLUS브론즈 230V EU 풀모듈러,55060,ATX,700.0,2026-05-21 09:18:14.895339
마이크로닉스 Classic II 풀체인지 550W 80PLUS스탠다드 ATX3.1,55500,ATX,550.0,2026-05-21 09:18:14.895339
잘만 ZM400-TFX 80PLUS스탠다드 230V EU,55880,,400.0,2026-05-21 09:18:14.895339
AONE STORM 600W 80PLUS브론즈 화이트,56500,ATX,600.0,2026-05-21 09:18:14.895339
MSI MAG A650BN 80PLUS브론즈,56900,ATX,650.0,2026-05-21 09:18:14.895339
AONE STORM 700K 80PLUS브론즈 벌크,56980,ATX,700.0,2026-05-21 09:18:14.895339
잘만 MegaMax II 600W 80PLUS브론즈 ATX3.1,57240,ATX,600.0,2026-05-21 09:18:14.895339
잘만 MegaMax 700W 80PLUS스탠다드,57300,ATX,700.0,2026-05-21 09:18:14.895339
마이크로닉스 Classic II 풀체인지 500W 80PLUS브론즈 ATX3.1,57500,ATX,500.0,2026-05-21 09:18:14.895339
마이크로닉스 Classic II 풀체인지 500W 80PLUS실버 ATX3.1,57500,ATX,500.0,2026-05-21 09:18:14.895339
마이크로닉스 ZERO PLUS 600W Active PFC,57730,ATX,600.0,2026-05-21 09:18:14.895339
맥스엘리트 MAXWELL PRIMO 700W 80PLUS스탠다드 플랫,58000,ATX,700.0,2026-05-21 09:18:14.895339
MSI MAG A650BNL 80PLUS브론즈,58180,ATX,650.0,2026-05-21 09:18:14.895339
MSI MAG A650BNL 화이트 80PLUS브론즈,58700,ATX,650.0,2026-05-21 09:18:14.895339
맥스엘리트 MAXWELL RENAS 700W 80PLUS스탠다드,59000,ATX,700.0,2026-05-21 09:18:14.895339
엔티스 ES 800W 80PLUS스탠다드 ATX3.1,59240,ATX,800.0,2026-05-21 09:18:14.895339
쿨러마스터 MWE 브론즈 650 V3 230V ATX3.1,59350,ATX,650.0,2026-05-21 09:18:14.895339
앱코 SETTLER 하이브리드 PCIE5.1 STH-800B ETA BRONZE 화이트,59400,ATX,800.0,2026-05-21 09:18:14.895339
Antec CSK 550W DC 80PLUS브론즈,59500,ATX,550.0,2026-05-21 09:18:14.895339
앱코 SETTLER 하이브리드 PCIE5.1 STH-700B ETA BRONZE 블랙,59500,ATX,700.0,2026-05-21 09:18:14.895339
에너지옵티머스 EXCEL II 700W 80PLUS스탠다드 230V EU 화이트,59520,ATX,700.0,2026-05-21 09:18:14.895339
GIGABYTE P650G 80PLUS골드 ATX3.1 피씨디렉트,59900,ATX,650.0,2026-05-21 09:18:14.895339
SuperFlower SF-650Z12DB Zillion DB ETA실버 ATX3.1,61230,ATX,650.0,2026-05-21 09:18:14.895339
마이크로닉스 Classic II 풀체인지 600W 80PLUS브론즈 ATX3.1,61500,ATX,600.0,2026-05-21 09:18:14.895339
NEWZEN SKULL 650EM 80PLUS브론즈 ATX3.1 화이트,61920,ATX,650.0,2026-05-21 09:18:14.895339
AONE STORM 800W 80PLUS브론즈 벌크,61950,ATX,800.0,2026-05-21 09:18:14.895339
3RSYS AK 800S 80PLUS스탠다드 230V EU,62090,ATX,800.0,2026-05-21 09:18:14.895339
MSI MAG A650BN III 80PLUS브론즈 ATX3.1,62220,ATX,650.0,2026-05-21 09:18:14.895339
마이크로닉스 Compact SFX 300W 80PLUS브론즈,62500,MATX,300.0,2026-05-21 09:18:14.895339
AONE STORM 700W 80PLUS브론즈 화이트,62500,ATX,700.0,2026-05-21 09:18:14.895339
마이크로닉스 COOLMAX VISION II 700W,62500,ATX,700.0,2026-05-21 09:18:14.895339
DEEPCOOL PL650D 80PLUS브론즈 ATX3.1,62780,ATX,650.0,2026-05-21 09:18:14.895339
맥스엘리트 STARS GEMINI 750W 80PLUS브론즈 ATX3.1 화이트,64000,ATX,750.0,2026-05-21 09:18:14.895339
맥스엘리트 STARS GEMINI 750W 80PLUS브론즈 ATX3.1,64000,ATX,750.0,2026-05-21 09:18:14.895339
쿨러마스터 MWE 브론즈 650 V3 230V ATX3.1 화이트,64320,ATX,650.0,2026-05-21 09:18:14.895339
darkFlash 퍼펙트모스트 700W 80PLUS브론즈 ATX3.1 블랙,64660,ATX,700.0,2026-05-21 09:18:14.895339
AONE STORM 800W 80PLUS브론즈,64860,ATX,800.0,2026-05-21 09:18:14.895339
에너지옵티머스 EXCEL CLASSIC 800W 80PLUS브론즈 230V EU,64990,ATX,800.0,2026-05-21 09:18:14.895339
마이크로닉스 Classic II 풀체인지 600W 80PLUS실버 ATX3.1,65500,ATX,600.0,2026-05-21 09:18:14.895339
마이크로닉스 Classic II 풀체인지 650W 80PLUS스탠다드 ATX3.1,65500,ATX,650.0,2026-05-21 09:18:14.895339
마이크로닉스 Classic II 풀체인지 600W 80PLUS브론즈 ATX3.1 화이트,65500,ATX,600.0,2026-05-21 09:18:14.895339
Antec CSK 650W DC 80PLUS브론즈,66000,ATX,650.0,2026-05-21 09:18:14.895339
쿨러마스터 MWE GOLD 550 V3 ATX3.1 블랙,66160,ATX,550.0,2026-05-21 09:18:14.895339
잘만 MegaMax 800W 80PLUS스탠다드,66380,ATX,800.0,2026-05-21 09:18:14.895339
마이크로닉스 Classic II 600W 80PLUS 230V EU,66500,ATX,600.0,2026-05-21 09:18:14.895339
DEEPCOOL GAMER STORM PF750L 80PLUS스탠다드,66740,ATX,750.0,2026-05-21 09:18:14.895339
AONE STORM 800K 80PLUS브론즈 벌크,66960,ATX,800.0,2026-05-21 09:18:14.895339
쿨러마스터 MWE GOLD 550 V3 ATX3.1 화이트,67310,ATX,550.0,2026-05-21 09:18:14.895339
잘만 GigaMax III 650W 80PLUS브론즈 모듈러 ATX3.1,67500,ATX,650.0,2026-05-21 09:18:14.895339
ASUS PRIME 750W Bronze,67900,ATX,750.0,2026-05-21 09:18:14.895339
맥스엘리트 MAXWELL DUO 700W 80PLUS브론즈 PCIE5 플랫,68000,ATX,700.0,2026-05-21 09:18:14.895339
마이크로닉스 COOLMAX FOCUS II 700W ETA BRONZE PCIE5.1,68010,ATX,700.0,2026-05-21 09:18:14.895339
darkFlash 퍼펙트모스트 700W 80PLUS브론즈 ATX3.1 화이트,68170,ATX,700.0,2026-05-21 09:18:14.895339
앱코 SETTLER 하이브리드 PCIE5.1 STH-800B ETA BRONZE 블랙,69000,ATX,800.0,2026-05-21 09:18:14.895339
마이크로닉스 COOLMAX FOCUS II 700W ETA브론즈 ATX3.1,69870,ATX,700.0,2026-05-21 09:18:14.895339
AONE 시그니처 750W 80PLUS브론즈 풀모듈러 베이직 ATX3.1,69960,ATX,750.0,2026-05-21 09:18:14.895339
잘만 MegaMax II 700W 80PLUS브론즈 ATX3.1,70300,ATX,700.0,2026-05-21 09:18:14.895339
마이크로닉스 COOLMAX VISION II 800W,70700,ATX,800.0,2026-05-21 09:18:14.895339
NEWZEN SKULL 750EM 80PLUS브론즈 ATX3.1,71640,ATX,750.0,2026-05-21 09:18:14.895339
3RSYS AK 750W 80PLUS브론즈 모듈러 ATX3.1,71710,ATX,750.0,2026-05-21 09:18:14.895339
topower Guardian TOP-700DG 80PLUS브론즈 PCIE5.1 블랙,71980,ATX,700.0,2026-05-21 09:18:14.895339
마이크로닉스 Compact SFX 350W 80PLUS브론즈,73000,MATX,350.0,2026-05-21 09:18:14.895339
Segotep BN750W KR 80PLUS브론즈 ATX3.1 블랙,73000,ATX,750.0,2026-05-21 09:18:14.895339
darkFlash 퍼펙트모스트 800W 80PLUS브론즈 ATX3.1 블랙,73580,ATX,800.0,2026-05-21 09:18:14.895339
맥스엘리트 STARS GEMINI 850W 80PLUS브론즈 ATX3.1,74000,ATX,850.0,2026-05-21 09:18:14.895339
맥스엘리트 STARS GEMINI 850W 80PLUS브론즈 ATX3.1 화이트,74000,ATX,850.0,2026-05-21 09:18:14.895339
SuperFlower SF-750Z12DB Zillion DB ETA실버 ATX3.1,74750,ATX,750.0,2026-05-21 09:18:14.895339
엔티스 EG 750W 80PLUS골드 풀모듈러 ATX3.1,75200,ATX,750.0,2026-05-21 09:18:14.895339
쿨러마스터 MWE GOLD 650 V3 ATX3.1 블랙,75670,ATX,650.0,2026-05-21 09:18:14.895339
CORSAIR CX Series CX650,75990,ATX,650.0,2026-05-21 09:18:14.895339
AONE 시그니처 750W 80PLUS브론즈 풀모듈러 베이직 ATX3.1 화이트,76100,ATX,750.0,2026-05-21 09:18:14.895339
darkFlash 퍼펙트모스트 800W 80PLUS브론즈 ATX3.1 화이트,76480,ATX,800.0,2026-05-21 09:18:14.895339
NEWZEN SKULL 750EM 80PLUS브론즈 ATX3.1 화이트,76490,ATX,750.0,2026-05-21 09:18:14.895339
잘만 GigaMax III 750W 80PLUS브론즈 모듈러 ATX3.1 화이트,76740,ATX,750.0,2026-05-21 09:18:14.895339
마이크로닉스 Classic II 750W 80PLUS브론즈 230V EU HDB 핑크,77000,ATX,750.0,2026-05-21 09:18:14.895339
MSI MAG A750BN III 80PLUS브론즈 ATX3.1,77280,ATX,750.0,2026-05-21 09:18:14.895339
잘만 GigaMax III 750W 80PLUS브론즈 모듈러 ATX3.1,77400,ATX,750.0,2026-05-21 09:18:14.895339
DEEPCOOL PL750D 80PLUS브론즈 ATX3.1,77400,ATX,750.0,2026-05-21 09:18:14.895339
쿨러마스터 MWE 브론즈 750 V3 230V ATX3.1,78060,ATX,750.0,2026-05-21 09:18:14.895339
Antec CSK 750W DC 80PLUS브론즈 PCIE5.1,78500,ATX,750.0,2026-05-21 09:18:14.895339
쿨러마스터 MWE 브론즈 750 V3 230V ATX3.1 Rev.2 블랙,78820,ATX,750.0,2026-05-21 09:18:14.895339
엔티스 EG 750W 80PLUS골드 풀모듈러 ATX3.1 화이트,78990,ATX,750.0,2026-05-21 09:18:14.895339
잘만 MegaMax II 800W 80PLUS브론즈 ATX3.1,79080,ATX,800.0,2026-05-21 09:18:14.895339
마이크로닉스 COOLMAX FOCUS II 800W ETA실버 ATX3.1,79900,ATX,800.0,2026-05-21 09:18:14.895339
AONE 시그니처 850W 80PLUS브론즈 풀모듈러 베이직 ATX3.1,79960,ATX,850.0,2026-05-21 09:18:14.895339
맥스엘리트 MAXWELL DUO 800W 80PLUS브론즈 PCIE5 플랫 화이트,80000,ATX,800.0,2026-05-21 09:18:14.895339
AONE 시그니처 850W 80PLUS브론즈 풀모듈러 ATX3.1,80000,ATX,850.0,2026-05-21 09:18:14.895339
쿨러마스터 MWE GOLD 650 V3 ATX3.1 화이트,80230,ATX,650.0,2026-05-21 09:18:14.895339
Segotep BN850W KR 80PLUS브론즈 ATX3.1 블랙,80500,ATX,850.0,2026-05-21 09:18:14.895339
맥스엘리트 MAXWELL DUO 800W 80PLUS브론즈 PCIE5 플랫,81000,ATX,800.0,2026-05-21 09:18:14.895339
앱코 SETTLER 하이브리드 PCIE5.1 STH-1000B ETA SILVER 블랙,81000,ATX,1000.0,2026-05-21 09:18:14.895339
3RSYS AK 850W 80PLUS브론즈 모듈러 ATX3.1,81300,ATX,850.0,2026-05-21 09:18:14.895339
쿨러마스터 MWE 브론즈 750 V3 230V ATX3.1 화이트,81340,ATX,750.0,2026-05-21 09:18:14.895339
NEWZEN SKULL 850EM 80PLUS브론즈 ATX3.1,81470,ATX,850.0,2026-05-21 09:18:14.895339
AONE 시그니처 750W 80PLUS골드 풀모듈러 ATX3.1 블랙,81480,ATX,750.0,2026-05-21 09:18:14.895339
마이크로닉스 Performance II HV 1000W 80PLUS브론즈 FDB,81900,ATX,1000.0,2026-05-21 09:18:14.895339
MSI MAG A750BN 80PLUS브론즈 PCIE5,82000,ATX,750.0,2026-05-21 09:18:14.895339
MSI MAG A750GN 80PLUS골드 ATX3.1,82190,ATX,750.0,2026-05-21 09:18:14.895339
Antec CSK 750W DC 80PLUS브론즈 PCIE5.1 화이트,82500,ATX,750.0,2026-05-21 09:18:14.895339
DEEPCOOL PL800D 80PLUS브론즈 ATX3.1,82580,ATX,800.0,2026-05-21 09:18:14.895339
마이크로닉스 Classic II 700W 80PLUS 230V EU,83500,ATX,700.0,2026-05-21 09:18:14.895339
SuperFlower SF-850Z12DB Zillion DB ETA실버 ATX3.1,84350,ATX,850.0,2026-05-21 09:18:14.895339
쿨러마스터 MWE GOLD 750 V3 ATX3.1 블랙,84540,ATX,750.0,2026-05-21 09:18:14.895339
AONE STORM 1000W 80PLUS브론즈 벌크,84960,ATX,1000.0,2026-05-21 09:18:14.895339
AONE STORM 1000W 80PLUS브론즈,84960,ATX,1000.0,2026-05-21 09:18:14.895339
마이크로닉스 Compact SFX 400W 80PLUS브론즈,85000,MATX,400.0,2026-05-21 09:18:14.895339
GIGABYTE UD750GM PG5 80PLUS골드 풀모듈러 ATX3.0 피씨디렉트,85090,ATX,750.0,2026-05-21 09:18:14.895339
MSI MAG A650GLS 80PLUS골드 풀모듈러 ATX3.1,85280,ATX,650.0,2026-05-21 09:18:14.895339
마이크로닉스 WIZMAX S-EVO 700W ETA실버 풀모듈러 ATX 3.1,85770,ATX,700.0,2026-05-21 09:18:14.895339
마이크로닉스 Classic II 풀체인지 700W 80PLUS실버 ATX3.1,85800,ATX,700.0,2026-05-21 09:18:14.895339
NEWZEN SKULL 850EM 80PLUS브론즈 ATX3.1 화이트,86190,ATX,850.0,2026-05-21 09:18:14.895339
AONE 시그니처 750W 80PLUS골드 풀모듈러 ATX3.1 화이트,86580,ATX,750.0,2026-05-21 09:18:14.895339
마이크로닉스 Classic II 풀체인지 700W 80PLUS브론즈 ATX3.1,86670,ATX,700.0,2026-05-21 09:18:14.895339
CORSAIR CX Series CX750,86890,ATX,750.0,2026-05-21 09:18:14.895339
마이크로닉스 Classic II 풀체인지 750W 80PLUS스탠다드 ATX3.1,86900,ATX,750.0,2026-05-21 09:18:14.895339
GIGABYTE UD750GM PG5 V2 80PLUS골드 풀모듈러 ATX3.1 피씨디렉트,86990,ATX,750.0,2026-05-21 09:18:14.895339
마이크로닉스 Classic II 풀체인지 700W 80PLUS브론즈 ATX3.1 화이트,87130,ATX,700.0,2026-05-21 09:18:14.895339
쿨러마스터 MWE 브론즈 750 V3 230V ATX3.1 Rev.2 화이트,87780,ATX,750.0,2026-05-21 09:18:14.895339
FSP VITA GD 750W 80PLUS골드 ATX3.1,87900,ATX,750.0,2026-05-21 09:18:14.895339
잘만 GigaMax III 850W 80PLUS브론즈 모듈러 ATX3.1,88420,ATX,850.0,2026-05-21 09:18:14.895339
AONE 시그니처 850W 80PLUS골드 풀모듈러 ATX3.1 블랙,88560,ATX,850.0,2026-05-21 09:18:14.895339
마이크로닉스 Performance II PV 500W 80PLUS브론즈 FDB,89000,ATX,500.0,2026-05-21 09:18:14.895339
쿨러마스터 MWE GOLD 750 V3 ATX3.1 화이트,89520,ATX,750.0,2026-05-21 09:18:14.895339
마이크로닉스 COOLMAX FOCUS II 900W ETA실버 ATX3.1,89890,ATX,900.0,2026-05-21 09:18:14.895339
마이크로닉스 WIZMAX 750W 80PLUS실버 ATX3.1,89900,ATX,750.0,2026-05-21 09:18:14.895339
마이크로닉스 WIZMAX 750W 80PLUS실버 ATX3.0,89900,ATX,750.0,2026-05-21 09:18:14.895339
마이크로닉스 WIZMAX 750W 80PLUS실버,89900,ATX,750.0,2026-05-21 09:18:14.895339
잘만 GigaMax III 850W 80PLUS브론즈 모듈러 ATX3.1 화이트,89930,ATX,850.0,2026-05-21 09:18:14.895339
3RSYS AK 1000W 80PLUS브론즈 모듈러 ATX3.1,90000,ATX,1000.0,2026-05-21 09:18:14.895339
엔티스 EG 850W 80PLUS골드 풀모듈러 ATX3.1,91900,ATX,850.0,2026-05-21 09:18:14.895339
AONE 시그니처 1000W 80PLUS브론즈 풀모듈러 베이직 ATX3.1,91990,ATX,1000.0,2026-05-21 09:18:14.895339
마이크로닉스 COOLMAX FOCUS II 900W ETA SILVER PCIE5,92900,ATX,900.0,2026-05-21 09:18:14.895339
엔티스 EG 850W 80PLUS골드 풀모듈러 ATX3.1 화이트,93000,ATX,850.0,2026-05-21 09:18:14.895339
마이크로닉스 Performance II PV RGB Sync 600W 80PLUS브론즈,93100,ATX,600.0,2026-05-21 09:18:14.895339
쿨러마스터 MWE GOLD 850 V3 ATX3.1 블랙,93300,ATX,850.0,2026-05-21 09:18:14.895339
MSI MAG A850GN 80PLUS골드 ATX3.1,93810,ATX,850.0,2026-05-21 09:18:14.895339
앱코 코어맥스 CM-850G ETA골드 ATX3.1,94400,ATX,850.0,2026-05-21 09:18:14.895339
앱코 ULTIMATE GX850 80PLUS골드 풀모듈러 ATX3.0 화이트,95000,ATX,850.0,2026-05-21 09:18:14.895339
쿨러마스터 G800 GOLD,95100,ATX,800.0,2026-05-21 09:18:14.895339
AONE 시그니처 850W 80PLUS골드 풀모듈러 ATX3.1 화이트,95680,ATX,850.0,2026-05-21 09:18:14.895339
NEWZEN SKULL 750SM 모듈러 ATX3.1 80PLUS골드,95960,ATX,750.0,2026-05-21 09:18:14.895339
마이크로닉스 Classic II 풀체인지 800W 80PLUS브론즈 ATX3.1,97500,ATX,800.0,2026-05-21 09:18:14.895339
AONE 시그니처 1000W 80PLUS브론즈 풀모듈러 ATX3.1,97500,ATX,1000.0,2026-05-21 09:18:14.895339
마이크로닉스 Compact SFX 450W 80PLUS브론즈,98000,MATX,450.0,2026-05-21 09:18:14.895339
엔티스 EG 1000W 80PLUS골드 풀모듈러 ATX3.1,98100,ATX,1000.0,2026-05-21 09:18:14.895339
마이크로닉스 Classic II 풀체인지 800W 80PLUS브론즈 ATX3.1 화이트,98900,ATX,800.0,2026-05-21 09:18:14.895339
마이크로닉스 Classic II 풀체인지 800W 80PLUS실버 ATX3.1,98900,ATX,800.0,2026-05-21 09:18:14.895339
마이크로닉스 Classic II 750W 80PLUS실버 모듈러 ATX3.1,99000,ATX,750.0,2026-05-21 09:18:14.895339
NEWZEN SKULL 750SM 모듈러 ATX3.1 80PLUS골드 화이트,99000,ATX,750.0,2026-05-21 09:18:14.895339
쿨러마스터 MWE GOLD 850 V3 ATX3.1 화이트,100100,ATX,850.0,2026-05-21 09:18:14.895339
AONE 시그니처 1000W 80PLUS골드 풀모듈러 ATX3.1 블랙,100360,ATX,1000.0,2026-05-21 09:18:14.895339
darkFlash 퍼펙트모스트 750W 80PLUS골드 풀모듈러 ATX3.1 블랙,101500,ATX,750.0,2026-05-21 09:18:14.895339
EVGA 750 GQ 80PLUS골드,102000,ATX,750.0,2026-05-21 09:18:14.895339
마이크로닉스 Classic II 풀체인지 800W 80PLUS실버 ATX3.1 화이트,103210,ATX,800.0,2026-05-21 09:18:14.895339
ASUS TUF Gaming 750W 80PLUS브론즈,103390,ATX,750.0,2026-05-21 09:18:14.895339
FSP VITA GD 850W 80PLUS골드 ATX3.1,103900,ATX,850.0,2026-05-21 09:18:14.895339
GIGABYTE UD850GM 80PLUS골드 풀모듈러 제이씨현,103940,ATX,850.0,2026-05-21 09:18:14.895339
Antec CSK PRO 850W 80PLUS브론즈 230V EU 모듈러 ATX3.1,104000,ATX,850.0,2026-05-21 09:18:14.895339
엔티스 EG 1000W 80PLUS골드 풀모듈러 ATX3.1 화이트,104480,ATX,1000.0,2026-05-21 09:18:14.895339
Segotep GM750W 80PLUS골드 풀모듈러 ATX3.1 블랙,105000,ATX,750.0,2026-05-21 09:18:14.895339
NEWZEN SKULL 850SM 모듈러 ATX3.1 80PLUS골드,105330,ATX,850.0,2026-05-21 09:18:14.895339
GIGABYTE UD850GM PG5 V2 80PLUS골드 풀모듈러 ATX3.1 피씨디렉트,105380,ATX,850.0,2026-05-21 09:18:14.895339
NEWZEN SKULL 850SM 모듈러 ATX3.0 80PLUS골드,105680,ATX,850.0,2026-05-21 09:18:14.895339
GIGABYTE UD850GM PG5 80PLUS골드 풀모듈러 ATX3.0 피씨디렉트,105900,ATX,850.0,2026-05-21 09:18:14.895339
AONE 시그니처 1000W 80PLUS골드 풀모듈러 ATX3.1 화이트,106360,ATX,1000.0,2026-05-21 09:18:14.895339
MONTECH CENTURY II 850 80PLUS골드 풀모듈러 ATX3.1,106860,ATX,850.0,2026-05-21 09:18:14.895339
쿨러마스터 ELITE GOLD 650 ATX 3.1 풀모듈러,107450,ATX,650.0,2026-05-21 09:18:14.895339
darkFlash 퍼펙트모스트 750W 80PLUS골드 풀모듈러 ATX3.1 화이트,107460,ATX,750.0,2026-05-21 09:18:14.895339
GIGABYTE UD850GM PG5 V2 80PLUS골드 풀모듈러 ATX3.1 제이씨현,108000,ATX,850.0,2026-05-21 09:18:14.895339
마이크로닉스 WIZMAX 850W 80PLUS실버 ATX3.1,109000,ATX,850.0,2026-05-21 09:18:14.895339
마이크로닉스 WIZMAX 850W 80PLUS실버 ATX3.0,109900,ATX,850.0,2026-05-21 09:18:14.895339
GIGABYTE UD850GM PG5 V2 ICE 80PLUS골드 풀모듈러 ATX3.1 피씨디렉트,110210,ATX,850.0,2026-05-21 09:18:14.895339
Antec CSK PRO 1000W 80PLUS브론즈 230V EU 모듈러 ATX3.1,110500,ATX,1000.0,2026-05-21 09:18:14.895339
darkFlash 퍼펙트모스트 850W 80PLUS골드 풀모듈러 ATX3.1 블랙,112500,ATX,850.0,2026-05-21 09:18:14.895339
시소닉 B12 BRONZE BC-850,113000,ATX,850.0,2026-05-21 09:18:14.895339
마이크로닉스 Classic II 풀체인지 900W 80PLUS실버 ATX3.1,113000,ATX,900.0,2026-05-21 09:18:14.895339
써멀테이크 터프파워 GF3 850W GOLD 풀모듈러 ATX3.0,113610,ATX,850.0,2026-05-21 09:18:14.895339
마이크로닉스 Performance II PV 600W 80PLUS브론즈 FDB,114000,ATX,600.0,2026-05-21 09:18:14.895339
마이크로닉스 Classic II 850W 80PLUS실버 모듈러 ATX3.1,114900,ATX,850.0,2026-05-21 09:18:14.895339
맥스엘리트 STARS CYGNUS 850W 80PLUS골드 풀모듈러 ATX3.1,115000,ATX,850.0,2026-05-21 09:18:14.895339
Segotep GM850W 80PLUS골드 풀모듈러 ATX3.1 블랙,115000,ATX,850.0,2026-05-21 09:18:14.895339
NEWZEN SKULL 850SM 모듈러 ATX3.0 80PLUS골드 화이트,115380,ATX,850.0,2026-05-21 09:18:14.895339
darkFlash 퍼펙트모스트 850W 80PLUS골드 풀모듈러 ATX3.1 화이트,116760,ATX,850.0,2026-05-21 09:18:14.895339
쿨러마스터 ELITE GOLD 750 ATX 3.1 풀모듈러,117510,ATX,750.0,2026-05-21 09:18:14.895339
쿨러마스터 ELITE GOLD 650 ATX 3.1 풀모듈러 화이트,117510,ATX,650.0,2026-05-21 09:18:14.895339
ASUS PRIME 850W GOLD 대원씨티에스,118750,ATX,850.0,2026-05-21 09:18:14.895339
앱코 코어맥스 CM-1050G ETA골드 ATX3.1,119000,ATX,1050.0,2026-05-21 09:18:14.895339
MSI MAG A850GL 80PLUS골드 풀모듈러 ATX3.1,119000,ATX,850.0,2026-05-21 09:18:14.895339
darkFlash UPMOST 750W 80PLUS골드 풀모듈러 블랙,119000,ATX,750.0,2026-05-21 09:18:14.895339
MSI MAG A750GL 80PLUS골드 풀모듈러 ATX3.1,119000,ATX,750.0,2026-05-21 09:18:14.895339
DEEPCOOL PN850M 80PLUS골드 풀모듈러 ATX3.1,119000,ATX,850.0,2026-05-21 09:18:14.895339
Segotep GM750W 80PLUS골드 풀모듈러 ATX3.1 화이트,120000,ATX,750.0,2026-05-21 09:18:14.895339
맥스엘리트 STARS CYGNUS 850W 80PLUS골드 풀모듈러 ATX3.1 화이트,120000,ATX,850.0,2026-05-21 09:18:14.895339
Antec GSK 750W V2 80PLUS골드 풀모듈러 ATX3.1,120500,ATX,750.0,2026-05-21 09:18:14.895339
쿨러마스터 GX II GOLD 750 ATX3.0,121890,ATX,750.0,2026-05-21 09:18:14.895339
쿨러마스터 GOLD V650 풀모듈러,122450,ATX,650.0,2026-05-21 09:18:14.895339
잘만 TeraMax II SE 750W 80PLUS골드 풀모듈러 ATX3.1 블랙,122970,ATX,750.0,2026-05-21 09:18:14.895339
GIGABYTE UD1000GM PG5 80PLUS골드 풀모듈러 ATX3.0 피씨디렉트,124000,ATX,1000.0,2026-05-21 09:18:14.895339
NEWZEN SKULL 750XM 풀모듈러 ATX3.1 80PLUS골드 화이트,124590,ATX,750.0,2026-05-21 09:18:14.895339
NEWZEN SKULL 750XM 풀모듈러 ATX3.1 80PLUS골드 블랙,125080,ATX,750.0,2026-05-21 09:18:14.895339
AONE 시그니처 1300W 80PLUS골드 풀모듈러 ATX3.1 블랙,125490,ATX,1300.0,2026-05-21 09:18:14.895339
잘만 TeraMax II SE 850W 80PLUS골드 풀모듈러 ATX3.1 블랙,126970,ATX,850.0,2026-05-21 09:18:14.895339
쿨러마스터 ELITE GOLD 750 ATX 3.1 풀모듈러 화이트,127040,ATX,750.0,2026-05-21 09:18:14.895339
쿨러마스터 ELITE GOLD 850 ATX 3.1 풀모듈러,127040,ATX,850.0,2026-05-21 09:18:14.895339
맥스엘리트 MAXWELL COUNT 750W 80PLUS골드 풀모듈러 ATX3.1,128000,ATX,750.0,2026-05-21 09:18:14.895339
MSI MAG A750GLS 80PLUS골드 풀모듈러 ATX3.1,128950,ATX,750.0,2026-05-21 09:18:14.895339
마이크로닉스 Classic II 750W 80PLUS골드 풀모듈러 ATX3.1,129000,ATX,750.0,2026-05-21 09:18:14.895339
쿨러마스터 GX II GOLD 850 ATX3.0,129990,ATX,850.0,2026-05-21 09:18:14.895339
Segotep GM850W 80PLUS골드 풀모듈러 ATX3.1 화이트,130000,ATX,850.0,2026-05-21 09:18:14.895339
DEEPCOOL PN750M 80PLUS골드 풀모듈러 ATX3.1,131490,ATX,750.0,2026-05-21 09:18:14.895339
SuperFlower SF-750C12FG COMBAT FG 80PLUS골드 ATX3.1,132030,ATX,750.0,2026-05-21 09:18:14.895339
AONE 시그니처 1300W 80PLUS골드 풀모듈러 ATX3.1 화이트,133780,ATX,1300.0,2026-05-21 09:18:14.895339
마이크로닉스 Classic II 750W 80PLUS골드 풀모듈러 ATX3.1 화이트,133900,ATX,750.0,2026-05-21 09:18:14.895339
Antec GSK 850W V2 80PLUS골드 풀모듈러 ATX3.1,134000,ATX,850.0,2026-05-21 09:18:14.895339
SuperFlower SF-1000C12DG COMBAT DG ETA골드 ATX3.1,134480,ATX,1000.0,2026-05-21 09:18:14.895339
시소닉 CORE V2 GX-650 GOLD 풀모듈러 ATX3.1,135000,ATX,650.0,2026-05-21 09:18:14.895339
마이크로닉스 Performance II PV 700W 80PLUS브론즈 FDB,135000,ATX,700.0,2026-05-21 09:18:14.895339
마이크로닉스 COOLMAX P-850W 80PLUS플래티넘 ATX3.0,136900,ATX,850.0,2026-05-21 09:18:14.895339
쿨러마스터 ELITE GOLD 850 ATX 3.1 풀모듈러 화이트,137630,ATX,850.0,2026-05-21 09:18:14.895339
Antec GSK 850W V2 화이트 80PLUS골드 풀모듈러 ATX3.1,138500,ATX,850.0,2026-05-21 09:18:14.895339
NEWZEN SKULL 850XM 풀모듈러 ATX3.1 80PLUS골드 블랙,139630,ATX,850.0,2026-05-21 09:18:14.895339
맥스엘리트 MAXWELL COUNT 850W 80PLUS골드 풀모듈러 (본체+플랫멀티팩),141000,ATX,850.0,2026-05-21 09:18:14.895339
MSI MAG A850GL 화이트 80PLUS골드 풀모듈러 ATX3.1,141530,ATX,850.0,2026-05-21 09:18:14.895339
MSI MAG A850GLS 80PLUS골드 풀모듈러 ATX3.1,141530,ATX,850.0,2026-05-21 09:18:14.895339
SuperFlower SF-750F14GE LEADEX III GOLD UP ATX3.1,142080,ATX,750.0,2026-05-21 09:18:14.895339
GIGABYTE UD1000GM PG5 V2 80PLUS골드 풀모듈러 ATX 3.1 제이씨현,143000,ATX,1000.0,2026-05-21 09:18:14.895339
darkFlash UPMOST 850W 80PLUS골드 풀모듈러 블랙,143040,ATX,850.0,2026-05-21 09:18:14.895339
ASUS TUF Gaming 850W GOLD EVO 풀모듈러 ATX3.1,143120,ATX,850.0,2026-05-21 09:18:14.895339
darkFlash UPMOST 850W 80PLUS골드 풀모듈러 화이트,144520,ATX,850.0,2026-05-21 09:18:14.895339
GIGABYTE UD1000GM PG5 V2 80PLUS골드 풀모듈러 ATX3.1 피씨디렉트,144990,ATX,1000.0,2026-05-21 09:18:14.895339
GIGABYTE UD1000GM PG5 V2 ICE 80PLUS골드 풀모듈러 ATX3.1 피씨디렉트,145230,ATX,1000.0,2026-05-21 09:18:14.895339
리안리 EDGE GOLD 750 블랙,145400,ATX,750.0,2026-05-21 09:18:14.895339
MONTECH CENTURY II 1050 80PLUS골드 풀모듈러 ATX3.1,146080,ATX,1050.0,2026-05-21 09:18:14.895339
잘만 TeraMax II 750W 80PLUS골드 풀모듈러 ATX3.1 화이트,147100,ATX,750.0,2026-05-21 09:18:14.895339
잘만 TeraMax II SE 1000W 80PLUS골드 풀모듈러 ATX3.1 블랙,147410,ATX,1000.0,2026-05-21 09:18:14.895339
마이크로닉스 Classic II 850W 80PLUS골드 풀모듈러 ATX3.1,149000,ATX,850.0,2026-05-21 09:18:14.895339
시소닉 CORE V2 GX-750 GOLD 풀모듈러 ATX3.1,150000,ATX,750.0,2026-05-21 09:18:14.895339
마이크로닉스 Classic II 850W 80PLUS골드 풀모듈러 ATX3.1 화이트,151000,ATX,850.0,2026-05-21 09:18:14.895339
쿨러마스터 MWE GOLD 1050 V2 ATX3.0,153330,ATX,1050.0,2026-05-21 09:18:14.895339
쿨러마스터 GOLD V750 V2 화이트 풀모듈러,153400,ATX,750.0,2026-05-21 09:18:14.895339
맥스엘리트 MAXWELL COUNT 850W 80PLUS골드 풀모듈러 ATX3.1,154000,ATX,850.0,2026-05-21 09:18:14.895339
MSI MPG A850G 80PLUS골드 풀모듈러 ATX3.1,154920,ATX,850.0,2026-05-21 09:18:14.895339
Segotep GM1000W 80PLUS골드 풀모듈러 ATX3.1 블랙,155000,ATX,1000.0,2026-05-21 09:18:14.895339
SuperFlower SF-850F14GE LEADEX III GOLD UP ATX3.1,156580,ATX,850.0,2026-05-21 09:18:14.895339
맥스엘리트 MAXWELL COUNT 750W 80PLUS골드 풀모듈러 (본체+메탈그레이),157990,ATX,750.0,2026-05-21 09:18:14.895339
SuperFlower SF-850C12FG COMBAT FG 80PLUS골드 ATX3.1,159000,ATX,850.0,2026-05-21 09:18:14.895339
Segotep GM1250W 80PLUS골드 풀모듈러 ATX3.1 블랙,159000,ATX,1250.0,2026-05-21 09:18:14.895339
맥스엘리트 STARS CYGNUS 1000W 80PLUS골드 풀모듈러 ATX3.1,159000,ATX,1000.0,2026-05-21 09:18:14.895339
마이크로닉스 WIZMAX G-850W 80PLUS골드 ATX3.1,159000,ATX,850.0,2026-05-21 09:18:14.895339
시소닉 CORE V2 GX-750 GOLD 풀모듈러 ATX3.1 화이트,160000,ATX,750.0,2026-05-21 09:18:14.895339
CORSAIR RM750e ETA플래티넘 ATX3.1 화이트,163960,ATX,750.0,2026-05-21 09:18:14.895339
CORSAIR RM750e ATX3.1,164000,ATX,750.0,2026-05-21 09:18:14.895339
마이크로닉스 Performance II HV 850W 80PLUS브론즈 FDB,164000,ATX,850.0,2026-05-21 09:18:14.895339
MSI MPG A850GS 80PLUS골드 풀모듈러 ATX3.1,164520,ATX,850.0,2026-05-21 09:18:14.895339
쿨러마스터 GX III GOLD 850 ATX3.0,164800,ATX,850.0,2026-05-21 09:18:14.895339
마이크로닉스 ASTRO PLATINUM 850W 풀모듈러,165000,ATX,850.0,2026-05-21 09:18:14.895339
맥스엘리트 STARS CYGNUS 1000W 80PLUS골드 풀모듈러 ATX3.1 화이트,165000,ATX,1000.0,2026-05-21 09:18:14.895339
잘만 TeraMax II VIEW 1000W 80PLUS골드 풀모듈러 ATX3.1 블랙,165210,ATX,1000.0,2026-05-21 09:18:14.895339
SuperFlower SF-850F14GE LEADEX III GOLD UP ATX3.1 화이트,165550,ATX,850.0,2026-05-21 09:18:14.895339
쿨러마스터 ELITE GOLD 1000 ATX 3.1 풀모듈러,167290,ATX,1000.0,2026-05-21 09:18:14.895339
리안리 EDGE GOLD 850 블랙,168990,ATX,850.0,2026-05-21 09:18:14.895339
CORSAIR RM850e ETA골드 ATX3.1 화이트,169000,ATX,850.0,2026-05-21 09:18:14.895339
리안리 EDGE GOLD 850 화이트,169040,ATX,850.0,2026-05-21 09:18:14.895339
ASRock 스틸레전드 SL-850G 80PLUS골드 풀모듈러 ATX3.1,170000,ATX,850.0,2026-05-21 09:18:14.895339
Segotep GM1000W 80PLUS골드 풀모듈러 ATX3.1 화이트,170000,ATX,1000.0,2026-05-21 09:18:14.895339
MSI MAG A1000GLS 80PLUS골드 풀모듈러 ATX3.1,170060,ATX,1000.0,2026-05-21 09:18:14.895339
Antec GSK 1000W 80PLUS골드 풀모듈러 ATX3.1,172500,ATX,1000.0,2026-05-21 09:18:14.895339
Segotep GM1250W 80PLUS골드 풀모듈러 ATX3.1 화이트,174000,ATX,1250.0,2026-05-21 09:18:14.895339
시소닉 CORE V2 GX-850 GOLD 풀모듈러 ATX3.1,175000,ATX,850.0,2026-05-21 09:18:14.895339
CORSAIR RM850e ATX3.1,175200,ATX,850.0,2026-05-21 09:18:14.895339
마이크로닉스 Classic II 1050W 80PLUS골드 풀모듈러 ATX3.1,176500,ATX,1050.0,2026-05-21 09:18:14.895339
쿨러마스터 ELITE GOLD 1000 ATX 3.1 풀모듈러 화이트,176820,ATX,1000.0,2026-05-21 09:18:14.895339
darkFlash UPMOST 1050W 80PLUS골드 풀모듈러 ATX3.0 화이트,177640,ATX,1050.0,2026-05-21 09:18:14.895339
MSI MAG A1000GL 80PLUS골드 풀모듈러 ATX3.1,179000,ATX,1000.0,2026-05-21 09:18:14.895339
ASRock 스틸레전드 SL-850GW 80PLUS골드 풀모듈러 ATX3.1 화이트,179000,ATX,850.0,2026-05-21 09:18:14.895339
CORSAIR RMx Series RM850x ATX3.1,179830,ATX,850.0,2026-05-21 09:18:14.895339
시소닉 FOCUS GOLD GM-750 모듈러,180000,ATX,750.0,2026-05-21 09:18:14.895339
SuperFlower SF-1000F14GE LEADEX III GOLD UP ATX3.1,180250,ATX,1000.0,2026-05-21 09:18:14.895339
리안리 SX850 80PLUS플래티넘 화이트,184170,ATX,850.0,2026-05-21 09:18:14.895339
리안리 SX850 80PLUS플래티넘 블랙,184170,ATX,850.0,2026-05-21 09:18:14.895339
잘만 TeraMax II VIEW 1200W 80PLUS골드 풀모듈러 ATX3.1 블랙,185360,ATX,1200.0,2026-05-21 09:18:14.895339
SuperFlower SF-850F14XG LEADEX VII GOLD ATX3.1,185850,ATX,850.0,2026-05-21 09:18:14.895339
쿨러마스터 MWE GOLD 1250-V2 ATX3.0,186190,ATX,1250.0,2026-05-21 09:18:14.895339
시소닉 NEW FOCUS V4 GX-750 GOLD 풀모듈러 ATX3.1,189000,ATX,750.0,2026-05-21 09:18:14.895339
맥스엘리트 STARS CYGNUS 1200W 80PLUS골드 풀모듈러 ATX3.1,189000,ATX,1200.0,2026-05-21 09:18:14.895339
SuperFlower SF-1000F14GE LEADEX III GOLD UP ATX3.1 화이트,189630,ATX,1000.0,2026-05-21 09:18:14.895339
잘만 ZM850-ARX 80PLUS플래티넘,189840,ATX,850.0,2026-05-21 09:18:14.895339
시소닉 CORE V2 GX-850 GOLD 풀모듈러 ATX3.1 화이트,190000,ATX,850.0,2026-05-21 09:18:14.895339
리안리 EDGE 850 80PLUS플래티넘 블랙,190090,ATX,850.0,2026-05-21 09:18:14.895339
Antec GSK 1200W 80PLUS골드 풀모듈러 ATX3.1,190500,ATX,1200.0,2026-05-21 09:18:14.895339
NEWZEN SKULL 1000XM ATX3.0 80PLUS골드,190530,ATX,1000.0,2026-05-21 09:18:14.895339
MSI MPG A1000G 80PLUS골드 풀모듈러 ATX3.1,190980,ATX,1000.0,2026-05-21 09:18:14.895339
MONTECH CENTURY II 1200 80PLUS골드 풀모듈러 ATX3.1,191000,ATX,1200.0,2026-05-21 09:18:14.895339
잘만 ACRUX II 850W 80PLUS플래티넘 풀모듈러 ATX3.1,191480,ATX,850.0,2026-05-21 09:18:14.895339
마이크로닉스 WIZMAX G-1000W 80PLUS골드 ATX3.1,192000,ATX,1000.0,2026-05-21 09:18:14.895339
darkFlash UPMOST 1250W 80PLUS골드 풀모듈러 ATX3.0 화이트,193190,ATX,1250.0,2026-05-21 09:18:14.895339
SuperFlower SF-850F14XG LEADEX VII GOLD 화이트 ATX3.1,193700,ATX,850.0,2026-05-21 09:18:14.895339
맥스엘리트 STARS CYGNUS 1200W 80PLUS골드 풀모듈러 ATX3.1 화이트,195000,ATX,1200.0,2026-05-21 09:18:14.895339
CORSAIR RM850x 화이트 80PLUS골드,197000,ATX,850.0,2026-05-21 09:18:14.895339
MSI MAG A1250GL 80PLUS골드 풀모듈러 ATX3.1,197990,ATX,1250.0,2026-05-21 09:18:14.895339
앱코 코어맥스 CM-1200P ETA플래티넘 ATX3.1 블랙,198000,ATX,1200.0,2026-05-21 09:18:14.895339
MSI MPG A1000GS II 80PLUS골드 풀모듈러 ATX3.1,198970,ATX,1000.0,2026-05-21 09:18:14.895339
darkFlash UPMOST 1250W 80PLUS골드 풀모듈러 ATX3.0 블랙,199000,ATX,1250.0,2026-05-21 09:18:14.895339
마이크로닉스 Performance II HV 1000W Bronze,199000,ATX,1000.0,2026-05-21 09:18:14.895339
마이크로닉스 Compact SFX 700W 80PLUS플래티넘 풀모듈러 ATX 3.1,199000,MATX,700.0,2026-05-21 09:18:14.895339
MSI MPG A1000G 80PLUS골드,199000,ATX,1000.0,2026-05-21 09:18:14.895339
마이크로닉스 Classic II 1050W 80PLUS골드 풀모듈러 ATX3.1 화이트,199000,ATX,1050.0,2026-05-21 09:18:14.895339
마이크로닉스 Classic II 1200W 80PLUS골드 풀모듈러 ATX3.1,200900,ATX,1200.0,2026-05-21 09:18:14.895339
마이크로닉스 COOLMAX P-1050W 80PLUS플래티넘 ATX3.1,202300,ATX,1050.0,2026-05-21 09:18:14.895339
마이크로닉스 COOLMAX P-1050W 80PLUS플래티넘 ATX3.0,204800,ATX,1050.0,2026-05-21 09:18:14.895339
리안리 SP750 V2 80PLUS골드 화이트,204820,MATX,750.0,2026-05-21 09:18:14.895339
잘만 ZM1000-ARX 80PLUS플래티넘,206460,ATX,1000.0,2026-05-21 09:18:14.895339
ASRock 스틸레전드 SL-1000G 80PLUS골드 풀모듈러 ATX3.1,206980,ATX,1000.0,2026-05-21 09:18:14.895339
마이크로닉스 ASTRO II PT 850W 80PLUS플래티넘 풀모듈러 ATX3.0,208000,ATX,850.0,2026-05-21 09:18:14.895339
마이크로닉스 ASTRO II PT 850W 80PLUS플래티넘 풀모듈러 ATX3.1,208620,ATX,850.0,2026-05-21 09:18:14.895339
마이크로닉스 ASTRO II PT 1000W 80PLUS플래티넘 풀모듈러 ATX3.1,208630,ATX,1000.0,2026-05-21 09:18:14.895339
SuperFlower SF-850F14XP LEADEX VII PRO PLATINUM 블랙 ATX3.1,208690,ATX,850.0,2026-05-21 09:18:14.895339
리안리 EDGE 850 80PLUS플래티넘 화이트,208890,ATX,850.0,2026-05-21 09:18:14.895339
리안리 SP750 V2 80PLUS골드 블랙,209000,MATX,750.0,2026-05-21 09:18:14.895339
NZXT C850 80PLUS골드 풀모듈러 ATX3.1 화이트,210320,ATX,850.0,2026-05-21 09:18:14.895339
ASRock 스틸레전드 SL-1000GW 80PLUS골드 풀모듈러 ATX3.1 화이트,213000,ATX,1000.0,2026-05-21 09:18:14.895339
잘만 ACRUX II 1000W 80PLUS플래티넘 풀모듈러 ATX3.1,213680,ATX,1000.0,2026-05-21 09:18:14.895339
시소닉 NEW FOCUS V4 GX-850 GOLD 풀모듈러 ATX3.1,214950,ATX,850.0,2026-05-21 09:18:14.895339
SuperFlower SF-1000F14XG LEADEX VII GOLD ATX3.1,215950,ATX,1000.0,2026-05-21 09:18:14.895339
마이크로닉스 Classic II 1200W 80PLUS골드 풀모듈러 화이트 ATX3.1,216000,ATX,1200.0,2026-05-21 09:18:14.895339
ASUS ROG STRIX 850G 80PLUS골드,217000,ATX,850.0,2026-05-21 09:18:14.895339
SuperFlower SF-850F14XP LEADEX VII PRO PLATINUM 화이트 ATX3.1,217630,ATX,850.0,2026-05-21 09:18:14.895339
SuperFlower SF-1300F14GE LEADEX III GOLD UP ATX3.1,218250,ATX,1300.0,2026-05-21 09:18:14.895339
마이크로닉스 ASTRO II PT 1000W 80PLUS플래티넘 풀모듈러 ATX3.0,219000,ATX,1000.0,2026-05-21 09:18:14.895339
리안리 EDGE GOLD 1000 블랙,219210,ATX,1000.0,2026-05-21 09:18:14.895339
CORSAIR RM850x SHIFT 80PLUS골드 ATX3.0 화이트,219300,ATX,850.0,2026-05-21 09:18:14.895339
쿨러마스터 GX III GOLD 1050 풀모듈러 ATX3.0,220140,ATX,1050.0,2026-05-21 09:18:14.895339
NZXT C850 80PLUS골드 풀모듈러 ATX3.1 블랙,220770,ATX,850.0,2026-05-21 09:18:14.895339
CORSAIR RM1000e ATX3.1,221460,ATX,1000.0,2026-05-21 09:18:14.895339
리안리 SP850 V2 80PLUS골드 화이트,222320,MATX,850.0,2026-05-21 09:18:14.895339
CORSAIR RMx Series RM1000x ATX3.1,224470,ATX,1000.0,2026-05-21 09:18:14.895339
쿨러마스터 MWE Gold 1050 V2 풀모듈러 ATX3.0 SF6 Blanka,225000,ATX,1050.0,2026-05-21 09:18:14.895339
CORSAIR SF750 ATX3.1,226320,MATX,750.0,2026-05-21 09:18:14.895339
SuperFlower SF-1000F14XG LEADEX VII GOLD 화이트 ATX3.1,226700,ATX,1000.0,2026-05-21 09:18:14.895339
FSP HYDRO G PRO 1000W 80PLUS골드 풀모듈러 ATX3.1,227000,ATX,1000.0,2026-05-21 09:18:14.895339
SuperFlower SF-1300F14GE LEADEX III GOLD UP ATX3.1 화이트,227630,ATX,1300.0,2026-05-21 09:18:14.895339
Antec SF850X 80PLUS골드 SFX 풀모듈러 ATX3.1,228000,MATX,850.0,2026-05-21 09:18:14.895339
MONTECH TITAN PLA 1000W 플래티넘 ATX3.1 화이트,230000,ATX,1000.0,2026-05-21 09:18:14.895339
리안리 EDGE GOLD 1000 화이트,230830,ATX,1000.0,2026-05-21 09:18:14.895339
CORSAIR RM1000e ETA플래티넘 ATX3.1 화이트,231040,ATX,1000.0,2026-05-21 09:18:14.895339
DEEPCOOL PX1200G 80PLUS골드 풀모듈러 ATX3.0,232170,ATX,1200.0,2026-05-21 09:18:14.895339
리안리 RS1000 80PLUS골드 블랙,233100,ATX,1000.0,2026-05-21 09:18:14.895339
리안리 RS1000 80PLUS골드 화이트,233100,ATX,1000.0,2026-05-21 09:18:14.895339
Fractal Design Ion 3 850W 80PLUS골드,233190,ATX,850.0,2026-05-21 09:18:14.895339
리안리 SP850 V2 80PLUS골드 블랙,234150,MATX,850.0,2026-05-21 09:18:14.895339
ASRock 스틸레전드 SL-1200G 80PLUS골드 풀모듈러 ATX3.1,234880,ATX,1200.0,2026-05-21 09:18:14.895339
맥스엘리트 MAXWELL DUKE 1000W 80PLUS플래티넘 풀모듈러 ATX3.1,235000,ATX,1000.0,2026-05-21 09:18:14.895339
시소닉 NEW FOCUS V4 GX-850 GOLD 풀모듈러 ATX3.1 화이트,235000,ATX,850.0,2026-05-21 09:18:14.895339
ASUS ROG STRIX 750W GOLD Aura Edition,235220,ATX,750.0,2026-05-21 09:18:14.895339
잘만 ACRUX II 1200W 80PLUS플래티넘 풀모듈러 ATX3.1,235420,ATX,1200.0,2026-05-21 09:18:14.895339
리안리 SX1000 80PLUS플래티넘 화이트,237200,ATX,1000.0,2026-05-21 09:18:14.895339
리안리 SX1000 80PLUS플래티넘 블랙,237200,ATX,1000.0,2026-05-21 09:18:14.895339
Antec NeoECO 1000W 화이트 80PLUS골드 풀모듈러 ATX3.0,238000,ATX,1000.0,2026-05-21 09:18:14.895339
맥스엘리트 MAXWELL DUKE 1000W 80PLUS플래티넘 풀모듈러 ATX3.1 화이트,238230,ATX,1000.0,2026-05-21 09:18:14.895339
쿨러마스터 V SFX Gold 850 ATX3.1,238480,MATX,850.0,2026-05-21 09:18:14.895339
CORSAIR RM850x SHIFT 80PLUS골드 ATX3.0,238860,ATX,850.0,2026-05-21 09:18:14.895339
리안리 RS1000 80PLUS골드 with hub 블랙,239000,ATX,1000.0,2026-05-21 09:18:14.895339
마이크로닉스 ASTRO PLATINUM 1050W 풀모듈러,239000,ATX,1050.0,2026-05-21 09:18:14.895339
리안리 RS1000 80PLUS골드 with hub 화이트,239000,ATX,1000.0,2026-05-21 09:18:14.895339
CORSAIR SF750 80PLUS플래티넘,239000,MATX,750.0,2026-05-21 09:18:14.895339
ASUS TUF Gaming 1200W GOLD,239900,ATX,1200.0,2026-05-21 09:18:14.895339
쿨러마스터 V SFX Gold 850 ATX3.1 화이트,242430,MATX,850.0,2026-05-21 09:18:14.895339
리안리 EDGE 1000 80PLUS플래티넘 블랙,243210,ATX,1000.0,2026-05-21 09:18:14.895339
시소닉 FOCUS GOLD GX-850 풀모듈러,245000,ATX,850.0,2026-05-21 09:18:14.895339
마이크로닉스 WIZMAX G-1200W 80PLUS골드 ATX3.1,245000,ATX,1200.0,2026-05-21 09:18:14.895339
리안리 EDGE GOLD 1200 블랙,247190,ATX,1200.0,2026-05-21 09:18:14.895339
SuperFlower SF-1000F14XP LEADEX VII PRO PLATINUM 블랙 ATX3.1,247380,ATX,1000.0,2026-05-21 09:18:14.895339
SuperFlower SF-1000F14PE LEADEX VI PRO PLATINUM 화이트 PCIE5,248400,ATX,1000.0,2026-05-21 09:18:14.895339
SuperFlower SF-1300F14XG LEADEX VII GOLD ATX3.1,248780,ATX,1300.0,2026-05-21 09:18:14.895339
ASRock 스틸레전드 SL-1200GW 80PLUS골드 풀모듈러 ATX3.1 화이트,248800,ATX,1200.0,2026-05-21 09:18:14.895339
MSI MPG A1250GS II 80PLUS골드 풀모듈러 ATX3.1,248970,ATX,1250.0,2026-05-21 09:18:14.895339
마이크로닉스 Classic II 1000W 80PLUS플래티넘 ATX3.1,249000,ATX,1000.0,2026-05-21 09:18:14.895339
Antec HCG PRO 850W 80PLUS플래티넘 풀모듈러 ATX3.1,251000,ATX,850.0,2026-05-21 09:18:14.895339
NZXT C1000 80PLUS골드 풀모듈러 ATX3.1 블랙,251670,ATX,1000.0,2026-05-21 09:18:14.895339
리안리 SP850 80PLUS플래티넘 블랙,253350,MATX,850.0,2026-05-21 09:18:14.895339
리안리 EDGE 1000 80PLUS플래티넘 화이트,255220,ATX,1000.0,2026-05-21 09:18:14.895339
리안리 EDGE GOLD 1200 화이트,256730,ATX,1200.0,2026-05-21 09:18:14.895339
SuperFlower SF-1300F14XG LEADEX VII GOLD 화이트 ATX3.1,257290,ATX,1300.0,2026-05-21 09:18:14.895339
SuperFlower SF-1000F14XP LEADEX VII PRO PLATINUM 화이트 ATX3.1,257870,ATX,1000.0,2026-05-21 09:18:14.895339
GIGABYTE UD1300GM PG5 80PLUS골드 풀모듈러 ATX3.0 피씨디렉트,260690,ATX,1300.0,2026-05-21 09:18:14.895339
NZXT C1000 80PLUS골드 풀모듈러 ATX3.1 화이트,260850,ATX,1000.0,2026-05-21 09:18:14.895339
시소닉 NEW FOCUS GX-1000 GOLD 풀모듈러 화이트 ATX3.0,261580,ATX,1000.0,2026-05-21 09:18:14.895339
리안리 SP850 80PLUS플래티넘 화이트,262850,MATX,850.0,2026-05-21 09:18:14.895339
리안리 RS1200 80PLUS골드 with hub 블랙,263300,ATX,1200.0,2026-05-21 09:18:14.895339
시소닉 NEW FOCUS V4 GX-1000 GOLD 풀모듈러 ATX3.1,265000,ATX,1000.0,2026-05-21 09:18:14.895339
ASUS TUF Gaming 1000W GOLD,266660,ATX,1000.0,2026-05-21 09:18:14.895339
MONTECH TITAN PLA 1200W 플래티넘 ATX3.1 화이트,267780,ATX,1200.0,2026-05-21 09:18:14.895339
CORSAIR SF850 ATX3.1,268800,MATX,850.0,2026-05-21 09:18:14.895339
CORSAIR RM1000x SHIFT 80PLUS골드 ATX3.0,268990,ATX,1000.0,2026-05-21 09:18:14.895339
SuperFlower SF-850F14TP LEADEX V PRO PLATINUM 화이트,269500,ATX,850.0,2026-05-21 09:18:14.895339
쿨러마스터 PLATINUM V850 풀모듈러,272090,ATX,850.0,2026-05-21 09:18:14.895339
리안리 RS1200 80PLUS골드 with hub 화이트,274170,ATX,1200.0,2026-05-21 09:18:14.895339
SuperFlower SF-1200F14XP LEADEX VII PRO PLATINUM 블랙 ATX3.1,277630,ATX,1200.0,2026-05-21 09:18:14.895339
리안리 SX1200 80PLUS플래티넘 블랙,281590,ATX,1200.0,2026-05-21 09:18:14.895339
리안리 SX1200 80PLUS플래티넘 화이트,281590,ATX,1200.0,2026-05-21 09:18:14.895339
시소닉 NEW FOCUS V4 GX-1000 GOLD 풀모듈러 ATX3.1 화이트,285000,ATX,1000.0,2026-05-21 09:18:14.895339
AcBEL CRPS 800W 1U 80PLUS플래티넘,285500,,800.0,2026-05-21 09:18:14.895339
마이크로닉스 Classic II 1300W 80PLUS플래티넘 ATX3.1,286500,ATX,1300.0,2026-05-21 09:18:14.895339
SuperFlower SF-1200F14XP LEADEX VII PRO PLATINUM 화이트 ATX3.1,287650,ATX,1200.0,2026-05-21 09:18:14.895339
Antec HCG PRO 1000W 80PLUS플래티넘 풀모듈러 ATX3.1,292000,ATX,1000.0,2026-05-21 09:18:14.895339
AcBEL R1CA2801A 800W 80PLUS플래티넘,294000,,800.0,2026-05-21 09:18:14.895339
시소닉 VERTEX GX-850 GOLD 풀모듈러 ATX3.0,295000,ATX,850.0,2026-05-21 09:18:14.895339
Fractal Design Ion 3 1000W 80PLUS골드 화이트,296990,ATX,1000.0,2026-05-21 09:18:14.895339
Fractal Design Ion 3 1000W 80PLUS골드 블랙,297000,ATX,1000.0,2026-05-21 09:18:14.895339
CORSAIR RM1000x SHIFT 80PLUS골드 ATX3.0 화이트,298990,ATX,1000.0,2026-05-21 09:18:14.895339
시소닉 FOCUS GOLD GM-850 모듈러,300000,ATX,850.0,2026-05-21 09:18:14.895339
NZXT C1200 80PLUS골드 풀모듈러 ATX3.1 블랙,301260,ATX,1200.0,2026-05-21 09:18:14.895339
맥스엘리트 MAXWELL DUKE 1300W 80PLUS플래티넘 풀모듈러 ATX3.1 화이트,304590,ATX,1300.0,2026-05-21 09:18:14.895339
맥스엘리트 MAXWELL DUKE 1300W 80PLUS플래티넘 풀모듈러 ATX3.1,305270,ATX,1300.0,2026-05-21 09:18:14.895339
마이크로닉스 ASTRO II PT 1300W 80PLUS플래티넘 풀모듈러 ATX3.1,309000,ATX,1300.0,2026-05-21 09:18:14.895339
NZXT C1200 80PLUS골드 풀모듈러 ATX3.1 화이트,311970,ATX,1200.0,2026-05-21 09:18:14.895339
APC RBC7 교체용 배터리,312000,,,2026-05-21 09:18:14.895339
ASUS ROG STRIX 1000W Platinum,316980,ATX,1000.0,2026-05-21 09:18:14.895339
리안리 SP1000 80PLUS플래티넘 블랙,321460,MATX,1000.0,2026-05-21 09:18:14.895339
ASUS ROG STRIX 1200W Platinum,321600,ATX,1200.0,2026-05-21 09:18:14.895339
SuperFlower SF-750F14HT LEADEX TITANIUM,321640,ATX,750.0,2026-05-21 09:18:14.895339
리안리 EDGE 1300 80PLUS플래티넘 화이트,326340,ATX,1300.0,2026-05-21 09:18:14.895339
리안리 SP1000 80PLUS플래티넘 화이트,327100,MATX,1000.0,2026-05-21 09:18:14.895339
CORSAIR SF1000 ATX3.1,330620,MATX,1000.0,2026-05-21 09:18:14.895339
쿨러마스터 PLATINUM V1000 풀모듈러,331890,ATX,1000.0,2026-05-21 09:18:14.895339
시소닉 PRIME GOLD GX-1000 풀모듈러,338000,ATX,1000.0,2026-05-21 09:18:14.895339
Antec HCG PRO 1200W 80PLUS플래티넘 풀모듈러 ATX3.1,339000,ATX,1200.0,2026-05-21 09:18:14.895339
시소닉 VERTEX GX-1000 GOLD 풀모듈러 ATX3.0,350000,ATX,1000.0,2026-05-21 09:18:14.895339
쿨러마스터 V1100 SFX PLATINUM ATX3.0,351260,MATX,1100.0,2026-05-21 09:18:14.895339
이엠텍 레드빗 CRPS BPL,354720,,,2026-05-21 09:18:14.895339
be quiet STRAIGHT POWER 12 1000W 80PLUS플래티넘,356000,ATX,1000.0,2026-05-21 09:18:14.895339
MSI MEG Ai1300P 80PLUS플래티넘 풀모듈러 ATX3.1,357950,ATX,1300.0,2026-05-21 09:18:14.895339
CORSAIR SF1000L ATX3.0,358000,MATX,1000.0,2026-05-21 09:18:14.895339
SuperFlower SF-850F14HT LEADEX TITANIUM,366470,ATX,850.0,2026-05-21 09:18:14.895339
CORSAIR RM1200x SHIFT 80PLUS골드 ATX3.0,368990,ATX,1200.0,2026-05-21 09:18:14.895339
CORSAIR HX1000i ATX3.0,388990,ATX,1000.0,2026-05-21 09:18:14.895339
CORSAIR HX1000i SHIFT,388990,ATX,1000.0,2026-05-21 09:18:14.895339
시소닉 VERTEX GX-1200 GOLD 풀모듈러 화이트 ATX3.1,389000,ATX,1200.0,2026-05-21 09:18:14.895339
Segotep GM2000W 80PLUS골드 풀모듈러 ATX3.1 블랙,390000,ATX,2000.0,2026-05-21 09:18:14.895339
시소닉 VERTEX GX-1200 GOLD 풀모듈러 ATX3.1,395500,ATX,1200.0,2026-05-21 09:18:14.895339
CORSAIR HX1200i 80PLUS플래티넘 ATX3.1,398990,ATX,1200.0,2026-05-21 09:18:14.895339
CORSAIR RM1200x SHIFT 80PLUS골드 ATX3.0 화이트,398990,ATX,1200.0,2026-05-21 09:18:14.895339
쿨러마스터 PLATINUM V1300 풀모듈러,399300,ATX,1300.0,2026-05-21 09:18:14.895339
쿨러마스터 V1300 SFX PLATINUM ATX3.0,405180,MATX,1300.0,2026-05-21 09:18:14.895339
Antec SIGNATURE 1000W TITANIUM,451000,ATX,1000.0,2026-05-21 09:18:14.895339
CORSAIR HX1200i SHIFT,454990,ATX,1200.0,2026-05-21 09:18:14.895339
Antec SIGNATURE 1300W PLATINUM,455000,ATX,1300.0,2026-05-21 09:18:14.895339
ASUS ROG THOR 1000P2,489000,ATX,1000.0,2026-05-21 09:18:14.895339
마이크로닉스 WIZMAX G-1650W 80PLUS골드 ATX3.1,498940,ATX,1650.0,2026-05-21 09:18:14.895339
CORSAIR HX1500i SHIFT,515000,ATX,1500.0,2026-05-21 09:18:14.895339
CORSAIR HX1500i 80PLUS플래티넘 ATX3.1,528990,ATX,1500.0,2026-05-21 09:18:14.895339
NZXT C1500 80PLUS플래티넘 풀모듈러 ATX3.1 블랙,569000,ATX,1500.0,2026-05-21 09:18:14.895339
ASUS ROG THOR3 1000W Platinum 인텍앤컴퍼니,598330,ATX,1000.0,2026-05-21 09:18:14.895339
쿨러마스터 M2000 80PLUS플래티넘 230V 풀모듈러,599220,ATX,2000.0,2026-05-21 09:18:14.895339
ASRock TAICHI TC-1650T 80PLUS티타늄 풀모듈러 ATX3.1,621020,ATX,1650.0,2026-05-21 09:18:14.895339
AcBEL CRPS 2000W 1U 80PLUS플래티넘,649980,,2000.0,2026-05-21 09:18:14.895339
ASUS ROG THOR 1200W Platinum III,650730,ATX,1200.0,2026-05-21 09:18:14.895339
SuperFlower SF-2000F14HP LEADEX PLATINUM,654000,ATX,2000.0,2026-05-21 09:18:14.895339
be quiet DARK POWER PRO 12 1500W 80PLUS티타늄,665890,ATX,1500.0,2026-05-21 09:18:14.895339
MSI MEG Ai1600T 80PLUS티타늄 풀모듈러 ATX3.1,670990,ATX,1600.0,2026-05-21 09:18:14.895339
be quiet DARK POWER PRO 13 1300W 80PLUS티타늄,678500,ATX,1300.0,2026-05-21 09:18:14.895339
쿨러마스터 X Mighty Platinum 2000W ATX3.1,681820,ATX,2000.0,2026-05-21 09:18:14.895339
이엠텍 레드빗 CRPS-2000W-1U 80PLUS플래티넘,691760,,2000.0,2026-05-21 09:18:14.895339
SuperFlower SF-1700F14HT LEADEX ETA티타늄 ATX3.1,696230,ATX,1700.0,2026-05-21 09:18:14.895339
SuperFlower SF-2200F14HP LEADEX TITANIUM ATX3.1,713410,ATX,2200.0,2026-05-21 09:18:14.895339
SuperFlower SF-1600F14HT LEADEX TITANIUM ATX3.1,730000,ATX,1600.0,2026-05-21 09:18:14.895339
SilverStone HELA 2050R Platinum ATX3.1 마이크로닉스,754000,ATX,2050.0,2026-05-21 09:18:14.895339
시소닉 PRIME PLATINUM PX-1600 풀모듈러 ATX3.1,760000,ATX,1600.0,2026-05-21 09:18:14.895339
be quiet DARK POWER PRO 13 1600W 80PLUS티타늄,767500,ATX,1600.0,2026-05-21 09:18:14.895339
마이크로닉스 WIZMAX P-2500W 80PLUS플래티넘 ATX3.1,799000,ATX,2500.0,2026-05-21 09:18:14.895339
시소닉 PRIME TITANIUM TX-1300 풀모듈러 ATX3.1,800000,ATX,1300.0,2026-05-21 09:18:14.895339
CORSAIR WS3000 ATX3.1,849040,ATX,3000.0,2026-05-21 09:18:14.895339
시소닉 PRIME PLATINUM PX-2200 풀모듈러 ATX3,920000,ATX,2200.0,2026-05-21 09:18:14.895339
SuperFlower SF-2800F14HP LEADEX TITANIUM ATX3.1,956310,ATX,2800.0,2026-05-21 09:18:14.895339
시소닉 PRIME TITANIUM TX-1600 풀모듈러 ATX3.1,990000,ATX,1600.0,2026-05-21 09:18:14.895339
AcBEL CRPS 3200W 1U 80PLUS티타늄,1232460,,3200.0,2026-05-21 09:18:14.895339
