name,price,memory_type,memory_clock,created_at,bench_score
삼성전자 노트북 DDR3-1600,3240,DDR3,1600,2026-05-22 11:57:25.202677,20.0
삼성전자 노트북 DDR2-800 중고,3900,DDR2,800,2026-05-22 11:57:25.202677,13.4
SK하이닉스 노트북 DDR3-1600 1.35V 중고,6900,DDR3,1600,2026-05-22 11:57:25.202677,21.3
삼성전자 DDR2-800 중고,9770,DDR2,800,2026-05-22 11:57:25.202677,13.4
삼성전자 DDR3-1600,9840,DDR3,1600,2026-05-22 11:57:25.202677,20.0
타무즈 노트북 DDR3-1333 CL9,10490,DDR3,1333,2026-05-22 11:57:25.202677,15.0
PATRIOT DDR3-1600 CL11 SIGNATURE,11000,DDR3,1600,2026-05-22 11:57:25.202677,20.0
삼성전자 노트북 DDR3-1600 1.35V,11000,DDR3,1600,2026-05-22 11:57:25.202677,20.0
삼성전자 DDR3-1066 중고,16300,DDR3,1066,2026-05-22 11:57:25.202677,20.0
삼성전자 DDR3-1600 중고,21380,DDR3,1600,2026-05-22 11:57:25.202677,20.0
아이티젠 DDR3-1600,21430,DDR3,1600,2026-05-22 11:57:25.202677,20.0
아이티젠 DDR3-1333,21910,DDR3,1333,2026-05-22 11:57:25.202677,20.0
아이티젠 노트북 DDR3-1600 1.35V,23320,DDR3,1600,2026-05-22 11:57:25.202677,20.0
아이티젠 노트북 DDR3-1600 1.5V,24760,DDR3,1600,2026-05-22 11:57:25.202677,20.0
삼성전자 DDR3-1333 중고,24890,DDR3,1333,2026-05-22 11:57:25.202677,20.0
삼성전자 노트북 DDR3-1600 1.35V 중고,25590,DDR3,1600,2026-05-22 11:57:25.202677,20.0
CYNEX DDR3-1600 멜론,26000,DDR3,1600,2026-05-22 11:57:25.202677,7.4
SK하이닉스 노트북 DDR3-1600 중고,27000,DDR3,1600,2026-05-22 11:57:25.202677,21.3
삼성전자 DDR3-1600 병행수입,27530,DDR3,1600,2026-05-22 11:57:25.202677,20.0
V-Color 컬러풀 DDR3-1600,28000,DDR3,1600,2026-05-22 11:57:25.202677,20.0
HIKSEMI DDR4-3200 CL18 HIKER 중고,28480,DDR4,3200,2026-05-22 11:57:25.202677,19.9
SOUTH BRIDGE 노트북용 DDR3L-1600 1.35V,28900,DDR3,1600,2026-05-22 11:57:25.202677,20.0
SK하이닉스 노트북 DDR4-2666 중고,30360,DDR4,2666,2026-05-22 11:57:25.202677,15.9
삼성전자 노트북 DDR3-1600 중고,31790,DDR3,1600,2026-05-22 11:57:25.202677,20.0
TeamGroup T-Force DDR4-2666 CL18 T1 GAMING,36000,DDR4,2666,2026-05-22 11:57:25.202677,11.4
삼성전자 노트북 DDR3-1333 중고,39890,DDR3,1333,2026-05-22 11:57:25.202677,20.0
타무즈 DDR3-1600 CL11,44200,DDR3,1600,2026-05-22 11:57:25.202677,20.0
타무즈 노트북 DDR3L-1600 CL11 1.35V,46180,DDR3,1600,2026-05-22 11:57:25.202677,20.0
아이티젠 DDR4-2400,48290,DDR4,2400,2026-05-22 11:57:25.202677,17.5
PNY DDR4-2666 CL19,49000,DDR4,2666,2026-05-22 11:57:25.202677,16.6
삼성전자 노트북 DDR3-1066 중고,52110,DDR3,1066,2026-05-22 11:57:25.202677,20.0
삼성전자 DDR3-1600 ECC/REG 중고,55800,DDR3,1600,2026-05-22 11:57:25.202677,20.0
SK하이닉스 노트북 DDR4-3200 중고,59000,DDR4,3200,2026-05-22 11:57:25.202677,21.3
아이티젠 DDR4-2133,59000,DDR4,2133,2026-05-22 11:57:25.202677,14.0
SK하이닉스 노트북 DDR4-2400 중고,59890,DDR4,2400,2026-05-22 11:57:25.202677,14.3
이메이션 노트북 DDR4-3200 CL22,62200,DDR4,3200,2026-05-22 11:57:25.202677,15.3
마이크론 Crucial DDR4-3200 중고,77740,DDR4,3200,2026-05-22 11:57:25.202677,18.9
트랜센드 노트북 DDR3-1600,84330,DDR3,1600,2026-05-22 11:57:25.202677,20.0
PATRIOT DDR4-2666 CL19 SIGNATURE,86680,DDR4,2666,2026-05-22 11:57:25.202677,16.6
타무즈 DDR4-2400 CL17,88890,DDR4,2400,2026-05-22 11:57:25.202677,15.1
타무즈 DDR4-2133 CL15,90320,DDR4,2133,2026-05-22 11:57:25.202677,13.6
타무즈 노트북 DDR4-2400 CL17,91930,DDR4,2400,2026-05-22 11:57:25.202677,15.1
SK하이닉스 노트북 DDR4-2133 중고,92000,DDR4,2133,2026-05-22 11:57:25.202677,13.5
타무즈 DDR4-3200 CL16,92760,DDR4,3200,2026-05-22 11:57:25.202677,18.9
타무즈 노트북 DDR4-2133 CL15,93390,DDR4,2133,2026-05-22 11:57:25.202677,13.6
타무즈 노트북 DDR4-3200 CL16,94660,DDR4,3200,2026-05-22 11:57:25.202677,18.9
PNY DDR4-3200 CL16 Performance,94740,DDR4,3200,2026-05-22 11:57:25.202677,18.9
커널앤코어 노트북용 DDR4-3200 CL22,99500,DDR4,3200,2026-05-22 11:57:25.202677,15.3
HIKSEMI DDR4-3200 CL18 HIKER,103350,DDR4,3200,2026-05-22 11:57:25.202677,19.9
삼성전자 DDR4-2133 중고,112170,DDR4,2133,2026-05-22 11:57:25.202677,14.0
마이크론 Crucial 노트북 DDR5-4800 CL40 중고,119000,DDR5,4800,2026-05-22 11:57:25.202677,13.4
아이티젠 DDR4-2666,119350,DDR4,2666,2026-05-22 11:57:25.202677,15.7
삼성전자 DDR4-2400,121500,DDR4,2400,2026-05-22 11:57:25.202677,17.5
삼성전자 DDR4-2400 중고,122760,DDR4,2400,2026-05-22 11:57:25.202677,17.5
삼성전자 노트북 DDR4-2400 중고,125600,DDR4,2400,2026-05-22 11:57:25.202677,17.5
아이티젠 노트북 DDR4-2666,127940,DDR4,2666,2026-05-22 11:57:25.202677,15.7
삼성전자 노트북 DDR4-2133 중고,132820,DDR4,2133,2026-05-22 11:57:25.202677,14.0
아이티젠 노트북 DDR4-3200,133340,DDR4,3200,2026-05-22 11:57:25.202677,18.9
삼성전자 노트북 DDR4-2400,134990,DDR4,2400,2026-05-22 11:57:25.202677,17.5
삼성전자 노트북 DDR5-5600 중고,140350,DDR5,5600,2026-05-22 11:57:25.202677,20.5
삼성전자 노트북 DDR4-3200 중고,141840,DDR4,3200,2026-05-22 11:57:25.202677,18.9
삼성전자 노트북 DDR4-2133,143340,DDR4,2133,2026-05-22 11:57:25.202677,14.0
SK하이닉스 노트북 DDR5-4800 중고,148000,DDR5,4800,2026-05-22 11:57:25.202677,18.7
Terabyte Ramonster DDR4-3200 CL22,151786,DDR4,3200,2026-05-22 11:57:25.202677,15.3
컴이지 킹덤 DDR4-3200 CL22,152000,DDR4,3200,2026-05-22 11:57:25.202677,15.3
마이크론 Crucial DDR5-4800 CL40,155000,DDR5,4800,2026-05-22 11:57:25.202677,13.4
PATRIOT 노트북 DDR4-3200 CL22 SIGNATURE,157680,DDR4,3200,2026-05-22 11:57:25.202677,15.3
삼성전자 DDR4-2666,159330,DDR4,2666,2026-05-22 11:57:25.202677,15.7
G.SKILL 노트북 DDR4-3200 CL22 RIPJAWS,159990,DDR4,3200,2026-05-22 11:57:25.202677,15.3
커널앤코어 DDR4-3200 CL22,160000,DDR4,3200,2026-05-22 11:57:25.202677,15.3
GUDGA DDR4-3200 CL22,161050,DDR4,3200,2026-05-22 11:57:25.202677,15.3
비즈텍 TREAVE DDR4-2666 CL19,165210,DDR4,2666,2026-05-22 11:57:25.202677,16.6
마이크론 노트북 DDR5-5600 중고,166290,DDR5,5600,2026-05-22 11:57:25.202677,20.5
Ramaxel 노트북 DDR5-4800 중고,168000,DDR5,4800,2026-05-22 11:57:25.202677,18.7
AFOX DDR4-3200 CL22 대원씨티에스,169210,DDR4,3200,2026-05-22 11:57:25.202677,15.3
PATRIOT 노트북 DDR4-2666 CL19 SIGNATURE,172500,DDR4,2666,2026-05-22 11:57:25.202677,16.6
GeIL DDR4-2666 CL19 PRISTINE,174990,DDR4,2666,2026-05-22 11:57:25.202677,16.6
옵티머스 DDR4-3200 아인스시스템,177390,DDR4,3200,2026-05-22 11:57:25.202677,18.9
타무즈 노트북 DDR4-2666 CL19,177790,DDR4,2666,2026-05-22 11:57:25.202677,16.6
TeamGroup 노트북 DDR4-3200 CL22 Elite,178330,DDR4,3200,2026-05-22 11:57:25.202677,15.3
비즈텍 TREAVE 노트북 DDR4-2666 CL19,178500,DDR4,2666,2026-05-22 11:57:25.202677,16.6
AGI 노트북 DDR4-3200 CL22 SD138 서린,178970,DDR4,3200,2026-05-22 11:57:25.202677,15.3
G.SKILL DDR4-3000 CL16 TRIDENT Z ROYAL 실버 패키지,179340,DDR4,3000,2026-05-22 11:57:25.202677,16.7
ADATA 노트북 DDR4-3200 CL22,180550,DDR4,3200,2026-05-22 11:57:25.202677,15.3
ESSENCORE KLEVV DDR4-2666 CL19 파인인포,181000,DDR4,2666,2026-05-22 11:57:25.202677,16.6
PATRIOT DDR5-5600 CL46 SIGNATURE PREMIUM 블랙,181600,DDR5,5600,2026-05-22 11:57:25.202677,20.5
SK하이닉스 DDR4-3200 중고,182340,DDR4,3200,2026-05-22 11:57:25.202677,21.3
GeIL 노트북 DDR4-3200 CL22,185990,DDR4,3200,2026-05-22 11:57:25.202677,15.3
GeIL DDR4-3200 CL22 PRISTINE,187000,DDR4,3200,2026-05-22 11:57:25.202677,15.3
ANACOMDA DDR4-3200 CL22 디앤디컴,189400,DDR4,3200,2026-05-22 11:57:25.202677,15.3
AGI DDR4-3200 CL22 UD138 서린,194000,DDR4,3200,2026-05-22 11:57:25.202677,15.3
SK하이닉스 DDR4-3200,194640,DDR4,3200,2026-05-22 11:57:25.202677,21.3
G.SKILL DDR4-2666 CL19 AEGIS,194770,DDR4,2666,2026-05-22 11:57:25.202677,16.6
G.SKILL 노트북 DDR4-2666 CL19 RIPJAWS,196300,DDR4,2666,2026-05-22 11:57:25.202677,16.6
TeamGroup DDR4-3200 Elite,198790,DDR4,3200,2026-05-22 11:57:25.202677,18.9
마이크론 Crucial DDR4-3200 CL22 대원씨티에스,198890,DDR4,3200,2026-05-22 11:57:25.202677,15.3
OLOy DDR4-3600 CL18 BLADE RGB Black 패키지 올로코리아,200000,DDR4,3600,2026-05-22 11:57:25.202677,18.9
DLI MEMORY DDR4-3200 CL22,203220,DDR4,3200,2026-05-22 11:57:25.202677,15.3
ADATA 노트북 DDR4-3200 CL22 파인인포,204280,DDR4,3200,2026-05-22 11:57:25.202677,15.3
Apacer DDR4-3200 CL22,205990,DDR4,3200,2026-05-22 11:57:25.202677,15.3
G.SKILL DDR4-3200 CL16 AEGIS,208990,DDR4,3200,2026-05-22 11:57:25.202677,18.9
SK하이닉스 DDR4-3200 병행수입,209600,DDR4,3200,2026-05-22 11:57:25.202677,21.3
TeamGroup T-Force DDR4-4000 CL18 XTREEM ARGB 화이트 패키지 서린,211800,DDR4,4000,2026-05-22 11:57:25.202677,21.4
타무즈 DDR4-2666 CL19,218370,DDR4,2666,2026-05-22 11:57:25.202677,16.6
마이크론 Crucial DDR4-3200 CL22 패키지,221350,DDR4,3200,2026-05-22 11:57:25.202677,15.3
G.SKILL DDR5-5600 CL36 FLARE X5 AMD 블랙,222580,DDR5,5600,2026-05-22 11:57:25.202677,20.2
TeamGroup T-Force DDR4-3600 CL18 Vulcan Z Gray 패키지 서린,223140,DDR4,3600,2026-05-22 11:57:25.202677,18.0
TeamGroup T-Force DDR4-3200 CL16 Delta RGB 패키지 서린,223980,DDR4,3200,2026-05-22 11:57:25.202677,18.9
G.SKILL DDR4-3200 CL16 RIPJAWS V VK,224990,DDR4,3200,2026-05-22 11:57:25.202677,19.0
G.SKILL DDR4-3200 CL16 RIPJAWS V VKB 패키지,228990,DDR4,3200,2026-05-22 11:57:25.202677,18.9
G.SKILL DDR4-3200 CL16 TRIDENT Z NEO 패키지,232970,DDR4,3200,2026-05-22 11:57:25.202677,18.9
GeIL DDR4-3600 CL18-22-22 SUPER LUCE RGB Sync 블랙 패키지,233190,DDR4,3600,2026-05-22 11:57:25.202677,18.1
G.SKILL DDR5-6000 CL30 FLARE X5 AMD 블랙,233290,DDR5,6000,2026-05-22 11:57:25.202677,21.6
BIWIN DDR4-3200 CL22,236960,DDR4,3200,2026-05-22 11:57:25.202677,15.3
ESSENCORE KLEVV DDR4-3200 CL16 BOLT X 서린,237860,DDR4,3200,2026-05-22 11:57:25.202677,18.9
TeamGroup T-Force DDR4-3200 CL16 XTREEM ARGB 패키지,238680,DDR4,3200,2026-05-22 11:57:25.202677,18.9
OLOy DDR4-3600 CL14 BLADE RGB AL 패키지 올로코리아,238990,DDR4,3600,2026-05-22 11:57:25.202677,22.2
삼성전자 DDR4-2666 중고,240790,DDR4,2666,2026-05-22 11:57:25.202677,15.7
OSCOO DDR5-5600 CL46 아스크텍,251750,DDR5,5600,2026-05-22 11:57:25.202677,20.5
컴이지 킹덤 DDR5-5600 CL46,259380,DDR5,5600,2026-05-22 11:57:25.202677,20.5
이메이션 노트북 DDR5-5600 CL46,268920,DDR5,5600,2026-05-22 11:57:25.202677,20.5
삼성전자 노트북 DDR4-2666,277990,DDR4,2666,2026-05-22 11:57:25.202677,15.7
아이티젠 DDR4-3200,278990,DDR4,3200,2026-05-22 11:57:25.202677,18.9
킹스톤 FURY DDR5-5600 CL46 Beast 블랙 병행수입,279560,DDR5,5600,2026-05-22 11:57:25.202677,20.5
킹스톤 FURY DDR5-5600 CL40 Beast 블랙 병행수입,279760,DDR5,5600,2026-05-22 11:57:25.202677,19.0
V-Color DDR4-4000 CL19 PRISM PRO RGB SILVER 패키지,280000,DDR4,4000,2026-05-22 11:57:25.202677,17.5
킹스톤 FURY DDR5-5600 CL36 Beast 블랙 병행수입,280100,DDR5,5600,2026-05-22 11:57:25.202677,20.2
삼성전자 노트북 DDR5-4800 중고,281610,DDR5,4800,2026-05-22 11:57:25.202677,18.7
이메이션 DDR5-5600 CL46,283550,DDR5,5600,2026-05-22 11:57:25.202677,20.5
아이티젠 DDR5-5600,285500,DDR5,5600,2026-05-22 11:57:25.202677,20.5
PATRIOT DDR5-6000 CL30 SIGNATURE PREMIUM EVO 화이트,288680,DDR5,6000,2026-05-22 11:57:25.202677,21.1
PATRIOT DDR5-6000 CL30 SIGNATURE PREMIUM EVO 블랙,288790,DDR5,6000,2026-05-22 11:57:25.202677,21.1
ANACOMDA DDR5-5600 CL46 디앤디컴,288880,DDR5,5600,2026-05-22 11:57:25.202677,20.5
ESSENCORE KLEVV DDR5-5600 CL46 NEO 파인인포,289990,DDR5,5600,2026-05-22 11:57:25.202677,20.5
GUDGA DDR5-5600 CL46,290000,DDR5,5600,2026-05-22 11:57:25.202677,20.5
ESSENCORE KLEVV DDR5-5600 CL46 AMD 파인인포,290280,DDR5,5600,2026-05-22 11:57:25.202677,20.5
PATRIOT DDR5-5600 CL46 EVO,291830,DDR5,5600,2026-05-22 11:57:25.202677,20.5
킹스톤 FURY 노트북 DDR5-5600 CL40 병행수입,292690,DDR5,5600,2026-05-22 11:57:25.202677,19.0
Reletech DDR5-5600,293320,DDR5,5600,2026-05-22 11:57:25.202677,20.5
비트엠 Newsync DDR5 PC5-5600 CL46,293610,DDR5,5600,2026-05-22 11:57:25.202677,20.5
KingSpec 노트북 DDR5-5600 CL40,294590,DDR5,5600,2026-05-22 11:57:25.202677,19.0
SK하이닉스 DDR5-5600 병행수입,295140,DDR5,5600,2026-05-22 11:57:25.202677,20.5
삼성전자 DDR4-3200 중고,295340,DDR4,3200,2026-05-22 11:57:25.202677,18.9
PNY XLR8 DDR5-6200 CL42 MAKO,299000,DDR5,6200,2026-05-22 11:57:25.202677,18.1
PNY XLR8 DDR5-6000 CL36 MAKO,299000,DDR5,6000,2026-05-22 11:57:25.202677,20.1
옵티머스 DDR5-5600 아인스시스템,299700,DDR5,5600,2026-05-22 11:57:25.202677,20.5
타무즈 DDR5-5600 CL40 XMP,300410,DDR5,5600,2026-05-22 11:57:25.202677,19.0
삼성전자 DDR5-5600 중고,303480,DDR5,5600,2026-05-22 11:57:25.202677,20.5
GeIL DDR5-5600 CL46 PRISTINE V,303990,DDR5,5600,2026-05-22 11:57:25.202677,20.5
타무즈 DDR5-5600 CL46 S5,304490,DDR5,5600,2026-05-22 11:57:25.202677,20.5
SK하이닉스 노트북 DDR5-5600 중고,306090,DDR5,5600,2026-05-22 11:57:25.202677,20.5
FRIO DDR5-5600 CL46,312400,DDR5,5600,2026-05-22 11:57:25.202677,20.5
이메이션 DDR4-3200 CL22,312960,DDR4,3200,2026-05-22 11:57:25.202677,15.3
ADATA DDR5-5600 CL46 ARMAX 파인인포,313140,DDR5,5600,2026-05-22 11:57:25.202677,20.5
삼성전자 노트북 DDR4-2666 중고,314000,DDR4,2666,2026-05-22 11:57:25.202677,15.7
ADATA DDR5-5600 CL46 LANCER BLADE 화이트 서린,316890,DDR5,5600,2026-05-22 11:57:25.202677,20.5
삼성전자 노트북 DDR4-3200,319250,DDR4,3200,2026-05-22 11:57:25.202677,18.9
마이크론 Crucial DDR5-4800 CL40 패키지,320000,DDR5,4800,2026-05-22 11:57:25.202677,13.4
ADATA DDR5-5600 CL46 LANCER BLADE 블랙 서린,323100,DDR5,5600,2026-05-22 11:57:25.202677,20.5
ADATA DDR5-5600 CL46 ARMAX 서린,323160,DDR5,5600,2026-05-22 11:57:25.202677,20.5
GeIL DDR5-4800 CL40 PRISTINE V,324900,DDR5,4800,2026-05-22 11:57:25.202677,13.4
Apacer 노트북 DDR5-5600 CL46,325430,DDR5,5600,2026-05-22 11:57:25.202677,20.5
ADATA DDR5-5600 CL46 코잇,326410,DDR5,5600,2026-05-22 11:57:25.202677,20.5
ESSENCORE KLEVV DDR5-5600 CL30 FIT V 서린,328190,DDR5,5600,2026-05-22 11:57:25.202677,20.5
이메이션 DDR4-3200 CL22-22-22-52,332940,DDR4,3200,2026-05-22 11:57:25.202677,15.3
AGI 노트북 DDR5-5600 CL46 SD238 서린,333190,DDR5,5600,2026-05-22 11:57:25.202677,20.5
GeIL DDR5-5200 CL42 PRISTINE V,333740,DDR5,5200,2026-05-22 11:57:25.202677,19.0
GeIL 노트북 DDR5-5600 CL46,335200,DDR5,5600,2026-05-22 11:57:25.202677,20.5
ESSENCORE KLEVV DDR5-5600 CL30 FIT V WHITE 서린,337850,DDR5,5600,2026-05-22 11:57:25.202677,20.5
PATRIOT DDR5-6000 CL30 VIPER Elite 5,338430,DDR5,6000,2026-05-22 11:57:25.202677,21.1
PATRIOT DDR4-3200 CL22 SIGNATURE,338700,DDR4,3200,2026-05-22 11:57:25.202677,15.3
PATRIOT DDR5-6000 CL30 VIPER Elite 5 RGB,339740,DDR5,6000,2026-05-22 11:57:25.202677,21.1
CORSAIR DDR5-6000 CL36 VENGEANCE RGB,340000,DDR5,6000,2026-05-22 11:57:25.202677,20.1
PNY DDR5-5600 CL40 Performance,349000,DDR5,5600,2026-05-22 11:57:25.202677,19.0
ESSENCORE KLEVV DDR5-6400 CL52 CUDIMM 파인인포,352600,DDR5,6400,2026-05-22 11:57:25.202677,20.4
CORSAIR DDR4-3200 CL16 VENGEANCE RGB PRO SL BLACK 패키지,354750,DDR4,3200,2026-05-22 11:57:25.202677,19.0
삼성전자 DDR4-3200,357930,DDR4,3200,2026-05-22 11:57:25.202677,18.9
CORSAIR DDR5-5600 CL48 VENGEANCE SODIMM,358780,DDR5,5600,2026-05-22 11:57:25.202677,20.2
Terabyte Ramonster DDR5-4800,359000,DDR5,4800,2026-05-22 11:57:25.202677,18.7
마이크론 Crucial DDR4-3200 CL22 PRO 패키지 대원씨티에스,359390,DDR4,3200,2026-05-22 11:57:25.202677,15.3
CORSAIR 노트북 DDR5-5600 CL48 VENGEANCE,360000,DDR5,5600,2026-05-22 11:57:25.202677,20.2
마이크론 Crucial DDR5-6400 CL38 PRO Overclocking 대원씨티에스,360790,DDR5,6400,2026-05-22 11:57:25.202677,20.3
TeamGroup DDR5-5200 CL42 Elite 서린,363450,DDR5,5200,2026-05-22 11:57:25.202677,19.0
킹스톤 FURY DDR5-6000 CL30 Beast 블랙 코잇,365350,DDR5,6000,2026-05-22 11:57:25.202677,21.1
삼성전자 DDR4-2400 ECC/REG,368800,DDR4,2400,2026-05-22 11:57:25.202677,17.5
V-Color BLACK DDR5-5600 CL46 STANDARD 벌크,369000,DDR5,5600,2026-05-22 11:57:25.202677,20.5
ANACOMDA DDR5-5600 CL46 얼티메이크,370290,DDR5,5600,2026-05-22 11:57:25.202677,20.5
ESSENCORE KLEVV DDR5-6000 CL30 FIT V WHITE AMD 패키지 서린,373930,DDR5,6000,2026-05-22 11:57:25.202677,21.1
ESSENCORE KLEVV DDR5-6000 CL30 FIT V AMD 패키지 서린,373930,DDR5,6000,2026-05-22 11:57:25.202677,21.1
G.SKILL DDR5-6000 CL36 RIPJAWS S5 블랙,374000,DDR5,6000,2026-05-22 11:57:25.202677,20.1
CORSAIR DDR5-6000 CL36 VENGEANCE,374890,DDR5,6000,2026-05-22 11:57:25.202677,20.1
삼성전자 DDR5-6400 CL52 CUDIMM,378710,DDR5,6400,2026-05-22 11:57:25.202677,20.4
킹스톤 FURY DDR5-6000 CL30 Beast 화이트 코잇,379000,DDR5,6000,2026-05-22 11:57:25.202677,21.1
타무즈 DDR4-3200 CL22,382240,DDR4,3200,2026-05-22 11:57:25.202677,15.3
비즈텍 TREAVE 노트북 DDR4-3200 CL22,390310,DDR4,3200,2026-05-22 11:57:25.202677,15.3
비즈텍 TREAVE DDR4-3200 CL22,391490,DDR4,3200,2026-05-22 11:57:25.202677,15.3
AGI DDR4-3600 CL18 TURBOJET UD848 RGB BLACK 서린,395100,DDR4,3600,2026-05-22 11:57:25.202677,18.9
TeamGroup T-Force DDR4-3200 CL16 Delta RGB 화이트 패키지 서린,397120,DDR4,3200,2026-05-22 11:57:25.202677,18.9
삼성전자 DDR5-7200 CL58 CUDIMM,397330,DDR5,7200,2026-05-22 11:57:25.202677,26.0
TeamGroup DDR4-3200 Elite 서린,398990,DDR4,3200,2026-05-22 11:57:25.202677,18.9
TeamGroup T-Force DDR4-3600 CL18 Delta RGB 패키지,401210,DDR4,3600,2026-05-22 11:57:25.202677,18.0
마이크론 Crucial 노트북 DDR4-3200 CL22,409450,DDR4,3200,2026-05-22 11:57:25.202677,15.3
ESSENCORE KLEVV DDR4-3200 CL22 파인인포,411320,DDR4,3200,2026-05-22 11:57:25.202677,15.3
ESSENCORE KLEVV 노트북 DDR4-3200 CL22 파인인포,411500,DDR4,3200,2026-05-22 11:57:25.202677,15.3
TeamGroup T-Force DDR4-3600 CL18 XTREEM ARGB 화이트 패키지 서린,413400,DDR4,3600,2026-05-22 11:57:25.202677,18.0
트랜센드 노트북 DDR4-3200 CL22,416050,DDR4,3200,2026-05-22 11:57:25.202677,15.3
ADATA DDR4-3200 CL22 파인인포,416940,DDR4,3200,2026-05-22 11:57:25.202677,15.3
트랜센드 DDR4-3200 CL22,419980,DDR4,3200,2026-05-22 11:57:25.202677,15.3
마이크론 Crucial DDR4-3200 CL22,422390,DDR4,3200,2026-05-22 11:57:25.202677,15.3
G.SKILL DDR4-3200 CL16 TRIDENT Z ROYAL 실버 패키지,423600,DDR4,3200,2026-05-22 11:57:25.202677,18.9
OLOy DDR4-3600 CL18 BLADE RGB Black 패키지,425990,DDR4,3600,2026-05-22 11:57:25.202677,18.9
킹스톤 FURY DDR5-5200 CL40 Beast,426870,DDR5,5200,2026-05-22 11:57:25.202677,19.1
ADATA DDR5-6000 CL36 LANCER BLADE 화이트 파인인포,428620,DDR5,6000,2026-05-22 11:57:25.202677,20.1
TeamGroup T-CREATE DDR4-3600 CL18 EXPERT OC10L 패키지 서린,429000,DDR4,3600,2026-05-22 11:57:25.202677,18.0
TeamGroup T-Force DDR4-3200 CL16 Delta RGB 패키지,430538,DDR4,3200,2026-05-22 11:57:25.202677,18.9
TeamGroup T-Force DDR4-3200 CL16-20-20 Delta RGB 패키지 서린,433660,DDR4,3200,2026-05-22 11:57:25.202677,20.2
TeamGroup T-Force DDR4-3200 CL16-20-20 Delta RGB 화이트 패키지 서린,433660,DDR4,3200,2026-05-22 11:57:25.202677,20.2
G.SKILL DDR4-3600 CL16 TRIDENT Z ROYAL C 실버 패키지,435000,DDR4,3600,2026-05-22 11:57:25.202677,20.1
G.SKILL DDR4-3600 CL16 TRIDENT Z ROYAL C 골드 패키지,435000,DDR4,3600,2026-05-22 11:57:25.202677,20.1
타무즈 노트북 DDR4-3200 CL22,441130,DDR4,3200,2026-05-22 11:57:25.202677,15.3
TeamGroup T-Force DDR4-3600 CL18 Delta RGB 패키지 서린,444990,DDR4,3600,2026-05-22 11:57:25.202677,18.0
G.SKILL DDR4-3600 CL18 TRIDENT Z ROYAL 실버 패키지,446900,DDR4,3600,2026-05-22 11:57:25.202677,18.0
ADATA DDR5-6000 CL36 LANCER BLADE 블랙 파인인포,449000,DDR5,6000,2026-05-22 11:57:25.202677,20.1
G.SKILL DDR5-6400 CL32 TRIDENT Z5 RGB 화이트 패키지,453200,DDR5,6400,2026-05-22 11:57:25.202677,20.3
G.SKILL DDR4-3200 CL16 TRIDENT ZKW 패키지,458780,DDR4,3200,2026-05-22 11:57:25.202677,18.9
PATRIOT DDR5-4800 CL40 SIGNATURE,461290,DDR5,4800,2026-05-22 11:57:25.202677,13.4
PATRIOT DDR5-5200 CL42 SIGNATURE,465660,DDR5,5200,2026-05-22 11:57:25.202677,19.0
G.SKILL DDR4-3200 CL16 TRIDENT Z 패키지,468000,DDR4,3200,2026-05-22 11:57:25.202677,18.9
G.SKILL DDR4-3200 CL16 TRIDENT Z RGB 패키지,474990,DDR4,3200,2026-05-22 11:57:25.202677,18.9
G.SKILL DDR4-3600 CL18 TRIDENT Z RGB 패키지,478990,DDR4,3600,2026-05-22 11:57:25.202677,18.0
TeamGroup DDR5-4800 CL40 Elite Plus 실버 서린,495900,DDR5,4800,2026-05-22 11:57:25.202677,13.4
ADATA 노트북 DDR5-5600 CL46 코잇,500000,DDR5,5600,2026-05-22 11:57:25.202677,20.5
BIWIN DDR5-4800 CL40,500220,DDR5,4800,2026-05-22 11:57:25.202677,13.4
DLI DDR5-5600 CL46,501720,DDR5,5600,2026-05-22 11:57:25.202677,20.5
AGI DDR5-5600 CL46 UD238 서린,503780,DDR5,5600,2026-05-22 11:57:25.202677,20.5
G.SKILL DDR4-3600 CL16 TRIDENT Z NEO C 패키지,507990,DDR4,3600,2026-05-22 11:57:25.202677,20.1
삼성전자 DDR4-2666 ECC/REG,519800,DDR4,2666,2026-05-22 11:57:25.202677,15.7
ADATA DDR5-5600 CL46-45-45 파인인포,524170,DDR5,5600,2026-05-22 11:57:25.202677,20.5
PATRIOT DDR5-5600 CL46 SIGNATURE,525590,DDR5,5600,2026-05-22 11:57:25.202677,20.5
삼성전자 DDR5-4800 병행수입,528840,DDR5,4800,2026-05-22 11:57:25.202677,18.7
비즈텍 TREAVE DDR5-5600 CL46,530450,DDR5,5600,2026-05-22 11:57:25.202677,20.5
마이크론 Crucial 노트북 DDR5-5600 CL46,533410,DDR5,5600,2026-05-22 11:57:25.202677,20.5
PATRIOT DDR5-6400 CL52 SIGNATURE CUDIMM,534580,DDR5,6400,2026-05-22 11:57:25.202677,20.4
마이크론 Crucial 노트북 DDR5-5600 CL46 대원씨티에스,534790,DDR5,5600,2026-05-22 11:57:25.202677,20.5
TeamGroup T-CREATE 노트북 DDR5-5600 CL46-45-45 CLASSIC 서린,535000,DDR5,5600,2026-05-22 11:57:25.202677,20.5
SK하이닉스 노트북 DDR5-5600,539000,DDR5,5600,2026-05-22 11:57:25.202677,20.5
커널앤코어 DDR5-5600 CL46,545000,DDR5,5600,2026-05-22 11:57:25.202677,20.5
PATRIOT 노트북 DDR5-5600 CL46 SIGNATURE,547460,DDR5,5600,2026-05-22 11:57:25.202677,20.5
삼성전자 DDR5-4800,549500,DDR5,4800,2026-05-22 11:57:25.202677,18.7
PATRIOT 노트북 DDR5-6400 CL52 SIGNATURE,549830,DDR5,6400,2026-05-22 11:57:25.202677,20.4
PATRIOT DDR5-5600 CL36 VIPER VENOM 패키지,551500,DDR5,5600,2026-05-22 11:57:25.202677,20.2
타무즈 DDR5-5600 CL46,552440,DDR5,5600,2026-05-22 11:57:25.202677,20.5
ADATA DDR5-5600 CL46 LANCER BLADE 블랙 파인인포,553740,DDR5,5600,2026-05-22 11:57:25.202677,20.5
ADATA DDR5-5600 CL46 LANCER BLADE 화이트 파인인포,553750,DDR5,5600,2026-05-22 11:57:25.202677,20.5
ESSENCORE KLEVV DDR5-6400 CL30 FIT V WHITE 패키지 서린,555560,DDR5,6400,2026-05-22 11:57:25.202677,20.4
타무즈 노트북 DDR5-5600 CL46,563260,DDR5,5600,2026-05-22 11:57:25.202677,20.5
비즈텍 TREAVE 노트북 DDR5-5600 CL46,564050,DDR5,5600,2026-05-22 11:57:25.202677,20.5
삼성전자 노트북 DDR5-4800,565000,DDR5,4800,2026-05-22 11:57:25.202677,18.7
삼성전자 노트북 DDR5-4800 병행수입,565000,DDR5,4800,2026-05-22 11:57:25.202677,18.7
이메이션 노트북 DDR5-5600 CL46-46-46,565890,DDR5,5600,2026-05-22 11:57:25.202677,20.5
삼성전자 노트북 DDR5-5600,571820,DDR5,5600,2026-05-22 11:57:25.202677,20.5
ADATA DDR5-5600 CL46-45-45 코잇,572120,DDR5,5600,2026-05-22 11:57:25.202677,20.5
TeamGroup DDR5-4800 CL40 Elite 서린,572500,DDR5,4800,2026-05-22 11:57:25.202677,13.4
ESSENCORE KLEVV 노트북 DDR5-5600 CL46 파인인포,589000,DDR5,5600,2026-05-22 11:57:25.202677,20.5
써멀테이크 DDR5-5600 CL36 TOUGHRAM RC 패키지,590000,DDR5,5600,2026-05-22 11:57:25.202677,20.2
ESSENCORE KLEVV DDR5-5600 CL46 파인인포,596300,DDR5,5600,2026-05-22 11:57:25.202677,20.5
ADATA 노트북 DDR5-5600 CL46 파인인포,597640,DDR5,5600,2026-05-22 11:57:25.202677,20.5
킹스톤 DDR5-5600 CL46 코잇,599000,DDR5,5600,2026-05-22 11:57:25.202677,20.5
PATRIOT DDR5-6000 CL30 VIPER VENOM 패키지,600000,DDR5,6000,2026-05-22 11:57:25.202677,21.1
비즈텍 TREAVE DDR5-5600 CL46 ARGB 블랙,608340,DDR5,5600,2026-05-22 11:57:25.202677,20.5
ANACOMDA DDR5-6000 CL40 ET RGB Black 패키지 디앤디컴,611890,DDR5,6000,2026-05-22 11:57:25.202677,21.7
마이크론 Crucial DDR5-6000 CL36 PRO Overclocking 패키지 대원씨티에스,612330,DDR5,6000,2026-05-22 11:57:25.202677,20.1
ADATA DDR5-5600 CL46-45-45 서린,614990,DDR5,5600,2026-05-22 11:57:25.202677,20.5
TeamGroup DDR5-6000 CL48 Elite 서린,615000,DDR5,6000,2026-05-22 11:57:25.202677,21.1
OLOy DDR5-6000 CL36 BLADE BLACK 패키지 올로코리아,616980,DDR5,6000,2026-05-22 11:57:25.202677,20.1
킹스톤 FURY DDR5-5600 CL36 Beast 블랙 코잇,619000,DDR5,5600,2026-05-22 11:57:25.202677,20.2
G.SKILL DDR5-5600 CL36 AEGIS 5,619000,DDR5,5600,2026-05-22 11:57:25.202677,20.2
킹스톤 FURY DDR5-5600 CL36 Beast 화이트 코잇,619000,DDR5,5600,2026-05-22 11:57:25.202677,20.2
트랜센드 DDR5-5600 CL46 Jetram,623360,DDR5,5600,2026-05-22 11:57:25.202677,20.5
트랜센드 노트북 DDR5-5600 CL46,623920,DDR5,5600,2026-05-22 11:57:25.202677,20.5
ADATA 노트북 DDR5-5600 CL46 서린,624870,DDR5,5600,2026-05-22 11:57:25.202677,20.5
OLOy DDR5-5600 CL36 BLADE RGB MIRROR 패키지 올로코리아,628000,DDR5,5600,2026-05-22 11:57:25.202677,20.2
AGI DDR5-5600 CL46 UD238 HEATSINK 서린,628200,DDR5,5600,2026-05-22 11:57:25.202677,20.5
G.SKILL DDR5-6000 CL36 AEGIS 5,629000,DDR5,6000,2026-05-22 11:57:25.202677,20.1
Apacer DDR5-5600 CL46,630000,DDR5,5600,2026-05-22 11:57:25.202677,20.5
Apacer DDR5-5200 CL40 NOX RGB SILVER 패키지,634980,DDR5,5200,2026-05-22 11:57:25.202677,19.1
Apacer DDR5-6000 CL38 NOX WHITE 패키지,639000,DDR5,6000,2026-05-22 11:57:25.202677,21.1
GeIL DDR5-6000 CL36 ORION V RGB 패키지,639990,DDR5,6000,2026-05-22 11:57:25.202677,20.1
GeIL DDR5-5600 CL38 ORION V RGB 패키지,640000,DDR5,5600,2026-05-22 11:57:25.202677,20.5
AGI DDR5-6000 CL30 TURBOJET UD858 RGB 블랙 패키지 서린,643720,DDR5,6000,2026-05-22 11:57:25.202677,21.1
AGI DDR5-6000 CL30 TURBOJET UD858 RGB 화이트 패키지 서린,643720,DDR5,6000,2026-05-22 11:57:25.202677,21.1
AGI DDR5-6000 CL30 TURBOJET UD858 RGB 블루그린 패키지 서린,645860,DDR5,6000,2026-05-22 11:57:25.202677,21.1
V-Color Manta XSKY DDR5-6000 CL30 RGB EXPO 패키지,645980,DDR5,6000,2026-05-22 11:57:25.202677,21.1
ADATA DDR5-6000 CL36 LANCER BLADE 화이트 패키지 서린,648150,DDR5,6000,2026-05-22 11:57:25.202677,20.1
PNY XLR8 DDR5-6000 CL38 MAKO RGB 패키지 제이씨현,649000,DDR5,6000,2026-05-22 11:57:25.202677,21.1
GeIL DDR5-5600 CL38 ORION V RGB White 패키지,650000,DDR5,5600,2026-05-22 11:57:25.202677,20.5
GeIL DDR5-6000 CL38 POLARIS RGB Gray 패키지,652770,DDR5,6000,2026-05-22 11:57:25.202677,21.1
GeIL DDR5-6000 CL38 POLARIS RGB White 패키지,652770,DDR5,6000,2026-05-22 11:57:25.202677,21.1
마이크론 Crucial DDR5-6400 CL52 CUDIMM 패키지 대원씨티에스,656570,DDR5,6400,2026-05-22 11:57:25.202677,20.4
GeIL DDR5-6000 CL36 ORION V RGB WHITE 패키지,658940,DDR5,6000,2026-05-22 11:57:25.202677,20.1
ADATA DDR5-6000 CL36 LANCER BLADE 블랙 패키지 서린,659990,DDR5,6000,2026-05-22 11:57:25.202677,20.1
마이크론 Crucial DDR5-6400 CL38 PRO Overclocking 패키지 대원씨티에스,666110,DDR5,6400,2026-05-22 11:57:25.202677,20.3
ADATA DDR5-6000 CL36 LANCER BLADE 화이트 패키지 파인인포,666400,DDR5,6000,2026-05-22 11:57:25.202677,20.1
ADATA DDR5-6000 CL36 LANCER BLADE 블랙 패키지 파인인포,666400,DDR5,6000,2026-05-22 11:57:25.202677,20.1
OLOy DDR5-6000 CL32 BLADE Black 패키지 올로코리아,669160,DDR5,6000,2026-05-22 11:57:25.202677,21.7
GeIL DDR5-6400 CL38 POLARIS RGB Gray 패키지,670000,DDR5,6400,2026-05-22 11:57:25.202677,20.3
GeIL DDR5-5600 CL38 POLARIS RGB Gray 패키지,670000,DDR5,5600,2026-05-22 11:57:25.202677,20.5
OLOy DDR5-6800 CL32 BLADE BLACK 패키지 올로코리아,673980,DDR5,6800,2026-05-22 11:57:25.202677,19.1
ESSENCORE KLEVV DDR5-6000 CL30 FIT V WHITE 패키지 서린,675500,DDR5,6000,2026-05-22 11:57:25.202677,21.1
ESSENCORE KLEVV DDR5-6000 CL30 FIT V 패키지 서린,675900,DDR5,6000,2026-05-22 11:57:25.202677,21.1
OLOy DDR5-6000 CL32 BLADE RGB MIRROR 패키지 올로코리아,675970,DDR5,6000,2026-05-22 11:57:25.202677,21.7
마이크론 Crucial DDR5-6400 CL32 PRO Overclocking White 패키지 아스크텍,676170,DDR5,6400,2026-05-22 11:57:25.202677,20.3
마이크론 Crucial DDR5-6400 CL32 PRO Overclocking 패키지 아스크텍,676300,DDR5,6400,2026-05-22 11:57:25.202677,20.3
G.SKILL 노트북 DDR5-4800 CL40 RIPJAWS,678980,DDR5,4800,2026-05-22 11:57:25.202677,13.4
Apacer DDR5-6000 CL38 NOX RGB BLACK 패키지,678980,DDR5,6000,2026-05-22 11:57:25.202677,21.1
ESSENCORE KLEVV DDR5-6000 CL30 BOLT V AMD 패키지 서린,679900,DDR5,6000,2026-05-22 11:57:25.202677,21.1
TeamGroup DDR5-5600 CL46 Elite 서린,680000,DDR5,5600,2026-05-22 11:57:25.202677,20.5
OLOy DDR5-5600 CL40 BLADE RGB BLACK 패키지 올로코리아,680170,DDR5,5600,2026-05-22 11:57:25.202677,19.0
PATRIOT DDR5-6000 CL42 VIPER Elite 5 RGB,681570,DDR5,6000,2026-05-22 11:57:25.202677,21.1
TeamGroup DDR5-5600 CL46 Elite Plus 블랙,682000,DDR5,5600,2026-05-22 11:57:25.202677,20.5
TeamGroup DDR5-5600 CL46 Elite,682500,DDR5,5600,2026-05-22 11:57:25.202677,20.5
CORSAIR DDR4-2666 CL16 VENGEANCE PRO RGB BLACK 패키지,683000,DDR4,2666,2026-05-22 11:57:25.202677,13.8
삼성전자 DDR5-5600,687130,DDR5,5600,2026-05-22 11:57:25.202677,20.5
GeIL DDR5-6000 CL38 GEMINI RGB White 패키지,688860,DDR5,6000,2026-05-22 11:57:25.202677,21.1
마이크론 Crucial DDR5-6400 CL38 PRO Overclocking 패키지 아스크텍,689430,DDR5,6400,2026-05-22 11:57:25.202677,20.3
GeIL DDR5-6000 CL38 ORION V RGB White 패키지,689830,DDR5,6000,2026-05-22 11:57:25.202677,21.1
TeamGroup DDR5-6400 CL52 Elite 서린,689980,DDR5,6400,2026-05-22 11:57:25.202677,20.4
PATRIOT DDR5-6000 CL36 VIPER VENOM 패키지,690000,DDR5,6000,2026-05-22 11:57:25.202677,20.1
써멀테이크 DDR5-6400 CL32 TOUGHRAM RGB 블랙 패키지,690000,DDR5,6400,2026-05-22 11:57:25.202677,20.3
마이크론 Crucial DDR5-6400 CL32 PRO Overclocking 패키지 대원씨티에스,690120,DDR5,6400,2026-05-22 11:57:25.202677,20.3
GeIL DDR5-6000 CL30 GEMINI RGB Gray 패키지,692500,DDR5,6000,2026-05-22 11:57:25.202677,21.1
OLOy DDR5-5200 CL36 BLADE RGB BLACK 패키지 올로코리아,693000,DDR5,5200,2026-05-22 11:57:25.202677,19.0
TeamGroup T-Force DDR5-5600 CL36 Delta RGB 패키지,693780,DDR5,5600,2026-05-22 11:57:25.202677,20.2
BIWIN DDR5-5600 CL46,694180,DDR5,5600,2026-05-22 11:57:25.202677,20.5
TeamGroup T-Force DDR5-5600 CL36 Delta RGB 화이트 패키지,694230,DDR5,5600,2026-05-22 11:57:25.202677,20.2
ADATA DDR5-6000 CL36 LANCER BLADE RGB 블랙 패키지 파인인포,695100,DDR5,6000,2026-05-22 11:57:25.202677,20.1
ADATA DDR5-6000 CL36 LANCER BLADE RGB 화이트 패키지 파인인포,695100,DDR5,6000,2026-05-22 11:57:25.202677,20.1
TeamGroup DDR5-5600 CL46 Elite Plus 블랙 서린,695610,DDR5,5600,2026-05-22 11:57:25.202677,20.5
PATRIOT DDR5-5600 CL36 VIPER Elite 5 RGB,696380,DDR5,5600,2026-05-22 11:57:25.202677,20.2
TeamGroup T-Force DDR5-8000 CL38 Delta RGB 화이트 패키지,696970,DDR5,8000,2026-05-22 11:57:25.202677,20.3
PATRIOT DDR5-6200 CL40 VIPER VENOM 패키지,697190,DDR5,6200,2026-05-22 11:57:25.202677,20.9
마이크론 Crucial DDR5-6400 CL32 PRO Overclocking White 패키지 대원씨티에스,698610,DDR5,6400,2026-05-22 11:57:25.202677,20.3
AGI DDR5-6000 CL36 TURBOJET UD858 RGB 화이트 패키지 서린,698900,DDR5,6000,2026-05-22 11:57:25.202677,20.1
AGI DDR5-6000 CL36 TURBOJET UD858 RGB 블랙 패키지 서린,698900,DDR5,6000,2026-05-22 11:57:25.202677,20.1
마이크론 Crucial DDR5-6400 CL38 PRO Overclocking White 패키지 대원씨티에스,700500,DDR5,6400,2026-05-22 11:57:25.202677,20.3
ADATA DDR5-6000 CL30 LANCER BLADE 블랙 패키지 파인인포,701650,DDR5,6000,2026-05-22 11:57:25.202677,21.1
ADATA DDR5-6000 CL30 LANCER BLADE 화이트 패키지 파인인포,701730,DDR5,6000,2026-05-22 11:57:25.202677,21.1
TeamGroup T-CREATE DDR5-6000 CL30 EXPERT 패키지 서린,705000,DDR5,6000,2026-05-22 11:57:25.202677,21.1
PATRIOT DDR5-6400 CL32 VIPER Elite 5 패키지,705500,DDR5,6400,2026-05-22 11:57:25.202677,20.3
ADATA DDR5-6000 CL30 ARMAX 패키지 파인인포,706230,DDR5,6000,2026-05-22 11:57:25.202677,15.8
PATRIOT DDR5-6000 CL36 VIPER VENOM RGB 패키지,706280,DDR5,6000,2026-05-22 11:57:25.202677,20.1
ADATA DDR5-6000 CL30 ARMAX RGB 패키지 파인인포,706460,DDR5,6000,2026-05-22 11:57:25.202677,15.8
마이크론 Crucial DDR5-6400 CL40 PRO OC Gaming Edition 대원씨티에스,706530,DDR5,6400,2026-05-22 11:57:25.202677,17.5
PATRIOT DDR5-6000 CL30 VIPER Elite 5 RGB 패키지,706690,DDR5,6000,2026-05-22 11:57:25.202677,21.1
PATRIOT DDR5-6000 CL30 VIPER VENOM RGB 패키지,707500,DDR5,6000,2026-05-22 11:57:25.202677,21.1
마이크론 Crucial DDR5-6400 CL40 PRO OC Gaming Edition White 대원씨티에스,708320,DDR5,6400,2026-05-22 11:57:25.202677,17.5
SK하이닉스 DDR5-5600,708390,DDR5,5600,2026-05-22 11:57:25.202677,20.5
PATRIOT DDR5-6200 CL40 VIPER VENOM RGB 패키지,717200,DDR5,6200,2026-05-22 11:57:25.202677,20.9
ADATA DDR5-6000 CL34 LANCER BLADE 블랙 패키지 서린,719930,DDR5,6000,2026-05-22 11:57:25.202677,21.1
PATRIOT DDR5-6400 CL32 VIPER VENOM RGB 패키지,720380,DDR5,6400,2026-05-22 11:57:25.202677,20.3
ADATA DDR5-6000 CL30 LANCER RGB 블랙 패키지 파인인포,721290,DDR5,6000,2026-05-22 11:57:25.202677,21.1
ADATA DDR5-6000 CL30 ARMAX RGB 패키지 서린,726100,DDR5,6000,2026-05-22 11:57:25.202677,15.8
ADATA DDR5-6000 CL34 LANCER BLADE 블랙 패키지 파인인포,728000,DDR5,6000,2026-05-22 11:57:25.202677,21.1
ADATA DDR5-6000 CL34 LANCER BLADE RGB 블랙 패키지 서린,729490,DDR5,6000,2026-05-22 11:57:25.202677,21.1
ADATA DDR5-6000 CL36 LANCER BLADE RGB 블랙 패키지 서린,729980,DDR5,6000,2026-05-22 11:57:25.202677,20.1
TeamGroup T-CREATE DDR5-6400 CL32 EXPERT 화이트 패키지 서린,730000,DDR5,6400,2026-05-22 11:57:25.202677,20.3
ADATA DDR5-6000 CL36 LANCER BLADE RGB 화이트 패키지 서린,730000,DDR5,6000,2026-05-22 11:57:25.202677,20.1
CORSAIR DDR5-6000 CL36 VENGEANCE WHITE 패키지,738000,DDR5,6000,2026-05-22 11:57:25.202677,20.1
ESSENCORE KLEVV DDR5-6000 CL30 URBANE V RGB 블랙 패키지 서린,738460,DDR5,6000,2026-05-22 11:57:25.202677,21.1
TeamGroup T-CREATE DDR5-6000 CL30 EXPERT 화이트 패키지 서린,738980,DDR5,6000,2026-05-22 11:57:25.202677,21.1
TeamGroup T-Force DDR5-6400 CL40 Delta RGB 패키지 서린,740000,DDR5,6400,2026-05-22 11:57:25.202677,20.4
TeamGroup T-Force DDR5-6000 CL30 Delta RGB 화이트 패키지,744990,DDR5,6000,2026-05-22 11:57:25.202677,21.1
ADATA DDR5-6000 CL30 LANCER BLADE RGB 화이트 패키지 코잇,747500,DDR5,6000,2026-05-22 11:57:25.202677,21.1
트랜센드 DDR5-6400 CL52 CUDIMM,748910,DDR5,6400,2026-05-22 11:57:25.202677,20.4
G.SKILL DDR5-6000 CL36 TRIDENT Z5 RGB 화이트 패키지,749000,DDR5,6000,2026-05-22 11:57:25.202677,20.1
G.SKILL DDR5-6000 CL36 TRIDENT Z5 RGB J 패키지,749000,DDR5,6000,2026-05-22 11:57:25.202677,20.1
ESSENCORE KLEVV DDR5-6000 CL28 BOLT V WHITE 패키지 서린,749300,DDR5,6000,2026-05-22 11:57:25.202677,21.1
CORSAIR DDR5-6000 CL36 VENGEANCE 패키지,749580,DDR5,6000,2026-05-22 11:57:25.202677,20.1
BIWIN DDR5-6000 CL28 HX100 블랙 패키지,750000,DDR5,6000,2026-05-22 11:57:25.202677,21.1
BIWIN DDR5-6000 CL28 HX100 실버 패키지,750000,DDR5,6000,2026-05-22 11:57:25.202677,21.1
TeamGroup T-CREATE DDR5-6000 CL48 CLASSIC 패키지 서린,752990,DDR5,6000,2026-05-22 11:57:25.202677,21.1
TeamGroup T-Force DDR5-6000 CL30 Delta RGB 패키지,754700,DDR5,6000,2026-05-22 11:57:25.202677,21.1
ESSENCORE KLEVV DDR5-6400 CL32 URBANE V RGB 패키지 서린,757500,DDR5,6400,2026-05-22 11:57:25.202677,20.3
ESSENCORE KLEVV DDR5-6000 CL28 BOLT V 패키지 서린,757600,DDR5,6000,2026-05-22 11:57:25.202677,21.1
CORSAIR DDR5-6000 CL36 VENGEANCE RGB RS 패키지,758280,DDR5,6000,2026-05-22 11:57:25.202677,20.1
G.SKILL DDR5-6000 CL36 FLARE X5 J 패키지,759000,DDR5,6000,2026-05-22 11:57:25.202677,20.1
CORSAIR DDR5-6000 CL36 VENGEANCE RGB BLACK 패키지,767370,DDR5,6000,2026-05-22 11:57:25.202677,20.1
TeamGroup T-Force DDR5-7200 CL34 Delta RGB 패키지,768000,DDR5,7200,2026-05-22 11:57:25.202677,16.7
ADATA DDR5-6000 CL30 LANCER RGB 블랙 패키지 서린,769840,DDR5,6000,2026-05-22 11:57:25.202677,21.1
TeamGroup T-Force DDR5-7200 CL34 Delta RGB 화이트 패키지,769990,DDR5,7200,2026-05-22 11:57:25.202677,16.7
G.SKILL DDR4-3600 CL18 TRIDENT Z NEO 패키지,770000,DDR4,3600,2026-05-22 11:57:25.202677,18.0
ADATA DDR5-6000 CL30 LANCER RGB 화이트 패키지 서린,770000,DDR5,6000,2026-05-22 11:57:25.202677,21.1
ESSENCORE KLEVV DDR5-6000 CL28 URBANE V RGB 화이트 패키지 서린,779900,DDR5,6000,2026-05-22 11:57:25.202677,21.1
AGI DDR5-6000 CL30 TURBOJET UD858 블랙 패키지 서린,780040,DDR5,6000,2026-05-22 11:57:25.202677,21.1
ESSENCORE KLEVV DDR5-6000 CL28 URBANE V RGB 블랙 패키지 서린,780100,DDR5,6000,2026-05-22 11:57:25.202677,21.1
G.SKILL DDR5-6000 CL36 TRIDENT Z5 NEO J 패키지,785390,DDR5,6000,2026-05-22 11:57:25.202677,20.1
ESSENCORE KLEVV DDR5-7200 CL34 CRAS V RGB 패키지 서린,788850,DDR5,7200,2026-05-22 11:57:25.202677,16.7
G.SKILL DDR5-6000 CL28 RIPJAWS M5 NEO RGB 화이트 패키지,789000,DDR5,6000,2026-05-22 11:57:25.202677,21.6
ADATA DDR5-5200 CL38 LANCER 블랙 패키지,790000,DDR5,5200,2026-05-22 11:57:25.202677,16.7
ESSENCORE KLEVV DDR5-6000 CL28 CRAS V RGB 패키지 서린,790100,DDR5,6000,2026-05-22 11:57:25.202677,21.1
ESSENCORE KLEVV DDR5-6000 CL28 CRAS V RGB WHITE 패키지 서린,794800,DDR5,6000,2026-05-22 11:57:25.202677,21.1
PATRIOT DDR5-6000 CL28 VIPER Elite 5 ULTRA 패키지,796400,DDR5,6000,2026-05-22 11:57:25.202677,21.1
TeamGroup T-CREATE DDR5-7200 CL34 EXPERT 화이트 패키지 서린,799990,DDR5,7200,2026-05-22 11:57:25.202677,16.7
PATRIOT DDR5-6000 CL28 VIPER Elite 5 ULTRA RGB 패키지,811580,DDR5,6000,2026-05-22 11:57:25.202677,21.1
TeamGroup T-Force DDR5-7200 CL34 XTREEM ARGB 화이트 패키지 서린,812450,DDR5,7200,2026-05-22 11:57:25.202677,16.7
G.SKILL DDR5-6000 CL36 RIPJAWS M5 RGB 블랙 패키지,819000,DDR5,6000,2026-05-22 11:57:25.202677,20.1
TeamGroup T-Force DDR5-7200 CL34 XTREEM 핑크 패키지 서린,830760,DDR5,7200,2026-05-22 11:57:25.202677,16.7
ESSENCORE KLEVV DDR5-6400 CL32 CRAS V RGB AMD 패키지 서린,830820,DDR5,6400,2026-05-22 11:57:25.202677,20.3
G.SKILL DDR5-6000 CL36 TRIDENT Z5 J 실버 패키지,836860,DDR5,6000,2026-05-22 11:57:25.202677,20.1
G.SKILL DDR5-6000 CL36 TRIDENT Z5 J 패키지,837000,DDR5,6000,2026-05-22 11:57:25.202677,20.1
PATRIOT DDR5-8000 CL38 VIPER Xtreme5 RGB 패키지,846500,DDR5,8000,2026-05-22 11:57:25.202677,20.3
써멀테이크 DDR5-6400 CL34 TOUGHRAM RGB 블랙 패키지,847200,DDR5,6400,2026-05-22 11:57:25.202677,20.4
PATRIOT DDR5-6600 CL34 VIPER VENOM 패키지,847600,DDR5,6600,2026-05-22 11:57:25.202677,16.7
G.SKILL DDR5-6000 CL36 RIPJAWS M5 RGB 화이트 패키지,848890,DDR5,6000,2026-05-22 11:57:25.202677,20.1
BIWIN DDR5-6000 CL28 DW100 RGB 블랙 패키지,850000,DDR5,6000,2026-05-22 11:57:25.202677,21.1
BIWIN DDR5-6000 CL28 DW100 RGB 화이트 패키지,850000,DDR5,6000,2026-05-22 11:57:25.202677,21.1
ESSENCORE KLEVV DDR5-6000 CL30 CRAS V RGB WHITE AMD 패키지 서린,851160,DDR5,6000,2026-05-22 11:57:25.202677,21.1
G.SKILL DDR5-6000 CL32 FLARE X5 J 패키지,855060,DDR5,6000,2026-05-22 11:57:25.202677,21.9
PATRIOT DDR5-6800 CL34 VIPER VENOM 패키지,856300,DDR5,6800,2026-05-22 11:57:25.202677,16.7
트랜센드 DDR5-5600 CL46 ECC/REG,857360,DDR5,5600,2026-05-22 11:57:25.202677,20.5
TeamGroup T-Force DDR5-6000 CL30 XTREEM ARGB 패키지 서린,858980,DDR5,6000,2026-05-22 11:57:25.202677,21.1
G.SKILL DDR5-6000 CL28 TRIDENT Z5 NEO RGB J 화이트 패키지,859000,DDR5,6000,2026-05-22 11:57:25.202677,21.6
G.SKILL DDR5-6000 CL36 TRIDENT Z5 RGB 패키지,859000,DDR5,6000,2026-05-22 11:57:25.202677,20.1
G.SKILL DDR5-6000 CL30 TRIDENT Z5 J 실버 패키지,865000,DDR5,6000,2026-05-22 11:57:25.202677,21.6
PATRIOT DDR5-6600 CL34 VIPER VENOM RGB 패키지,866380,DDR5,6600,2026-05-22 11:57:25.202677,16.7
PATRIOT DDR5-6600 CL36 VIPER Elite 5 RGB 패키지,867200,DDR5,6600,2026-05-22 11:57:25.202677,20.2
TeamGroup T-Force DDR5-6400 CL32 XTREEM ARGB 패키지 서린,870000,DDR5,6400,2026-05-22 11:57:25.202677,20.3
OLOy DDR5-7600 CL36 BLADE RGB MIRROR 패키지 올로코리아,872490,DDR5,7600,2026-05-22 11:57:25.202677,20.2
ESSENCORE KLEVV DDR5-6400 CL30 BOLT V 패키지 서린,877800,DDR5,6400,2026-05-22 11:57:25.202677,20.4
ESSENCORE KLEVV DDR5-6400 CL30 BOLT V WHITE 패키지 서린,877900,DDR5,6400,2026-05-22 11:57:25.202677,20.4
TeamGroup T-Force DDR5-8400 CL42 XTREEM CKD 패키지 서린,880200,DDR5,8400,2026-05-22 11:57:25.202677,15.0
PATRIOT DDR5-6800 CL34 VIPER VENOM RGB 패키지,883320,DDR5,6800,2026-05-22 11:57:25.202677,16.7
TeamGroup T-Force DDR4-3600 CL18 Delta RGB 화이트 패키지 서린,890950,DDR4,3600,2026-05-22 11:57:25.202677,18.0
CORSAIR DDR5-6000 CL30 VENGEANCE RGB DP WHITE 패키지,891560,DDR5,6000,2026-05-22 11:57:25.202677,21.7
G.SKILL DDR5-6800 CL34 TRIDENT Z5 RGB J 실버 패키지,895000,DDR5,6800,2026-05-22 11:57:25.202677,26.4
CORSAIR DDR5-6000 CL30 VENGEANCE RGB WHITE 패키지,895880,DDR5,6000,2026-05-22 11:57:25.202677,21.7
G.SKILL DDR5-6800 CL34 TRIDENT Z5 RGB J 패키지,899000,DDR5,6800,2026-05-22 11:57:25.202677,26.4
G.SKILL DDR5-6000 CL28 RIPJAWS M5 NEO RGB 블랙 패키지,899237,DDR5,6000,2026-05-22 11:57:25.202677,21.6
ESSENCORE KLEVV DDR5-6400 CL32 BOLT V WHITE 패키지 서린,906200,DDR5,6400,2026-05-22 11:57:25.202677,20.3
TeamGroup T-Force DDR5-6000 CL28 Delta RGB 화이트 패키지 서린,917980,DDR5,6000,2026-05-22 11:57:25.202677,21.1
TeamGroup T-Force DDR5-6000 CL28 Delta RGB 블랙 패키지 서린,917980,DDR5,6000,2026-05-22 11:57:25.202677,21.1
G.SKILL DDR5-7200 CL36 TRIDENT Z5 ROYAL 골드 패키지,918000,DDR5,7200,2026-05-22 11:57:25.202677,26.0
G.SKILL DDR5-7200 CL34 TRIDENT Z5 RGB J 실버 패키지,918990,DDR5,7200,2026-05-22 11:57:25.202677,26.0
G.SKILL DDR5-7200 CL34 TRIDENT Z5 RGB J 패키지,919000,DDR5,7200,2026-05-22 11:57:25.202677,26.0
Apacer DDR5-5200 CL40 NOX BLACK 패키지,920000,DDR5,5200,2026-05-22 11:57:25.202677,19.1
G.SKILL DDR5-6000 CL32 TRIDENT Z5 RGB J 화이트 패키지,922540,DDR5,6000,2026-05-22 11:57:25.202677,21.9
G.SKILL DDR5-6400 CL30 TRIDENT Z5 NEO RGB J 패키지,925000,DDR5,6400,2026-05-22 11:57:25.202677,21.2
G.SKILL DDR5-6400 CL30 TRIDENT Z5 NEO RGB J 화이트 패키지,925000,DDR5,6400,2026-05-22 11:57:25.202677,21.2
G.SKILL DDR5-6000 CL28 TRIDENT Z5 NEO RGB J 패키지,927740,DDR5,6000,2026-05-22 11:57:25.202677,21.6
G.SKILL DDR5-7600 CL36 TRIDENT Z5 RGB J 패키지,934990,DDR5,7600,2026-05-22 11:57:25.202677,20.2
G.SKILL DDR5-7600 CL36 TRIDENT Z5 RGB J 실버 패키지,934990,DDR5,7600,2026-05-22 11:57:25.202677,20.2
ADATA DDR5-5600 CL46 ECC/REG 파인인포,939140,DDR5,5600,2026-05-22 11:57:25.202677,20.5
Apacer DDR5-5200 CL40 NOX WHITE 패키지,952500,DDR5,5200,2026-05-22 11:57:25.202677,19.1
ESSENCORE KLEVV DDR5-6000 CL30 URBANE V RGB 패키지 서린,974900,DDR5,6000,2026-05-22 11:57:25.202677,21.1
PATRIOT DDR5-7000 CL32 VIPER VENOM 패키지,975190,DDR5,7000,2026-05-22 11:57:25.202677,19.1
Apacer DDR5-5200 CL40 NOX RGB BLACK 패키지,979940,DDR5,5200,2026-05-22 11:57:25.202677,19.1
PATRIOT DDR5-7200 CL34 VIPER VENOM 패키지,985190,DDR5,7200,2026-05-22 11:57:25.202677,16.7
ESSENCORE KLEVV DDR5-7200 CL34 CRAS V RGB ROG 패키지 서린,989760,DDR5,7200,2026-05-22 11:57:25.202677,16.7
ESSENCORE KLEVV DDR5-7200 CL34 CRAS V RGB White 패키지 서린,990000,DDR5,7200,2026-05-22 11:57:25.202677,16.7
PATRIOT DDR5-7000 CL38 VIPER Elite 5 RGB 패키지,993390,DDR5,7000,2026-05-22 11:57:25.202677,20.3
PATRIOT DDR5-7400 CL36 VIPER VENOM 패키지,996090,DDR5,7400,2026-05-22 11:57:25.202677,20.2
PATRIOT DDR5-7000 CL32 VIPER VENOM RGB 패키지,996330,DDR5,7000,2026-05-22 11:57:25.202677,19.1
PATRIOT DDR5-7400 CL36 VIPER VENOM RGB 패키지,997350,DDR5,7400,2026-05-22 11:57:25.202677,20.2
PATRIOT DDR5-7000 CL32 VIPER Elite 5 RGB 패키지,997500,DDR5,7000,2026-05-22 11:57:25.202677,19.1
TeamGroup T-CREATE DDR5-7200 CL34 EXPERT 패키지 서린,998920,DDR5,7200,2026-05-22 11:57:25.202677,16.7
G.SKILL DDR5-6400 CL30 TRIDENT Z5 ROYAL NEO 실버 패키지,999000,DDR5,6400,2026-05-22 11:57:25.202677,21.2
PATRIOT DDR5-7200 CL34 VIPER VENOM RGB 패키지,1002000,DDR5,7200,2026-05-22 11:57:25.202677,16.7
TeamGroup T-Force DDR5-8000 CL38 Delta RGB 화이트 패키지 서린,1014420,DDR5,8000,2026-05-22 11:57:25.202677,20.3
TeamGroup T-Force DDR5-5600 CL32 Delta RGB 패키지,1042430,DDR5,5600,2026-05-22 11:57:25.202677,20.2
ADATA DDR5-6400 CL32 LANCER BLADE RGB 화이트 패키지 서린,1064490,DDR5,6400,2026-05-22 11:57:25.202677,20.3
ADATA DDR5-6400 CL32 LANCER BLADE RGB 블랙 패키지 서린,1064490,DDR5,6400,2026-05-22 11:57:25.202677,20.3
G.SKILL DDR5-6000 CL30 TRIDENT Z5 RGB J 실버 패키지,1113000,DDR5,6000,2026-05-22 11:57:25.202677,21.6
PATRIOT DDR5-5200 CL40 VIPER VENOM 패키지,1143760,DDR5,5200,2026-05-22 11:57:25.202677,19.1
G.SKILL DDR5-7200 CL36 TRIDENT Z5 RGB J 실버 패키지,1145000,DDR5,7200,2026-05-22 11:57:25.202677,26.0
G.SKILL DDR5-7200 CL36 TRIDENT Z5 RGB J 패키지,1150000,DDR5,7200,2026-05-22 11:57:25.202677,26.0
Apacer DDR5-6000 CL38 NOX BLACK 패키지,1159910,DDR5,6000,2026-05-22 11:57:25.202677,21.1
PATRIOT DDR5-5200 CL40 VIPER VENOM RGB 패키지,1160000,DDR5,5200,2026-05-22 11:57:25.202677,19.1
마이크론 Crucial DDR5-5600 CL46 패키지 아스크텍,1162300,DDR5,5600,2026-05-22 11:57:25.202677,20.5
Apacer DDR5-6000 CL38 NOX RGB SILVER 패키지,1178860,DDR5,6000,2026-05-22 11:57:25.202677,21.1
마이크론 Crucial DDR5-5600 CL46 PRO 패키지 아스크텍,1189720,DDR5,5600,2026-05-22 11:57:25.202677,20.5
G.SKILL DDR5-8000 CL40 TRIDENT Z5 RGB J 실버 패키지,1190000,DDR5,8000,2026-05-22 11:57:25.202677,13.4
G.SKILL DDR5-8000 CL40 TRIDENT Z5 RGB J 패키지,1190000,DDR5,8000,2026-05-22 11:57:25.202677,13.4
PATRIOT DDR5-5600 CL40 VIPER VENOM RGB 패키지,1193180,DDR5,5600,2026-05-22 11:57:25.202677,19.0
PATRIOT DDR5-5600 CL40 VIPER VENOM 패키지,1197190,DDR5,5600,2026-05-22 11:57:25.202677,19.0
마이크론 Crucial DDR5-5600 CL46 PRO 아스크텍,1212510,DDR5,5600,2026-05-22 11:57:25.202677,20.5
마이크론 Crucial DDR5-5600 CL46,1223150,DDR5,5600,2026-05-22 11:57:25.202677,20.5
마이크론 Crucial DDR5-5600 CL46 PRO 대원씨티에스,1234670,DDR5,5600,2026-05-22 11:57:25.202677,20.5
PATRIOT DDR5-6000 CL30 VIPER Elite 5 패키지,1252500,DDR5,6000,2026-05-22 11:57:25.202677,21.1
TeamGroup T-CREATE DDR5-5600 CL46 CLASSIC 패키지 서린,1259420,DDR5,5600,2026-05-22 11:57:25.202677,20.5
ADATA DDR5-6000 CL30 LANCER 화이트 패키지 서린,1272500,DDR5,6000,2026-05-22 11:57:25.202677,21.1
ADATA DDR5-6000 CL30 LANCER RGB 화이트 패키지 파인인포,1280000,DDR5,6000,2026-05-22 11:57:25.202677,21.1
CORSAIR DDR5-6400 CL32 VENGEANCE BLACK 패키지,1298030,DDR5,6400,2026-05-22 11:57:25.202677,20.3
PATRIOT DDR5-6400 CL32 VIPER VENOM 패키지,1300000,DDR5,6400,2026-05-22 11:57:25.202677,20.3
ADATA DDR5-6000 CL30 LANCER 블랙 패키지 서린,1300000,DDR5,6000,2026-05-22 11:57:25.202677,21.1
PATRIOT DDR5-6200 CL42 VIPER Elite 5 RGB 패키지,1304540,DDR5,6200,2026-05-22 11:57:25.202677,23.5
CORSAIR DDR5-6000 CL40-40-40-77 VENGEANCE BLACK 패키지,1311900,DDR5,6000,2026-05-22 11:57:25.202677,21.7
마이크론 Crucial DDR5-5600 CL46 대원씨티에스,1317590,DDR5,5600,2026-05-22 11:57:25.202677,20.5
TeamGroup T-Force DDR5-6000 CL38 Delta RGB 패키지 서린,1321700,DDR5,6000,2026-05-22 11:57:25.202677,21.1
TeamGroup T-Force DDR5-5600 CL36 Delta RGB 패키지 서린,1336490,DDR5,5600,2026-05-22 11:57:25.202677,20.2
TeamGroup T-CREATE DDR5-6000 CL34 EXPERT 화이트 패키지 서린,1346980,DDR5,6000,2026-05-22 11:57:25.202677,21.1
TeamGroup T-Force DDR5-5600 CL36 Delta RGB 화이트 패키지 서린,1349450,DDR5,5600,2026-05-22 11:57:25.202677,20.2
CORSAIR DDR5-8400 CL40 VENGEANCE RGB BLACK 패키지,1349950,DDR5,8400,2026-05-22 11:57:25.202677,13.4
TeamGroup DDR5-5600 CL46 Elite Plus 실버 서린,1350000,DDR5,5600,2026-05-22 11:57:25.202677,20.5
TeamGroup T-CREATE DDR5-6400 CL34 EXPERT 화이트 패키지 서린,1369990,DDR5,6400,2026-05-22 11:57:25.202677,20.4
G.SKILL DDR5-5200 CL40 RIPJAWS M5 RGB 화이트 패키지,1370600,DDR5,5200,2026-05-22 11:57:25.202677,19.1
G.SKILL DDR5-6000 CL36 FLARE X5 J 화이트 패키지,1379490,DDR5,6000,2026-05-22 11:57:25.202677,20.1
G.SKILL DDR5-6000 CL32 TRIDENT Z5 NEO RGB J 패키지,1389000,DDR5,6000,2026-05-22 11:57:25.202677,21.9
G.SKILL DDR5-5200 CL40 RIPJAWS M5 RGB 블랙 패키지,1389760,DDR5,5200,2026-05-22 11:57:25.202677,19.1
G.SKILL DDR5-6000 CL30 RIPJAWS S5 J 블랙 패키지,1400000,DDR5,6000,2026-05-22 11:57:25.202677,21.6
TeamGroup T-Force DDR5-6000 CL38 Delta RGB 화이트 패키지 서린,1414990,DDR5,6000,2026-05-22 11:57:25.202677,21.1
ESSENCORE KLEVV DDR5-6000 CL30 BOLT V WHITE 패키지 서린,1416900,DDR5,6000,2026-05-22 11:57:25.202677,21.1
TeamGroup T-CREATE DDR5-6000 CL34 EXPERT 패키지 서린,1439050,DDR5,6000,2026-05-22 11:57:25.202677,21.1
CORSAIR DDR5-6400 CL32 VENGEANCE RGB BLACK 패키지,1440000,DDR5,6400,2026-05-22 11:57:25.202677,20.3
CORSAIR DDR5-6400 CL32 VENGEANCE RGB WHITE 패키지,1440000,DDR5,6400,2026-05-22 11:57:25.202677,20.3
ESSENCORE KLEVV DDR5-6000 CL30 BOLT V 패키지 서린,1448000,DDR5,6000,2026-05-22 11:57:25.202677,21.1
ADATA DDR5-6000 CL30 LANCER BLADE 화이트 패키지 서린,1449800,DDR5,6000,2026-05-22 11:57:25.202677,21.1
ADATA DDR5-6000 CL30 LANCER BLADE 블랙 패키지 서린,1449800,DDR5,6000,2026-05-22 11:57:25.202677,21.1
마이크론 Crucial DDR5-6400 CL52 CUDIMM 대원씨티에스,1458490,DDR5,6400,2026-05-22 11:57:25.202677,20.4
ESSENCORE KLEVV DDR5-6000 CL30 CRAS V RGB 패키지 서린,1461970,DDR5,6000,2026-05-22 11:57:25.202677,21.1
CORSAIR DDR5-6000 CL30 VENGEANCE RGB BLACK INTEL 패키지,1475680,DDR5,6000,2026-05-22 11:57:25.202677,15.8
마이크론 Crucial DDR5-6400 CL52 CUDIMM 아스크텍,1476520,DDR5,6400,2026-05-22 11:57:25.202677,20.4
ADATA DDR5-6000 CL30 LANCER BLADE RGB 화이트 패키지 파인인포,1478920,DDR5,6000,2026-05-22 11:57:25.202677,21.1
G.SKILL DDR5-6000 CL30 RIPJAWS S5 J 화이트 패키지,1479170,DDR5,6000,2026-05-22 11:57:25.202677,21.6
ADATA DDR5-6000 CL30 LANCER BLADE RGB 블랙 패키지 서린,1509990,DDR5,6000,2026-05-22 11:57:25.202677,21.1
G.SKILL DDR5-6000 CL36 RIPJAWS M5 NEO RGB 블랙 패키지,1512440,DDR5,6000,2026-05-22 11:57:25.202677,20.1
ADATA DDR5-5600 CL46 ECC/REG,1514000,DDR5,5600,2026-05-22 11:57:25.202677,20.5
G.SKILL DDR5-6000 CL36 RIPJAWS M5 NEO RGB 화이트 패키지,1520000,DDR5,6000,2026-05-22 11:57:25.202677,20.1
CORSAIR DDR5-6000 CL30 VENGEANCE RGB 패키지,1526870,DDR5,6000,2026-05-22 11:57:25.202677,21.7
ESSENCORE KLEVV DDR5-6400 CL32 CRAS V RGB 패키지 서린,1527500,DDR5,6400,2026-05-22 11:57:25.202677,20.3
G.SKILL DDR5-6000 CL36 TRIDENT Z5 NEO RGB J 화이트 패키지,1539700,DDR5,6000,2026-05-22 11:57:25.202677,20.1
ESSENCORE KLEVV DDR5-6000 CL30 CRAS V RGB WHITE 패키지 서린,1545900,DDR5,6000,2026-05-22 11:57:25.202677,21.1
ESSENCORE KLEVV DDR5-6400 CL32 CRAS V RGB WHITE 패키지 서린,1549800,DDR5,6400,2026-05-22 11:57:25.202677,20.3
ADATA DDR5-6000 CL30 LANCER BLADE RGB 화이트 패키지 서린,1549890,DDR5,6000,2026-05-22 11:57:25.202677,21.1
G.SKILL DDR5-6000 CL30 TRIDENT Z5 RGB J 패키지,1555000,DDR5,6000,2026-05-22 11:57:25.202677,21.6
G.SKILL DDR5-6000 CL32 TRIDENT Z5 NEO RGB J 화이트 패키지,1555806,DDR5,6000,2026-05-22 11:57:25.202677,21.9
G.SKILL DDR5-6000 CL30 RIPJAWS M5 RGB 화이트 패키지,1557500,DDR5,6000,2026-05-22 11:57:25.202677,21.6
G.SKILL DDR5-6000 CL30 RIPJAWS M5 RGB 블랙 패키지,1558090,DDR5,6000,2026-05-22 11:57:25.202677,21.6
TeamGroup T-CREATE DDR5-6400 CL34 EXPERT 패키지 서린,1579920,DDR5,6400,2026-05-22 11:57:25.202677,20.4
G.SKILL DDR5-6000 CL30 FLARE X5 J 패키지,1580000,DDR5,6000,2026-05-22 11:57:25.202677,21.6
G.SKILL DDR5-6000 CL30 TRIDENT Z5 RGB 화이트 패키지,1587490,DDR5,6000,2026-05-22 11:57:25.202677,21.6
G.SKILL DDR5-6000 CL30 TRIDENT Z5 J 패키지,1600000,DDR5,6000,2026-05-22 11:57:25.202677,21.6
G.SKILL DDR5-6000 CL30 TRIDENT Z5 NEO J 패키지,1602500,DDR5,6000,2026-05-22 11:57:25.202677,21.6
CORSAIR DDR5-5200 CL40 Dominator Platinum RGB 패키지,1641230,DDR5,5200,2026-05-22 11:57:25.202677,19.1
G.SKILL DDR5-6000 CL28 FLARE X5 J 화이트 패키지,1658000,DDR5,6000,2026-05-22 11:57:25.202677,21.6
ADATA DDR5-6400 CL32 LANCER RGB 화이트 패키지 서린,1718960,DDR5,6400,2026-05-22 11:57:25.202677,20.3
ADATA DDR5-6400 CL32 LANCER RGB 블랙 패키지 서린,1719530,DDR5,6400,2026-05-22 11:57:25.202677,20.3
삼성전자 DDR4-2933 ECC/REG,1731870,DDR4,2933,2026-05-22 11:57:25.202677,17.7
ADATA DDR5-6000 CL30 LANCER BLADE RGB 블랙 패키지 파인인포,1756270,DDR5,6000,2026-05-22 11:57:25.202677,21.1
킹스톤 FURY DDR5-6000 CL30 Beast RGB 블랙 패키지 코잇,1771590,DDR5,6000,2026-05-22 11:57:25.202677,21.1
킹스톤 FURY DDR5-6000 CL30 Beast RGB 화이트 패키지 코잇,1771670,DDR5,6000,2026-05-22 11:57:25.202677,21.1
G.SKILL DDR5-5200 CL40 RIPJAWS S5 J 화이트 패키지,1789780,DDR5,5200,2026-05-22 11:57:25.202677,19.1
G.SKILL DDR5-5200 CL40 RIPJAWS S5 J 블랙 패키지,1789780,DDR5,5200,2026-05-22 11:57:25.202677,19.1
BIWIN DDR5-6000 CL30 HX100 실버 패키지,1890000,DDR5,6000,2026-05-22 11:57:25.202677,21.1
CORSAIR DDR5-6000 CL30 VENGEANCE 패키지,1890000,DDR5,6000,2026-05-22 11:57:25.202677,21.7
BIWIN DDR5-6000 CL30 HX100 블랙 패키지,1890000,DDR5,6000,2026-05-22 11:57:25.202677,21.1
BIWIN DDR5-6000 CL30 DW100 RGB 화이트 패키지,1950000,DDR5,6000,2026-05-22 11:57:25.202677,21.1
BIWIN DDR5-6000 CL30 DW100 RGB 블랙 패키지,1950000,DDR5,6000,2026-05-22 11:57:25.202677,21.1
TeamGroup T-Force DDR5-6800 CL36 Delta RGB 패키지,1961000,DDR5,6800,2026-05-22 11:57:25.202677,20.2
G.SKILL DDR5-5200 CL40 FLARE X5 J 패키지,1989860,DDR5,5200,2026-05-22 11:57:25.202677,19.1
G.SKILL DDR5-6000 CL26 TRIDENT Z5 NEO RGB H 화이트 패키지,1990000,DDR5,6000,2026-05-22 11:57:25.202677,21.6
G.SKILL DDR5-6000 CL26 TRIDENT Z5 NEO RGB H 패키지,1990000,DDR5,6000,2026-05-22 11:57:25.202677,21.6
TeamGroup T-Force DDR5-6800 CL36 Delta RGB 화이트 패키지,1995840,DDR5,6800,2026-05-22 11:57:25.202677,20.2
G.SKILL DDR5-5600 CL40 RIPJAWS M5 RGB 화이트 패키지,2050000,DDR5,5600,2026-05-22 11:57:25.202677,19.0
G.SKILL DDR5-5600 CL40 RIPJAWS M5 RGB 블랙 패키지,2050000,DDR5,5600,2026-05-22 11:57:25.202677,19.0
G.SKILL DDR5-6000 CL30 RIPJAWS M5 NEO RGB 화이트 패키지,2067000,DDR5,6000,2026-05-22 11:57:25.202677,21.6
G.SKILL DDR5-6000 CL30 TRIDENT Z5 NEO RGB J 패키지,2120000,DDR5,6000,2026-05-22 11:57:25.202677,21.6
G.SKILL DDR5-6000 CL30 TRIDENT Z5 NEO RGB J 화이트 패키지,2120000,DDR5,6000,2026-05-22 11:57:25.202677,21.6
G.SKILL DDR5-6000 CL30 RIPJAWS M5 NEO RGB 블랙 패키지,2125500,DDR5,6000,2026-05-22 11:57:25.202677,21.6
G.SKILL DDR5-5600 CL40 RIPJAWS S5 J 블랙 패키지,2188000,DDR5,5600,2026-05-22 11:57:25.202677,19.0
G.SKILL DDR5-6400 CL32 RIPJAWS M5 RGB 화이트 패키지,2269990,DDR5,6400,2026-05-22 11:57:25.202677,20.3
G.SKILL DDR5-6400 CL32 RIPJAWS M5 RGB 블랙 패키지,2270000,DDR5,6400,2026-05-22 11:57:25.202677,20.3
G.SKILL DDR5-6400 CL32 TRIDENT Z5 RGB J 실버 패키지,2290000,DDR5,6400,2026-05-22 11:57:25.202677,20.3
G.SKILL DDR5-6400 CL32 TRIDENT Z5 RGB J 패키지,2290000,DDR5,6400,2026-05-22 11:57:25.202677,20.3
CORSAIR DDR5-6400 CL32 Dominator Titanium WHITE 패키지,2590000,DDR5,6400,2026-05-22 11:57:25.202677,20.3
TeamGroup T-CREATE DDR5-6400 CL42 EXPERT 패키지 서린,2800000,DDR5,6400,2026-05-22 11:57:25.202677,20.4
마이크론 Crucial DDR5-5600 CL46 패키지 대원씨티에스,2872840,DDR5,5600,2026-05-22 11:57:25.202677,20.5
마이크론 Crucial DDR5-5600 CL46 PRO 패키지 대원씨티에스,2888910,DDR5,5600,2026-05-22 11:57:25.202677,20.5
삼성전자 DDR4-3200 ECC/REG,2906840,DDR4,3200,2026-05-22 11:57:25.202677,18.9
삼성전자 DDR5-4800 ECC/REG,2909890,DDR5,4800,2026-05-22 11:57:25.202677,18.7
삼성전자 DDR5-6400 ECC/REG,2998880,DDR5,6400,2026-05-22 11:57:25.202677,20.4
CORSAIR DDR5-5600 CL40 VENGEANCE RGB BLACK 패키지,3011430,DDR5,5600,2026-05-22 11:57:25.202677,19.0
TeamGroup T-CREATE DDR5-6000 CL40 EXPERT 패키지 서린,3249800,DDR5,6000,2026-05-22 11:57:25.202677,21.7
TeamGroup T-CREATE DDR5-6000 CL40 EXPERT 화이트 패키지 서린,3249980,DDR5,6000,2026-05-22 11:57:25.202677,21.7
TeamGroup T-CREATE DDR5-6400 CL42 EXPERT 화이트 패키지 서린,3299620,DDR5,6400,2026-05-22 11:57:25.202677,20.4
ADATA DDR5-5600 CL46 ECC/REG 서린,4033460,DDR5,5600,2026-05-22 11:57:25.202677,20.5
CORSAIR DDR4-3000 CL16 Dominator Platinum 패키지,4250000,DDR4,3000,2026-05-22 11:57:25.202677,16.7
G.SKILL DDR5-6000 CL34 RIPJAWS S5 J 블랙 패키지,4799890,DDR5,6000,2026-05-22 11:57:25.202677,21.6
G.SKILL DDR5-6000 CL34 FLARE X5 J 패키지,4799890,DDR5,6000,2026-05-22 11:57:25.202677,21.6
G.SKILL DDR5-6000 CL34 TRIDENT Z5 NEO RGB J 패키지,4849890,DDR5,6000,2026-05-22 11:57:25.202677,21.6
G.SKILL DDR5-6000 CL34 TRIDENT Z5 RGB J 패키지,4849890,DDR5,6000,2026-05-22 11:57:25.202677,21.6
V-Color DDR5-6400 CL32 ECC/REG 패키지,6883500,DDR5,6400,2026-05-22 11:57:25.202677,20.3
G.SKILL DDR5-6000 CL28 FLARE X5 J 패키지,8300000,DDR5,6000,2026-05-22 11:57:25.202677,21.6
G.SKILL DDR5-5600 CL28 G5 NEO ECC/REG 패키지,8378810,DDR5,5600,2026-05-22 11:57:25.202677,18.6
G.SKILL DDR5-5600 CL28 G5 ECC/REG 패키지,8378810,DDR5,5600,2026-05-22 11:57:25.202677,18.6
G.SKILL DDR5-6000 CL36 TRIDENT Z5 NEO RGB J 패키지,9579680,DDR5,6000,2026-05-22 11:57:25.202677,20.1
삼성전자 DDR5-5600 ECC/REG,10083700,DDR5,5600,2026-05-22 11:57:25.202677,20.5
G.SKILL DDR5-6400 CL32 G5 ECC/REG 패키지,11899890,DDR5,6400,2026-05-22 11:57:25.202677,20.3
G.SKILL DDR5-6400 CL32 T5 NEO ECC/REG 패키지,11899890,DDR5,6400,2026-05-22 11:57:25.202677,20.3
G.SKILL DDR5-6400 CL36 T5 NEO ECC/REG 패키지,15899890,DDR5,6400,2026-05-22 11:57:25.202677,21.2
