name,price,socket_type,memory_type,created_at,bench_score
인텔 펜티엄 E5300 (울프데일),990,775,,2026-04-20 15:25:16.061567,943.0
인텔 펜티엄 G2020 (아이비브릿지),1000,1155,DDR3,2026-04-20 15:25:16.061567,1700.0
인텔 코어2듀오 E7500 (울프데일),1330,775,,2026-04-20 15:25:16.061567,1161.0
인텔 펜티엄 E2180 (콘로),1358,775,,2026-04-20 15:25:16.061567,693.0
인텔 셀러론 G1830 (하스웰),1430,1150,DDR3,2026-04-20 15:25:16.061567,1560.0
인텔 셀러론 G1820 (하스웰),1500,1150,DDR3,2026-04-20 15:25:16.061567,1671.0
인텔 펜티엄 G620 (샌디브릿지),1800,1155,DDR3,2026-04-20 15:25:16.061567,1242.0
인텔 펜티엄 G640 (샌디브릿지),1800,1155,DDR3,2026-04-20 15:25:16.061567,1359.0
인텔 펜티엄 G860 (샌디브릿지),1800,1155,DDR3,2026-04-20 15:25:16.061567,1485.0
인텔 셀러론 G550 (샌디브릿지),1800,1155,DDR3,2026-04-20 15:25:16.061567,1275.0
인텔 펜티엄 G3220 (하스웰),1810,1150,DDR3,2026-04-20 15:25:16.061567,1891.0
인텔 펜티엄 G3250 (하스웰 리프레시),1890,1150,DDR3,2026-04-20 15:25:16.061567,2015.0
인텔 펜티엄 E6500 (울프데일),1900,775,,2026-04-20 15:25:16.061567,1139.0
인텔 펜티엄 E6300 (울프데일),1900,775,,2026-04-20 15:25:16.061567,1032.0
인텔 코어2쿼드 Q9300 (요크필드),1940,775,,2026-04-20 15:25:16.061567,1962.0
인텔 펜티엄 G3240 (하스웰 리프레시),2000,1150,DDR3,2026-04-20 15:25:16.061567,1930.0
인텔 펜티엄 G850 (샌디브릿지),2090,1155,DDR3,2026-04-20 15:25:16.061567,1497.0
인텔 펜티엄 G840 (샌디브릿지),2100,1155,DDR3,2026-04-20 15:25:16.061567,1321.0
인텔 셀러론 G1840 (하스웰 리프레시),2200,1150,DDR3,2026-04-20 15:25:16.061567,1786.0
인텔 코어i3-2세대 2120 (샌디브릿지),2290,1155,DDR3,2026-04-20 15:25:16.061567,1978.0
인텔 코어2듀오 E8400 (울프데일),2390,775,,2026-04-20 15:25:16.061567,1222.0
인텔 코어i3-3세대 3240 (아이비브릿지),2700,1155,DDR3,2026-04-20 15:25:16.061567,2354.0
인텔 펜티엄 G3440 (하스웰 리프레시),2850,1150,DDR3,2026-04-20 15:25:16.061567,2202.0
인텔 펜티엄 G2130 (아이비브릿지),2850,1155,DDR3,2026-04-20 15:25:16.061567,1918.0
인텔 펜티엄 G3420 (하스웰),3000,1150,DDR3,2026-04-20 15:25:16.061567,2029.0
인텔 코어i3-1세대 530 (클락데일),3200,1156,DDR3,2026-04-20 15:25:16.061567,1521.0
인텔 코어i3-1세대 540 (클락데일),3270,1156,DDR3,2026-04-20 15:25:16.061567,1557.0
인텔 코어i3-1세대 550 (클락데일),3290,1156,DDR3,2026-04-20 15:25:16.061567,1634.0
인텔 셀러론 G1850 (하스웰 리프레시),3310,1150,DDR3,2026-04-20 15:25:16.061567,1915.0
인텔 코어i5-1세대 750 (린필드),3330,1156,DDR3,2026-04-20 15:25:16.061567,2549.0
인텔 코어2쿼드 Q8400 (요크필드),3590,775,,2026-04-20 15:25:16.061567,2085.0
인텔 코어i3-2세대 2100 (샌디브릿지),3600,1155,DDR3,2026-04-20 15:25:16.061567,1863.0
인텔 펜티엄 G2030 (아이비브릿지),3750,1155,DDR3,2026-04-20 15:25:16.061567,1768.0
인텔 펜티엄 G3450 (하스웰 리프레시),3800,1150,DDR3,2026-04-20 15:25:16.061567,2191.0
인텔 코어i3-4세대 4150 (하스웰 리프레시),3890,1150,DDR3,2026-04-20 15:25:16.061567,3400.0
인텔 코어i5-1세대 650 (클락데일),3900,1156,DDR3,2026-04-20 15:25:16.061567,2256.0
인텔 코어2쿼드 Q8300 (요크필드),4000,775,,2026-04-20 15:25:16.061567,1670.0
인텔 펜티엄 G3260 (하스웰 리프레시),4340,1150,DDR3,2026-04-20 15:25:16.061567,2094.0
인텔 펜티엄 G3460 (하스웰 리프레시),4400,1150,DDR3,2026-04-20 15:25:16.061567,2127.0
인텔 코어i3-3세대 3220 (아이비브릿지),4590,1155,DDR3,2026-04-20 15:25:16.061567,2278.0
인텔 펜티엄 G2120 (아이비브릿지),4900,1155,DDR3,2026-04-20 15:25:16.061567,1879.0
인텔 코어i7-1세대 950 (블룸필드),5000,1366,DDR3,2026-04-20 15:25:16.061567,3261.0
인텔 펜티엄 E2160 (콘로),5310,775,,2026-04-20 15:25:16.061567,663.0
인텔 펜티엄 E2140 (콘로),5400,775,,2026-04-20 15:25:16.061567,533.0
인텔 펜티엄 E2200 (콘로),5400,775,,2026-04-20 15:25:16.061567,739.0
인텔 펜티엄 E6600 (울프데일),5820,775,,2026-04-20 15:25:16.061567,1196.0
인텔 펜티엄 G4400 (스카이레이크),6140,1151,,2026-04-20 15:25:16.061567,2566.0
인텔 셀러론 G1630 (아이비브릿지),6200,1155,DDR3,2026-04-20 15:25:16.061567,1707.0
인텔 셀러론 G3930 (카비레이크),6400,1151,,2026-04-20 15:25:16.061567,2252.0
인텔 코어i5-1세대 760 (린필드),6850,1156,DDR3,2026-04-20 15:25:16.061567,2674.0
인텔 코어i3-6세대 6300 (스카이레이크),6890,1151,,2026-04-20 15:25:16.061567,4351.0
인텔 코어2쿼드 Q6600 (켄츠필드),7000,775,,2026-04-20 15:25:16.061567,1845.0
인텔 펜티엄 G4600 (카비레이크),7290,1151,,2026-04-20 15:25:16.061567,3627.0
인텔 펜티엄 G4560 (카비레이크),7550,1151,,2026-04-20 15:25:16.061567,3534.0
인텔 코어2듀오 E4500 (콘로),8010,775,,2026-04-20 15:25:16.061567,748.0
인텔 펜티엄 E6700 (울프데일),8170,775,,2026-04-20 15:25:16.061567,1200.0
인텔 코어i3-4세대 4130 (하스웰),8220,1150,DDR3,2026-04-20 15:25:16.061567,3335.0
AMD FX 4100 (잠베지),8550,AM3,DDR3,2026-04-20 15:25:16.061567,2628.0
인텔 코어2쿼드 Q9500 (요크필드),8680,775,,2026-04-20 15:25:16.061567,2246.0
인텔 코어i3-4세대 4170 (하스웰 리프레시),9160,1150,DDR3,2026-04-20 15:25:16.061567,3577.0
인텔 코어2듀오 E6600 (콘로),10000,775,,2026-04-20 15:25:16.061567,1196.0
인텔 펜티엄 G3430 (하스웰),10000,1150,DDR3,2026-04-20 15:25:16.061567,2127.0
인텔 코어i7-1세대 860 (린필드),10360,1156,DDR3,2026-04-20 15:25:16.061567,3024.0
인텔 코어i5-2세대 2400 (샌디브릿지),10450,1155,DDR3,2026-04-20 15:25:16.061567,3856.0
인텔 코어i3-6세대 6100 (스카이레이크),10560,1151,,2026-04-20 15:25:16.061567,4099.0
인텔 코어i5-3세대 3330 (아이비브릿지),11370,1155,DDR3,2026-04-20 15:25:16.061567,4097.0
인텔 코어i5-2세대 2300 (샌디브릿지),11950,1155,DDR3,2026-04-20 15:25:16.061567,3477.0
인텔 제온 E3-1220 (샌디브릿지),12000,1155,DDR3,2026-04-20 15:25:16.061567,3870.0
인텔 펜티엄 G3258 (하스웰),12250,1150,DDR3,2026-04-20 15:25:16.061567,2063.0
인텔 코어i3-4세대 4370 (하스웰 리프레시),12390,1150,DDR3,2026-04-20 15:25:16.061567,3861.0
인텔 펜티엄 골드 G5420 (커피레이크-R),12410,1151V2,DDR4,2026-04-20 15:25:16.061567,3732.0
인텔 코어i3-4세대 4360 (하스웰 리프레시),12490,1150,DDR3,2026-04-20 15:25:16.061567,3641.0
인텔 코어i5-3세대 3470 (아이비브릿지),12990,1155,DDR3,2026-04-20 15:25:16.061567,4662.0
인텔 코어i7-1세대 870 (린필드),13890,1156,DDR3,2026-04-20 15:25:16.061567,3168.0
인텔 코어i5-3세대 3450 (아이비브릿지),14090,1155,DDR3,2026-04-20 15:25:16.061567,4519.0
인텔 코어i3-4세대 4330 (하스웰),14100,1150,DDR3,2026-04-20 15:25:16.061567,3481.0
AMD A4 7300 (리치랜드),14250,FM2,DDR3,2026-04-20 15:25:16.061567,1543.0
인텔 코어i5-2세대 2500 (샌디브릿지),14330,1155,DDR3,2026-04-20 15:25:16.061567,4096.0
인텔 코어i5-2세대 2500K (샌디브릿지),14830,1155,DDR3,2026-04-20 15:25:16.061567,4144.0
인텔 제온 E3-1220V5 (스카이레이크),15200,1151,,2026-04-20 15:25:16.061567,5726.0
인텔 셀러론 G530 (샌디브릿지),15470,1155,DDR3,2026-04-20 15:25:16.061567,1154.0
AMD 페넘II-X4 955 (데네브),15680,AM3,,2026-04-20 15:25:16.061567,2557.0
AMD 페넘II-X4 945 (데네브),15990,AM3,,2026-04-20 15:25:16.061567,2422.0
인텔 코어i5-3세대 3570K (아이비브릿지),16070,1155,DDR3,2026-04-20 15:25:16.061567,4970.0
인텔 셀러론 G540 (샌디브릿지),16310,1155,DDR3,2026-04-20 15:25:16.061567,1186.0
인텔 펜티엄 E5700 (울프데일),16500,775,,2026-04-20 15:25:16.061567,1103.0
인텔 펜티엄 G645 (샌디브릿지),16550,1155,DDR3,2026-04-20 15:25:16.061567,1458.0
인텔 코어2쿼드 Q9550 (요크필드),17000,775,,2026-04-20 15:25:16.061567,2376.0
인텔 코어i5-3세대 3550 (아이비브릿지),17420,1155,DDR3,2026-04-20 15:25:16.061567,4790.0
인텔 펜티엄 골드 G5400 (커피레이크),17770,1151V2,DDR4,2026-04-20 15:25:16.061567,3734.0
AMD FX 8300 (비쉐라),18750,AM3,DDR3,2026-04-20 15:25:16.061567,5331.0
인텔 제온 X5680 (웨스터미어),19000,1366,DDR3,2026-04-20 15:25:16.061567,6927.0
인텔 코어i3-7세대 7100 (카비레이크),19420,1151,,2026-04-20 15:25:16.061567,4315.0
AMD 페넘II-X6 1055T (투반),20000,AM3,,2026-04-20 15:25:16.061567,3391.0
인텔 코어i5-3세대 3570 (아이비브릿지),20110,1155,DDR3,2026-04-20 15:25:16.061567,4932.0
인텔 셀러론 G4900 (커피레이크),20660,1151V2,DDR4,2026-04-20 15:25:16.061567,2386.0
인텔 코어i3-6세대 6320 (스카이레이크),20900,1151,,2026-04-20 15:25:16.061567,4416.0
인텔 셀러론 G3900 (스카이레이크),21590,1151,,2026-04-20 15:25:16.061567,2159.0
인텔 코어i5-4세대 4440 (하스웰),22360,1150,DDR3,2026-04-20 15:25:16.061567,4794.0
인텔 펜티엄 G4500 (스카이레이크),22450,1151,,2026-04-20 15:25:16.061567,2811.0
인텔 코어i5-4세대 4430 (하스웰),22500,1150,DDR3,2026-04-20 15:25:16.061567,4672.0
인텔 코어i5-4세대 4460 (하스웰 리프레시),22660,1150,DDR3,2026-04-20 15:25:16.061567,4924.0
인텔 코어i5-4세대 4670K (하스웰),24030,1150,DDR3,2026-04-20 15:25:16.061567,5582.0
AMD 라이젠5-1세대 1600 (서밋 릿지),24900,AM4,DDR4,2026-04-20 15:25:16.061567,12258.0
인텔 코어i5-4세대 4570 (하스웰),26330,1150,DDR3,2026-04-20 15:25:16.061567,5233.0
인텔 코어i5-4세대 4590 (하스웰 리프레시),27050,1150,DDR3,2026-04-20 15:25:16.061567,5382.0
인텔 코어i5-4세대 4670 (하스웰),28530,1150,DDR3,2026-04-20 15:25:16.061567,5482.0
인텔 셀러론 G4930 (커피레이크-R),28890,1151V2,DDR4,2026-04-20 15:25:16.061567,2511.0
인텔 코어i5-4세대 4690K (데빌스캐년),29740,1150,DDR3,2026-04-20 15:25:16.061567,5682.0
인텔 코어i5-4세대 4690 (하스웰 리프레시),30390,1150,DDR3,2026-04-20 15:25:16.061567,5591.0
AMD 라이젠5-1세대 1400 (서밋 릿지),30790,AM4,DDR4,2026-04-20 15:25:16.061567,7737.0
인텔 제온 E5-2680 v4 (브로드웰-EP),31400,2011,DDR4,2026-04-20 15:25:16.061567,17220.0
인텔 코어i3-7세대 7320 (카비레이크),31840,1151,,2026-04-20 15:25:16.061567,4773.0
인텔 셀러론 G5900 (코멧레이크S),34500,1200,DDR4,2026-04-20 15:25:16.061567,2669.0
인텔 코어i7-2세대 2600 (샌디브릿지),34530,1155,DDR3,2026-04-20 15:25:16.061567,5334.0
AMD 애슬론 200GE (레이븐 릿지),36200,AM4,DDR4,2026-04-20 15:25:16.061567,4106.0
인텔 코어i3-8세대 8100 (커피레이크),36530,1151V2,DDR4,2026-04-20 15:25:16.061567,6059.0
인텔 코어i3-7세대 7300 (카비레이크),36590,1151,,2026-04-20 15:25:16.061567,4522.0
인텔 제온 E3-1270V5 (스카이레이크),38890,1151,,2026-04-20 15:25:16.061567,8325.0
인텔 코어i5-6세대 6400 (스카이레이크),39230,1151,,2026-04-20 15:25:16.061567,5178.0
인텔 코어i5-6세대 6600 (스카이레이크),41020,1151,,2026-04-20 15:25:16.061567,6072.0
인텔 코어i5-6세대 6500 (스카이레이크),41200,1151,,2026-04-20 15:25:16.061567,5602.0
인텔 코어i7-2세대 2600K (샌디브릿지),42750,1155,DDR3,2026-04-20 15:25:16.061567,5478.0
인텔 코어i5-6세대 6600K (스카이레이크),44130,1151,,2026-04-20 15:25:16.061567,6305.0
인텔 코어i5-4세대 4670 + H81 패키지,45130,1150,DDR3,2026-04-20 15:25:16.061567,5482.0
AMD 라이젠5-1세대 1500X (서밋 릿지),46900,AM4,DDR4,2026-04-20 15:25:16.061567,9071.0
인텔 코어i5-4세대 4690 + H81 패키지,47500,1150,DDR3,2026-04-20 15:25:16.061567,5591.0
인텔 제온 E3-1230V2 (아이비브릿지),51070,1155,DDR3,2026-04-20 15:25:16.061567,6180.0
인텔 코어i5-7세대 7400 (카비레이크),53010,1151,,2026-04-20 15:25:16.061567,5480.0
AMD 라이젠7-1세대 1700X (서밋 릿지),53490,AM4,DDR4,2026-04-20 15:25:16.061567,15622.0
인텔 코어i5-7세대 7600 (카비레이크),55060,1151,,2026-04-20 15:25:16.061567,6585.0
AMD 라이젠5-2세대 2600 (피나클 릿지),55520,AM4,DDR4,2026-04-20 15:25:16.061567,289.0
인텔 코어i7-3세대 3770 (아이비브릿지),56890,1155,DDR3,2026-04-20 15:25:16.061567,6414.0
인텔 코어i3-9세대 9100 (커피레이크-R),59200,1151V2,DDR4,2026-04-20 15:25:16.061567,6605.0
인텔 코어i5-7세대 7500 (카비레이크),60010,1151,,2026-04-20 15:25:16.061567,6037.0
AMD 라이젠3-1세대 2200G (레이븐 릿지),60500,AM4,,2026-04-20 15:25:16.061567,6727.0
AMD 라이젠5-3세대 3500 (마티스),62000,AM4,DDR4,2026-04-20 15:25:16.061567,12773.0
인텔 코어i3-7세대 7300T (카비레이크),62080,1151,,2026-04-20 15:25:16.061567,4140.0
AMD 라이젠5-2세대 2600X (피나클 릿지),63380,AM4,DDR4,2026-04-20 15:25:16.061567,13868.0
인텔 제온 스케일러블 실버 4110 (스카이레이크),64700,3647,DDR4,2026-04-20 15:25:16.061567,10316.0
인텔 코어i7-4세대 4770K (하스웰),65600,1150,DDR3,2026-04-20 15:25:16.061567,7143.0
AMD 애슬론 3000G (레이븐 릿지),65990,AM4,DDR4,2026-04-20 15:25:16.061567,4441.0
인텔 제온 E5-2696 v3 (하스웰-EP),66920,2011,DDR4,2026-04-20 15:25:16.061567,21381.0
인텔 코어i7-3세대 3770K (아이비브릿지),67290,1155,DDR3,2026-04-20 15:25:16.061567,6509.0
AMD 라이젠5-3세대 3500X (마티스),68690,AM4,DDR4,2026-04-20 15:25:16.061567,13166.0
AMD 라이젠7-1세대 1700 (서밋 릿지),70500,AM4,DDR4,2026-04-20 15:25:16.061567,14761.0
AMD 라이젠3-3세대 4100 (르누아르-X),71000,AM4,DDR4,2026-04-20 15:25:16.061567,11046.0
인텔 코어i3-8세대 8350K (커피레이크),71030,1151V2,DDR4,2026-04-20 15:25:16.061567,6927.0
인텔 코어i5-6세대 6500 + H110 패키지,71250,1151,,2026-04-20 15:25:16.061567,5602.0
인텔 셀러론 G3920 (스카이레이크),72420,1151,,2026-04-20 15:25:16.061567,2333.0
인텔 코어i3-9세대 9100F (커피레이크-R),72950,1151V2,DDR4,2026-04-20 15:25:16.061567,6702.0
인텔 코어i5-6세대 6600 + H110 패키지,73630,1151,,2026-04-20 15:25:16.061567,6072.0
인텔 제온 E5-2603 (샌디브릿지-EP),74990,2011,DDR3,2026-04-20 15:25:16.061567,2335.0
인텔 코어i3-7세대 7350K (카비레이크),80620,1151,,2026-04-20 15:25:16.061567,4874.0
인텔 코어i7-4세대 4770 (하스웰),82460,1150,DDR3,2026-04-20 15:25:16.061567,7066.0
인텔 코어i7-6세대 6700K (스카이레이크),83500,1151,,2026-04-20 15:25:16.061567,8939.0
인텔 코어i7-4세대 4790 (하스웰 리프레시),85140,1150,DDR3,2026-04-20 15:25:16.061567,7261.0
인텔 코어i7-6세대 6700 (스카이레이크),85640,1151,,2026-04-20 15:25:16.061567,8036.0
인텔 코어i7-2세대 2700K (샌디브릿지),86000,1155,DDR3,2026-04-20 15:25:16.061567,5694.0
인텔 셀러론 G5905 (코멧레이크S),86240,1200,DDR4,2026-04-20 15:25:16.061567,2771.0
인텔 코어i5-7세대 7600K (카비레이크),86800,1151,,2026-04-20 15:25:16.061567,6817.0
인텔 셀러론 G3950 (카비레이크),88000,1151,,2026-04-20 15:25:16.061567,2336.0
AMD 라이젠7-2세대 2700 (피나클 릿지),88600,AM4,DDR4,2026-04-20 15:25:16.061567,15615.0
AMD 라이젠3-3세대 3100 (마티스),90420,AM4,DDR4,2026-04-20 15:25:16.061567,315.0
인텔 코어i7-4세대 4790K (데빌스캐년),91220,1150,DDR3,2026-04-20 15:25:16.061567,8063.0
인텔 코어i5-8세대 8500 (커피레이크),91370,1151V2,DDR4,2026-04-20 15:25:16.061567,9512.0
인텔 코어i5-8세대 8400 (커피레이크),92850,1151V2,DDR4,2026-04-20 15:25:16.061567,9231.0
AMD 라이젠7-2세대 2700X (피나클 릿지),94520,AM4,DDR4,2026-04-20 15:25:16.061567,17439.0
AMD 라이젠3-2세대 3200G (피카소),95000,AM4,DDR4,2026-04-20 15:25:16.061567,6988.0
인텔 코어i5-9세대 9400F (커피레이크-R),96270,1151V2,DDR4,2026-04-20 15:25:16.061567,9461.0
인텔 코어i5-9세대 9600KF (커피레이크-R),96900,1151V2,DDR4,2026-04-20 15:25:16.061567,10654.0
인텔 제온 X5650 (웨스터미어),97550,1366,DDR3,2026-04-20 15:25:16.061567,5746.0
인텔 코어i3-10세대 10100F (코멧레이크S),98000,1200,DDR4,2026-04-20 15:25:16.061567,8718.0
인텔 제온 스케일러블 브론즈 3206R (캐스케이드레이크),100000,3647,DDR4,2026-04-20 15:25:16.061567,6777.0
인텔 셀러론 G5925 (코멧레이크S),100610,1200,DDR4,2026-04-20 15:25:16.061567,2845.0
인텔 코어i5-8세대 8600 (커피레이크),101690,1151V2,DDR4,2026-04-20 15:25:16.061567,9969.0
AMD 라이젠5-3세대 3600X (마티스),102000,AM4,DDR4,2026-04-20 15:25:16.061567,18128.0
인텔 코어i3-10세대 10105F (코멧레이크S 리프레시),105000,1200,DDR4,2026-04-20 15:25:16.061567,8869.0
인텔 셀러론 G5920 (코멧레이크S),109450,1200,DDR4,2026-04-20 15:25:16.061567,2650.0
인텔 코어i7-7세대 7700 (카비레이크),112680,1151,,2026-04-20 15:25:16.061567,8646.0
인텔 제온 E3-1220V6 (카비레이크),119700,1151,,2026-04-20 15:25:16.061567,5609.0
인텔 코어i7-7세대 7700K (카비레이크),122160,1151,,2026-04-20 15:25:16.061567,9636.0
인텔 코어i5-8세대 8600K (커피레이크),125770,1151V2,DDR4,2026-04-20 15:25:16.061567,10138.0
AMD 라이젠5-3세대 3600 (마티스),127070,AM4,DDR4,2026-04-20 15:25:16.061567,17670.0
인텔 코어i3-12세대 12100F (엘더레이크),128060,1700,DDR5,2026-04-20 15:25:16.061567,13971.0
인텔 코어i5-9세대 9600 (커피레이크-R),129550,1151V2,DDR4,2026-04-20 15:25:16.061567,10331.0
AMD 라이젠5-2세대 3400G (피카소),130000,AM4,DDR4,2026-04-20 15:25:16.061567,9187.0
인텔 셀러론 G6900 (엘더레이크),131000,1700,DDR5,2026-04-20 15:25:16.061567,4475.0
AMD 라이젠5-3세대 3600XT (마티스),132000,AM4,DDR4,2026-04-20 15:25:16.061567,18525.0
인텔 펜티엄 G4520 (스카이레이크),133400,1151,,2026-04-20 15:25:16.061567,2670.0
AMD 라이젠5-3세대 4500 (르누아르-X),134000,AM4,DDR4,2026-04-20 15:25:16.061567,15988.0
인텔 제온 스케일러블 실버 4112 (스카이레이크),137000,3647,DDR4,2026-04-20 15:25:16.061567,6545.0
인텔 코어i5-9세대 9400 (커피레이크-R),138660,1151V2,DDR4,2026-04-20 15:25:16.061567,9378.0
인텔 코어i3-14세대 14100F (랩터레이크 리프레시),139940,1700,DDR5,2026-04-20 15:25:16.061567,15413.0
인텔 코어i3-4세대 4160 (하스웰 리프레시),140390,1150,DDR3,2026-04-20 15:25:16.061567,3499.0
AMD 라이젠5-4세대 5500 (세잔),146590,AM4,DDR4,2026-04-20 15:25:16.061567,19277.0
인텔 코어i5-9세대 9500 (커피레이크-R),150510,1151V2,DDR4,2026-04-20 15:25:16.061567,9856.0
인텔 코어i5-11세대 11400F (로켓레이크S),153700,1200,DDR4,2026-04-20 15:25:16.061567,16884.0
AMD 라이젠5-3세대 4600G (르누아르),154000,AM4,DDR4,2026-04-20 15:25:16.061567,15963.0
AMD 라이젠3 PRO 4350G (르누아르),154000,AM4,DDR4,2026-04-20 15:25:16.061567,10952.0
인텔 코어i3-10세대 10105 (코멧레이크S 리프레시),154560,1200,DDR4,2026-04-20 15:25:16.061567,8260.0
인텔 제온 E3-1231V3 (하스웰 리프레시),155800,1150,DDR3,2026-04-20 15:25:16.061567,7033.0
인텔 펜티엄 골드 G6405 (코멧레이크S 리프레시),159000,1200,DDR4,2026-04-20 15:25:16.061567,3844.0
인텔 프로세서 300 (랩터레이크 리프레시),159140,1700,DDR5,2026-04-20 15:25:16.061567,7251.0
인텔 코어i3-13세대 13100F (랩터레이크),159300,1700,DDR5,2026-04-20 15:25:16.061567,14659.0
인텔 펜티엄 골드 G6400 (코멧레이크S),165630,1200,DDR4,2026-04-20 15:25:16.061567,4092.0
AMD 라이젠5-4세대 5600 (버미어),165780,AM4,DDR4,2026-04-20 15:25:16.061567,21521.0
인텔 코어i5-10세대 10600KF (코멧레이크S),169710,1200,DDR4,2026-04-20 15:25:16.061567,14115.0
인텔 코어i5-10세대 10400F (코멧레이크S),176860,1200,DDR4,2026-04-20 15:25:16.061567,12105.0
AMD 라이젠5-5세대 8400F (피닉스),177810,AM5,DDR5,2026-04-20 15:25:16.061567,24470.0
AMD 라이젠5-5세대 7400 (라파엘),183900,AM5,DDR5,2026-04-20 15:25:16.061567,20919.0
AMD 라이젠5-5세대 7500F (라파엘),188950,AM5,DDR5,2026-04-20 15:25:16.061567,26592.0
AMD 라이젠5-4세대 5500GT (세잔),191770,AM4,DDR4,2026-04-20 15:25:16.061567,19019.0
인텔 코어i3-10세대 10320 (코멧레이크S),194200,1200,DDR4,2026-04-20 15:25:16.061567,9988.0
인텔 코어i5-11세대 11600KF (로켓레이크S),199100,1200,DDR4,2026-04-20 15:25:16.061567,19436.0
인텔 코어i5-10세대 10500 (코멧레이크S),200770,1200,DDR4,2026-04-20 15:25:16.061567,12962.0
AMD 라이젠5-5세대 7400F (라파엘),202390,AM5,DDR5,2026-04-20 15:25:16.061567,25569.0
AMD 라이젠 스레드리퍼 1920X (화이트헤븐),203420,TR4,DDR4,2026-04-20 15:25:16.061567,23058.0
AMD 라이젠5-4세대 5600G (세잔),207340,AM4,DDR4,2026-04-20 15:25:16.061567,19668.0
AMD 라이젠3-4세대 5300G (세잔),207490,AM4,DDR4,2026-04-20 15:25:16.061567,13013.0
AMD 라이젠5-4세대 5600GT (세잔),208980,AM4,DDR4,2026-04-20 15:25:16.061567,20239.0
인텔 코어i7-8세대 8700K (커피레이크),213060,1151V2,DDR4,2026-04-20 15:25:16.061567,13575.0
인텔 코어i5-12세대 12400 (엘더레이크),216120,1700,DDR5,2026-04-20 15:25:16.061567,18792.0
인텔 코어i5-11세대 11400 (로켓레이크S),218290,1200,DDR4,2026-04-20 15:25:16.061567,16657.0
AMD 라이젠5 PRO 4650G (르누아르),220000,AM4,DDR4,2026-04-20 15:25:16.061567,16040.0
인텔 코어i5-12세대 12400F (엘더레이크),220420,1700,DDR5,2026-04-20 15:25:16.061567,19591.0
인텔 코어i5-11세대 11500 (로켓레이크S),228040,1200,DDR4,2026-04-20 15:25:16.061567,17085.0
인텔 코어i7-9세대 9700 (커피레이크-R),229340,1151V2,DDR4,2026-04-20 15:25:16.061567,13192.0
AMD 라이젠7-5세대 8700F (피닉스),230000,AM5,DDR5,2026-04-20 15:25:16.061567,31046.0
인텔 코어i7-9세대 9700K (커피레이크-R),230440,1151V2,DDR4,2026-04-20 15:25:16.061567,14402.0
인텔 코어i3-12세대 12100 (엘더레이크),230850,1700,DDR5,2026-04-20 15:25:16.061567,12432.0
인텔 코어i3-14세대 14100 (랩터레이크 리프레시),231400,1700,DDR5,2026-04-20 15:25:16.061567,15117.0
인텔 코어 울트라5 시리즈2 225F (애로우레이크),233790,1851,DDR5,2026-04-20 15:25:16.061567,31160.0
인텔 코어i5-9세대 9500F (커피레이크-R),235090,1151V2,DDR4,2026-04-20 15:25:16.061567,9997.0
AMD 라이젠7 PRO 4750G (르누아르),235500,AM4,DDR4,2026-04-20 15:25:16.061567,20218.0
인텔 코어i5-10세대 10600K (코멧레이크S),235670,1200,DDR4,2026-04-20 15:25:16.061567,14249.0
인텔 코어i7-9세대 9700F (커피레이크-R),250000,1151V2,DDR4,2026-04-20 15:25:16.061567,13162.0
인텔 코어i5-13세대 13400F (랩터레이크),250180,1700,DDR5,2026-04-20 15:25:16.061567,24970.0
인텔 코어i5-14세대 14400F (랩터레이크 리프레시),251400,1700,DDR5,2026-04-20 15:25:16.061567,25561.0
인텔 코어X-시리즈 i9-7920X (스카이레이크),253000,2066,DDR4,2026-04-20 15:25:16.061567,23498.0
AMD 라이젠5-5세대 8500G (피닉스),253450,AM5,DDR5,2026-04-20 15:25:16.061567,21444.0
AMD 라이젠5-6세대 9500F (그래니트 릿지),258880,AM5,DDR5,2026-04-20 15:25:16.061567,27909.0
인텔 펜티엄 골드 G7400 (엘더레이크),259500,1700,DDR5,2026-04-20 15:25:16.061567,6712.0
인텔 코어i7-10세대 10700KF (코멧레이크S),264620,1200,DDR4,2026-04-20 15:25:16.061567,18331.0
인텔 코어 울트라5 시리즈2 225 (애로우레이크),269500,1851,DDR5,2026-04-20 15:25:16.061567,30348.0
AMD 라이젠5-5세대 8600G (피닉스),269930,AM5,DDR5,2026-04-20 15:25:16.061567,25198.0
AMD 라이젠3-3세대 3300X (마티스),270000,AM4,DDR4,2026-04-20 15:25:16.061567,12588.0
AMD 라이젠5-6세대 9600X (그래니트 릿지),273880,AM5,DDR5,2026-04-20 15:25:16.061567,30069.0
AMD 라이젠5-6세대 9600 (그래니트 릿지),282380,AM5,DDR5,2026-04-20 15:25:16.061567,3279.0
인텔 코어i5-9세대 9600K (커피레이크-R),287000,1151V2,DDR4,2026-04-20 15:25:16.061567,10658.0
인텔 코어 울트라5 시리즈2 245KF (애로우레이크),291230,1851,DDR5,2026-04-20 15:25:16.061567,43226.0
인텔 코어i5-12세대 12600 (엘더레이크),300000,1700,DDR5,2026-04-20 15:25:16.061567,21334.0
AMD 라이젠5-5세대 7600 (라파엘),301820,AM5,DDR5,2026-04-20 15:25:16.061567,26988.0
인텔 제온 X5570 (네할렘),305970,1366,DDR3,2026-04-20 15:25:16.061567,3306.0
인텔 코어i3-13세대 13100 (랩터레이크),306000,1700,DDR5,2026-04-20 15:25:16.061567,14097.0
인텔 코어i5-10세대 10400 (코멧레이크S),307000,1200,DDR4,2026-04-20 15:25:16.061567,11981.0
인텔 코어i5-12세대 12600KF (엘더레이크),308310,1700,DDR5,2026-04-20 15:25:16.061567,27525.0
AMD 라이젠7-4세대 5800X (버미어),316800,AM4,DDR4,2026-04-20 15:25:16.061567,27693.0
인텔 코어i3-10세대 10100 (코멧레이크S),316800,1200,DDR4,2026-04-20 15:25:16.061567,8508.0
인텔 코어i5-13세대 13400 (랩터레이크),323120,1700,DDR5,2026-04-20 15:25:16.061567,23818.0
AMD 라이젠7-4세대 5700G (세잔),326900,AM4,DDR4,2026-04-20 15:25:16.061567,24290.0
AMD 라이젠7-5세대 7700 (라파엘),328000,AM5,DDR5,2026-04-20 15:25:16.061567,34374.0
인텔 코어 울트라5 시리즈2 245K (애로우레이크),330000,1851,DDR5,2026-04-20 15:25:16.061567,43202.0
AMD 라이젠7-4세대 5700 (세잔),330400,AM4,DDR4,2026-04-20 15:25:16.061567,24244.0
인텔 코어i5-13세대 13600KF (랩터레이크),332090,1700,DDR5,2026-04-20 15:25:16.061567,37386.0
인텔 코어 울트라5 시리즈2 250KF Plus (애로우레이크 리프레시),336210,1851,DDR5,2026-04-20 15:25:16.061567,50746.0
AMD 라이젠5-5세대 7600X (라파엘),336770,AM5,DDR5,2026-04-20 15:25:16.061567,28308.0
인텔 제온 E 2124 (커피레이크),339450,1151V2,DDR4,2026-04-20 15:25:16.061567,6763.0
인텔 코어i5-13세대 13600K (랩터레이크),342580,1700,DDR5,2026-04-20 15:25:16.061567,37537.0
인텔 코어i5-14세대 14400 (랩터레이크 리프레시),345800,1700,DDR5,2026-04-20 15:25:16.061567,25139.0
인텔 코어i5-12세대 12600K (엘더레이크),347200,1700,DDR5,2026-04-20 15:25:16.061567,27542.0
AMD 라이젠5-5세대 7500X3D (라파엘),349400,AM5,DDR5,2026-04-20 15:25:16.061567,25147.0
인텔 코어i5-12세대 12500 (엘더레이크),355460,1700,DDR5,2026-04-20 15:25:16.061567,19725.0
인텔 코어i7-10세대 10700 (코멧레이크S),358070,1200,DDR4,2026-04-20 15:25:16.061567,16014.0
인텔 코어 울트라5 시리즈2 250K Plus (애로우레이크 리프레시),358380,1851,DDR5,2026-04-20 15:25:16.061567,53453.0
AMD 라이젠7-5세대 7700X (라파엘),364020,AM5,DDR5,2026-04-20 15:25:16.061567,35547.0
인텔 코어i5-13세대 13600 (랩터레이크),365410,1700,DDR5,2026-04-20 15:25:16.061567,31450.0
인텔 코어i5-14세대 14600K (랩터레이크 리프레시),372990,1700,DDR5,2026-04-20 15:25:16.061567,38452.0
AMD 라이젠7-6세대 9700X (그래니트 릿지),375100,AM5,DDR5,2026-04-20 15:25:16.061567,37071.0
인텔 코어i5-14세대 14600KF (랩터레이크 리프레시),378610,1700,DDR5,2026-04-20 15:25:16.061567,38406.0
AMD 라이젠7-5세대 7800X3D (라파엘),387850,AM5,DDR5,2026-04-20 15:25:16.061567,34286.0
인텔 코어i7-11세대 11700KF (로켓레이크S),399900,1200,DDR4,2026-04-20 15:25:16.061567,23819.0
인텔 제온 스케일러블 브론즈 3104 (스카이레이크),400000,3647,DDR4,2026-04-20 15:25:16.061567,4367.0
AMD 라이젠9-3세대 3900X (마티스),400000,AM4,DDR4,2026-04-20 15:25:16.061567,32498.0
인텔 코어 울트라5 시리즈2 235 (애로우레이크),402470,1851,DDR5,2026-04-20 15:25:16.061567,40050.0
AMD 라이젠7-3세대 3700X (마티스),405000,AM4,DDR4,2026-04-20 15:25:16.061567,22409.0
인텔 제온 E3-1225V6 (카비레이크),408140,1151,,2026-04-20 15:25:16.061567,5804.0
인텔 제온 E3-1230V6 (카비레이크),411380,1151,,2026-04-20 15:25:16.061567,8082.0
인텔 코어i7-12세대 12700F (엘더레이크),420922,1700,DDR5,2026-04-20 15:25:16.061567,30261.0
인텔 코어i7-10세대 10700F (코멧레이크S),424440,1200,DDR4,2026-04-20 15:25:16.061567,16103.0
AMD 라이젠7-5세대 8700G (피닉스),425000,AM5,DDR5,2026-04-20 15:25:16.061567,31557.0
인텔 코어i9-10세대 10850K (코멧레이크S),430290,1200,DDR4,2026-04-20 15:25:16.061567,21909.0
인텔 코어 울트라7 시리즈2 265KF (애로우레이크),431030,1851,DDR5,2026-04-20 15:25:16.061567,58566.0
인텔 코어 울트라5 시리즈2 225T (애로우레이크),438000,1851,DDR5,2026-04-20 15:25:16.061567,25530.0
인텔 제온 E3-1270V6 (카비레이크),440000,1151,,2026-04-20 15:25:16.061567,8965.0
AMD 라이젠9-5세대 7900X (라파엘),441300,AM5,DDR5,2026-04-20 15:25:16.061567,51281.0
AMD 라이젠 스레드리퍼 1950X (화이트헤븐),441880,TR4,DDR4,2026-04-20 15:25:16.061567,27741.0
인텔 코어i7-11세대 11700K (로켓레이크S),450000,1200,DDR4,2026-04-20 15:25:16.061567,24347.0
인텔 코어i7-10세대 10700K (코멧레이크S),451000,1200,DDR4,2026-04-20 15:25:16.061567,18530.0
인텔 제온 E3-1240V6 (카비레이크),455000,1151,,2026-04-20 15:25:16.061567,8724.0
인텔 제온 E 2124G (커피레이크),455690,1151V2,DDR4,2026-04-20 15:25:16.061567,7204.0
인텔 코어i5-14세대 14500 (랩터레이크 리프레시),459040,1700,DDR5,2026-04-20 15:25:16.061567,30965.0
AMD 라이젠 스레드리퍼 2920X (콜팩스),461690,TR4,DDR4,2026-04-20 15:25:16.061567,25172.0
AMD 라이젠9-5세대 7900 (라파엘),462100,AM5,DDR5,2026-04-20 15:25:16.061567,48043.0
인텔 코어 울트라5 시리즈2 245 (애로우레이크),465360,1851,DDR5,2026-04-20 15:25:16.061567,40168.0
인텔 코어i7-13세대 13700F (랩터레이크),468790,1700,DDR5,2026-04-20 15:25:16.061567,37928.0
인텔 제온 스케일러블 브론즈 3204 (캐스케이드레이크),470000,3647,DDR4,2026-04-20 15:25:16.061567,4722.0
인텔 코어i7-12세대 12700KF (엘더레이크),472420,1700,DDR5,2026-04-20 15:25:16.061567,33987.0
인텔 코어i3-13세대 13100T (랩터레이크),473100,1700,DDR5,2026-04-20 15:25:16.061567,12731.0
인텔 코어i5-12세대 12500T (엘더레이크),473100,1700,DDR5,2026-04-20 15:25:16.061567,16354.0
인텔 코어i5-13세대 13500T (랩터레이크),473100,1700,DDR5,2026-04-20 15:25:16.061567,22475.0
인텔 코어i5-13세대 13500 (랩터레이크),473100,1700,DDR5,2026-04-20 15:25:16.061567,30960.0
인텔 코어i5-14세대 14500T (랩터레이크 리프레시),473100,1700,DDR5,2026-04-20 15:25:16.061567,23040.0
인텔 코어i3-12세대 12100T (엘더레이크),478000,1700,DDR5,2026-04-20 15:25:16.061567,12343.0
인텔 코어i5-12세대 12400T (엘더레이크),478000,1700,DDR5,2026-04-20 15:25:16.061567,15578.0
인텔 제온 E 2234 (커피레이크-R),481750,1151V2,DDR4,2026-04-20 15:25:16.061567,9659.0
인텔 코어 울트라7 시리즈2 265K (애로우레이크),484780,1851,DDR5,2026-04-20 15:25:16.061567,58710.0
인텔 코어 울트라7 시리즈2 265 (애로우레이크),484790,1851,DDR5,2026-04-20 15:25:16.061567,626.0
인텔 코어i7-14세대 14700F (랩터레이크 리프레시),487980,1700,DDR5,2026-04-20 15:25:16.061567,41456.0
인텔 코어i7-14세대 14700KF (랩터레이크 리프레시),490480,1700,DDR5,2026-04-20 15:25:16.061567,52140.0
인텔 코어i7-13세대 13700KF (랩터레이크),492000,1700,DDR5,2026-04-20 15:25:16.061567,45601.0
인텔 코어i7-11세대 11700 (로켓레이크S),494000,1200,DDR4,2026-04-20 15:25:16.061567,20633.0
인텔 코어 울트라5 시리즈2 235T (애로우레이크),499950,1851,DDR5,2026-04-20 15:25:16.061567,32374.0
인텔 코어i5-11세대 11600K (로켓레이크S),500000,1200,DDR4,2026-04-20 15:25:16.061567,19499.0
인텔 코어i9-11세대 11900K (로켓레이크S),500340,1200,DDR4,2026-04-20 15:25:16.061567,24946.0
인텔 코어i9-12세대 12900KF (엘더레이크),501910,1700,DDR5,2026-04-20 15:25:16.061567,40710.0
인텔 코어 울트라7 시리즈2 265F (애로우레이크),508030,1851,DDR5,2026-04-20 15:25:16.061567,49478.0
인텔 코어i9-11세대 11900 (로켓레이크S),514990,1200,DDR4,2026-04-20 15:25:16.061567,22347.0
인텔 코어 울트라7 시리즈2 270K Plus (애로우레이크 리프레시),521930,1851,DDR5,2026-04-20 15:25:16.061567,68424.0
인텔 코어i7-12세대 12700 (엘더레이크),535400,1700,DDR5,2026-04-20 15:25:16.061567,29937.0
인텔 코어i9-11세대 11900F (로켓레이크S),536120,1200,DDR4,2026-04-20 15:25:16.061567,22093.0
인텔 코어i7-8세대 8700 (커피레이크),544670,1151V2,DDR4,2026-04-20 15:25:16.061567,12746.0
인텔 코어i7-9세대 9700KF (커피레이크-R),545460,1151V2,DDR4,2026-04-20 15:25:16.061567,14259.0
AMD 라이젠5-4세대 5600XT (버미어),550000,AM4,DDR4,2026-04-20 15:25:16.061567,22291.0
인텔 코어i7-11세대 11700F (로켓레이크S),558000,1200,DDR4,2026-04-20 15:25:16.061567,20791.0
인텔 코어i9-13세대 13900K (랩터레이크),558970,1700,DDR5,2026-04-20 15:25:16.061567,58220.0
AMD 라이젠7-3세대 3800X (마티스),560760,AM4,DDR4,2026-04-20 15:25:16.061567,22983.0
인텔 코어X-시리즈 i9-9920X (스카이레이크),561440,2066,DDR4,2026-04-20 15:25:16.061567,24760.0
AMD 라이젠9-3세대 3950X (마티스),567350,AM4,DDR4,2026-04-20 15:25:16.061567,38447.0
인텔 코어i9-11세대 11900KF (로켓레이크S),568400,1200,DDR4,2026-04-20 15:25:16.061567,24516.0
인텔 제온 E 2174G (커피레이크),569330,1151V2,DDR4,2026-04-20 15:25:16.061567,9528.0
AMD 라이젠7-6세대 9800X3D (그래니트 릿지),581480,AM5,DDR5,2026-04-20 15:25:16.061567,39978.0
인텔 코어i7-12세대 12700K (엘더레이크),587000,1700,DDR5,2026-04-20 15:25:16.061567,34294.0
인텔 코어i7-12세대 12700T (엘더레이크),590000,1700,DDR5,2026-04-20 15:25:16.061567,21212.0
인텔 코어i9-13세대 13900KF (랩터레이크),595000,1700,DDR5,2026-04-20 15:25:16.061567,57594.0
인텔 제온 E 2146G (커피레이크),598480,1151V2,DDR4,2026-04-20 15:25:16.061567,13232.0
인텔 코어i7-14세대 14700 (랩터레이크 리프레시),599730,1700,DDR5,2026-04-20 15:25:16.061567,40680.0
AMD 라이젠7-1세대 1800X (서밋 릿지),602050,AM4,DDR4,2026-04-20 15:25:16.061567,16277.0
인텔 제온 스케일러블 실버 4210R (캐스케이드레이크),609530,3647,DDR4,2026-04-20 15:25:16.061567,14971.0
인텔 코어i7-14세대 14700K (랩터레이크 리프레시),613110,1700,DDR5,2026-04-20 15:25:16.061567,52044.0
AMD 라이젠9-6세대 9900X (그래니트 릿지),620940,AM5,DDR5,2026-04-20 15:25:16.061567,54430.0
인텔 코어i9-12세대 12900 (엘더레이크),620940,1700,DDR5,2026-04-20 15:25:16.061567,33658.0
인텔 코어i9-10세대 10900F (코멧레이크S),630000,1200,DDR4,2026-04-20 15:25:16.061567,19777.0
인텔 제온 E 2224 (커피레이크-R),630500,1151V2,DDR4,2026-04-20 15:25:16.061567,1248.0
인텔 코어i9-12세대 12900K (엘더레이크),638270,1700,DDR5,2026-04-20 15:25:16.061567,41144.0
인텔 코어i9-12세대 12900KS (엘더레이크),644800,1700,DDR5,2026-04-20 15:25:16.061567,43440.0
AMD 라이젠7-4세대 5700X3D (버미어),699500,AM4,DDR4,2026-04-20 15:25:16.061567,26306.0
AMD 라이젠9-4세대 5900XT (버미어),700000,AM4,DDR4,2026-04-20 15:25:16.061567,43916.0
인텔 코어X-시리즈 i9-10980XE Extreme Edition (캐스케이드레이크),711160,2066,DDR4,2026-04-20 15:25:16.061567,31984.0
인텔 코어i9-10세대 10900KF (코멧레이크S),711860,1200,DDR4,2026-04-20 15:25:16.061567,22194.0
인텔 제온 E 2224G (커피레이크-R),712000,1151V2,DDR4,2026-04-20 15:25:16.061567,7541.0
인텔 코어i7-13세대 13700K (랩터레이크),712040,1700,DDR5,2026-04-20 15:25:16.061567,45714.0
인텔 코어i3-14세대 14100T (랩터레이크 리프레시),715350,1700,DDR5,2026-04-20 15:25:16.061567,13703.0
인텔 코어X-시리즈 i7-9800X (스카이레이크),718490,2066,DDR4,2026-04-20 15:25:16.061567,18151.0
인텔 코어i9-14세대 14900KF (랩터레이크 리프레시),721550,1700,DDR5,2026-04-20 15:25:16.061567,58273.0
인텔 코어i9-10세대 10900 (코멧레이크S),732580,1200,DDR4,2026-04-20 15:25:16.061567,19085.0
AMD 라이젠7-3세대 3800XT (마티스),732880,AM4,DDR4,2026-04-20 15:25:16.061567,23434.0
인텔 코어 울트라7 시리즈2 265T (애로우레이크),733450,1851,DDR5,2026-04-20 15:25:16.061567,38385.0
인텔 제온 E3-1275V6 (카비레이크),736000,1151,,2026-04-20 15:25:16.061567,9206.0
인텔 제온 스케일러블 실버 4208 (캐스케이드레이크),737000,3647,DDR4,2026-04-20 15:25:16.061567,10973.0
인텔 코어i9-9세대 9900KF (커피레이크-R),738900,1151V2,DDR4,2026-04-20 15:25:16.061567,18004.0
AMD 라이젠9-4세대 5950X (버미어),739000,AM4,DDR4,2026-04-20 15:25:16.061567,45308.0
인텔 코어i9-12세대 12900F (엘더레이크),747600,1700,DDR5,2026-04-20 15:25:16.061567,35812.0
인텔 제온 E 2176G (커피레이크),749990,1151V2,DDR4,2026-04-20 15:25:16.061567,13639.0
AMD 라이젠7-4세대 5800X3D (버미어),750000,AM4,DDR4,2026-04-20 15:25:16.061567,28303.0
AMD 라이젠7-6세대 9850X3D (그래니트 릿지),751770,AM5,DDR5,2026-04-20 15:25:16.061567,41380.0
AMD 라이젠9-4세대 5900X (버미어),759000,AM4,DDR4,2026-04-20 15:25:16.061567,38929.0
인텔 코어i9-9세대 9900K (커피레이크-R),770000,1151V2,DDR4,2026-04-20 15:25:16.061567,18067.0
인텔 제온 E5-2630 v4 (브로드웰-EP),770000,2011,DDR4,2026-04-20 15:25:16.061567,11373.0
AMD 라이젠9-3세대 3900XT (마티스),775400,AM4,DDR4,2026-04-20 15:25:16.061567,32496.0
AMD 라이젠9-6세대 9950X (그래니트 릿지),790060,AM5,DDR5,2026-04-20 15:25:16.061567,65790.0
인텔 코어i7-8세대 8086K (커피레이크),795560,1151V2,DDR4,2026-04-20 15:25:16.061567,14069.0
인텔 코어i9-13세대 13900F (랩터레이크),805000,1700,DDR5,2026-04-20 15:25:16.061567,48444.0
AMD 라이젠9-6세대 9900X3D (그래니트 릿지),807000,AM5,DDR5,2026-04-20 15:25:16.061567,56218.0
인텔 코어i9-14세대 14900K (랩터레이크 리프레시),807770,1700,DDR5,2026-04-20 15:25:16.061567,58374.0
인텔 코어i7-13세대 13700 (랩터레이크),812500,1700,DDR5,2026-04-20 15:25:16.061567,36078.0
AMD 라이젠9-5세대 7950X3D (라파엘),818760,AM5,DDR5,2026-04-20 15:25:16.061567,62320.0
AMD 라이젠9-5세대 7900X3D (라파엘),829600,AM5,DDR5,2026-04-20 15:25:16.061567,50220.0
AMD EPYC 4584PX (라파엘),836440,AM5,DDR5,2026-04-20 15:25:16.061567,59990.0
인텔 코어i9-14세대 14900F (랩터레이크 리프레시),845500,1700,DDR5,2026-04-20 15:25:16.061567,46673.0
인텔 코어i9-10세대 10900K (코멧레이크S),850000,1200,DDR4,2026-04-20 15:25:16.061567,22301.0
인텔 코어i9-14세대 14900 (랩터레이크 리프레시),857140,1700,DDR5,2026-04-20 15:25:16.061567,44889.0
인텔 제온 스케일러블 실버 4210 (캐스케이드레이크),869990,3647,DDR4,2026-04-20 15:25:16.061567,13575.0
인텔 코어i9-9세대 9900 (커피레이크-R),883700,1151V2,DDR4,2026-04-20 15:25:16.061567,16269.0
인텔 코어 울트라9 시리즈2 285 (애로우레이크),897600,1851,DDR5,2026-04-20 15:25:16.061567,956.0
AMD EPYC 4585PX (그라도),899000,AM5,DDR5,2026-04-20 15:25:16.061567,68823.0
AMD 라이젠 스레드리퍼 PRO 3955WX (캐슬 픽-W),902850,SWRX8,DDR4,2026-04-20 15:25:16.061567,39869.0
인텔 코어 울트라9 시리즈2 285K (애로우레이크),909850,1851,DDR5,2026-04-20 15:25:16.061567,67298.0
AMD 라이젠 스레드리퍼 2950X (콜팩스),915510,TR4,DDR4,2026-04-20 15:25:16.061567,29466.0
AMD 라이젠9-6세대 9950X3D (그래니트 릿지),921110,AM5,DDR5,2026-04-20 15:25:16.061567,70210.0
인텔 코어i9-13세대 13900KS (랩터레이크),932500,1700,DDR5,2026-04-20 15:25:16.061567,60531.0
인텔 코어X-시리즈 i9-10920X (캐스케이드레이크),943520,2066,DDR4,2026-04-20 15:25:16.061567,25793.0
AMD 라이젠5-4세대 5600X (버미어),950000,AM4,DDR4,2026-04-20 15:25:16.061567,21841.0
인텔 코어X-시리즈 i9-9940X (스카이레이크),965850,2066,DDR4,2026-04-20 15:25:16.061567,28014.0
인텔 코어i9-13세대 13900T (랩터레이크),968700,1700,DDR5,2026-04-20 15:25:16.061567,42230.0
인텔 코어i7-13세대 13700T (랩터레이크),968810,1700,DDR5,2026-04-20 15:25:16.061567,27606.0
인텔 코어i9-14세대 14900T (랩터레이크 리프레시),968900,1700,DDR5,2026-04-20 15:25:16.061567,38413.0
인텔 제온 스케일러블 실버 4309Y (아이스레이크),973880,4189,DDR4,2026-04-20 15:25:16.061567,18887.0
인텔 코어i9-12세대 12900T (엘더레이크),974000,1700,DDR5,2026-04-20 15:25:16.061567,28950.0
인텔 코어i7-14세대 14700T (랩터레이크 리프레시),978990,1700,DDR5,2026-04-20 15:25:16.061567,30888.0
인텔 코어X-시리즈 i9-10900X (캐스케이드레이크),996390,2066,DDR4,2026-04-20 15:25:16.061567,22326.0
인텔 제온 스케일러블 실버 4114 (스카이레이크),1010000,3647,DDR4,2026-04-20 15:25:16.061567,13140.0
인텔 코어i9-13세대 13900 (랩터레이크),1011750,1700,DDR5,2026-04-20 15:25:16.061567,44887.0
인텔 코어 울트라9 시리즈2 285T (애로우레이크),1016890,1851,DDR5,2026-04-20 15:25:16.061567,39536.0
인텔 코어i9-14세대 14900KS (랩터레이크 리프레시),1046310,1700,DDR5,2026-04-20 15:25:16.061567,60180.0
AMD EPYC 7302P (롬),1066870,,DDR4,2026-04-20 15:25:16.061567,32114.0
인텔 제온 스케일러블 실버 4214 (캐스케이드레이크),1216410,3647,DDR4,2026-04-20 15:25:16.061567,16378.0
AMD 라이젠 스레드리퍼 3960X (캐슬 픽),1232710,STRX4,DDR4,2026-04-20 15:25:16.061567,54806.0
AMD EPYC 7313 (밀라노),1250000,,DDR4,2026-04-20 15:25:16.061567,38938.0
인텔 제온 스케일러블 실버 4215 (캐스케이드레이크),1277400,3647,DDR4,2026-04-20 15:25:16.061567,13353.0
인텔 코어X-시리즈 i9-10940X (캐스케이드레이크),1323750,2066,DDR4,2026-04-20 15:25:16.061567,27645.0
AMD 라이젠 스레드리퍼 1900X (화이트헤븐),1337560,TR4,DDR4,2026-04-20 15:25:16.061567,16837.0
AMD EPYC 7313P (밀라노),1350000,,DDR4,2026-04-20 15:25:16.061567,40454.0
AMD 라이젠9-5세대 7950X (라파엘),1500000,AM5,DDR5,2026-04-20 15:25:16.061567,62197.0
AMD 라이젠 스레드리퍼 2990WX (콜팩스),1563030,TR4,DDR4,2026-04-20 15:25:16.061567,32036.0
인텔 제온 스케일러블 실버 4216 (캐스케이드레이크),1613000,3647,DDR4,2026-04-20 15:25:16.061567,21085.0
AMD 라이젠 스레드리퍼 PRO 5955WX (샤갈 프로),1638860,SWRX8,DDR4,2026-04-20 15:25:16.061567,48800.0
AMD 라이젠 스레드리퍼 7960X (스톰 픽),1934160,,DDR5,2026-04-20 15:25:16.061567,83496.0
인텔 제온 스케일러블 실버 4314 (아이스레이크),1976000,4189,DDR4,2026-04-20 15:25:16.061567,28922.0
인텔 제온 스케일러블 실버 4310 (아이스레이크),1977000,4189,DDR4,2026-04-20 15:25:16.061567,21635.0
AMD EPYC 7302 (롬),2012950,,DDR4,2026-04-20 15:25:16.061567,33499.0
인텔 제온 스케일러블 실버 4316 (아이스레이크),2025480,4189,DDR4,2026-04-20 15:25:16.061567,32556.0
AMD 라이젠 스레드리퍼 PRO 3975WX (캐슬 픽-W),2309990,SWRX8,DDR4,2026-04-20 15:25:16.061567,62310.0
AMD 라이젠 스레드리퍼 9960X (시마다 픽),2328750,,DDR5,2026-04-20 15:25:16.061567,92786.0
AMD 라이젠 스레드리퍼 2970WX (콜팩스),2350000,TR4,DDR4,2026-04-20 15:25:16.061567,30986.0
AMD 라이젠 스레드리퍼 PRO 7955WX (스톰 픽),2403480,,DDR5,2026-04-20 15:25:16.061567,60075.0
AMD 라이젠 스레드리퍼 PRO 9955WX (시마다 픽),2531780,,DDR5,2026-04-20 15:25:16.061567,67484.0
인텔 제온 스케일러블 골드 5317 (아이스레이크),2532000,4189,DDR4,2026-04-20 15:25:16.061567,27431.0
인텔 제온 스케일러블 골드 5222 (캐스케이드레이크),2576000,3647,DDR4,2026-04-20 15:25:16.061567,9366.0
AMD 라이젠 스레드리퍼 3970X (캐슬 픽),2583940,STRX4,DDR4,2026-04-20 15:25:16.061567,62895.0
AMD 라이젠 스레드리퍼 PRO 5965WX (샤갈 프로),2599000,SWRX8,DDR4,2026-04-20 15:25:16.061567,66554.0
인텔 제온 스케일러블 골드 6326 (아이스레이크),2629990,4189,DDR4,2026-04-20 15:25:16.061567,32738.0
인텔 제온 w5-3435X (사파이어 래피드),2681690,,DDR5,2026-04-20 15:25:16.061567,44508.0
인텔 제온 스케일러블 골드 5220 (캐스케이드레이크),2716000,3647,DDR4,2026-04-20 15:25:16.061567,24480.0
인텔 제온 스케일러블 골드 5318Y (아이스레이크),2720350,4189,DDR4,2026-04-20 15:25:16.061567,33139.0
인텔 제온 스케일러블 골드 5318H (쿠퍼레이크),2800400,4189,DDR4,2026-04-20 15:25:16.061567,29301.0
인텔 제온 스케일러블 골드 5218 (캐스케이드레이크),2814000,3647,DDR4,2026-04-20 15:25:16.061567,21731.0
AMD 라이젠 스레드리퍼 PRO 9975WX (시마다 픽),2821170,,DDR5,2026-04-20 15:25:16.061567,104830.0
인텔 제온 스케일러블 실버 4116 (스카이레이크),2889490,3647,DDR4,2026-04-20 15:25:16.061567,14940.0
인텔 제온 스케일러블 골드 5318N (아이스레이크),2937980,4189,DDR4,2026-04-20 15:25:16.061567,34301.0
인텔 제온 스케일러블 골드 5320H (쿠퍼레이크),2996420,4189,DDR4,2026-04-20 15:25:16.061567,31718.0
인텔 제온 스케일러블 골드 6346 (아이스레이크),3060000,4189,DDR4,2026-04-20 15:25:16.061567,37119.0
인텔 제온 w5-2465X (사파이어 래피드),3100000,,DDR5,2026-04-20 15:25:16.061567,45085.0
AMD 라이젠 스레드리퍼 PRO 5975WX (샤갈 프로),3132730,SWRX8,DDR4,2026-04-20 15:25:16.061567,75040.0
인텔 제온 스케일러블 골드 5315Y (아이스레이크),3146000,4189,DDR4,2026-04-20 15:25:16.061567,20477.0
인텔 제온 스케일러블 골드 5320 (아이스레이크),3153170,4189,DDR4,2026-04-20 15:25:16.061567,37558.0
인텔 제온 스케일러블 골드 5318S (아이스레이크),3253540,4189,DDR4,2026-04-20 15:25:16.061567,29301.0
인텔 제온 스케일러블 골드 6230 (캐스케이드레이크),3410000,3647,DDR4,2026-04-20 15:25:16.061567,25956.0
인텔 제온 스케일러블 골드 6330 (아이스레이크),3410200,4189,DDR4,2026-04-20 15:25:16.061567,4433.0
인텔 제온 스케일러블 골드 5320T (아이스레이크),3482040,4189,DDR4,2026-04-20 15:25:16.061567,33828.0
인텔 제온 스케일러블 골드 6140 (스카이레이크),3485000,3647,DDR4,2026-04-20 15:25:16.061567,24187.0
인텔 제온 스케일러블 골드 6242R (캐스케이드레이크),3621960,3647,DDR4,2026-04-20 15:25:16.061567,36011.0
AMD 라이젠 스레드리퍼 7970X (스톰 픽),3690000,,DDR5,2026-04-20 15:25:16.061567,99327.0
인텔 제온 스케일러블 골드 6336Y (아이스레이크),3711160,4189,DDR4,2026-04-20 15:25:16.061567,45517.0
인텔 제온 스케일러블 골드 6152 (스카이레이크),3760000,3647,DDR4,2026-04-20 15:25:16.061567,24572.0
AMD 라이젠 스레드리퍼 9970X (시마다 픽),3889280,,DDR5,2026-04-20 15:25:16.061567,107122.0
AMD 라이젠7-4세대 5700X (버미어),3920000,AM4,DDR4,2026-04-20 15:25:16.061567,26591.0
인텔 제온 스케일러블 골드 6312U (아이스레이크),3940000,4189,DDR4,2026-04-20 15:25:16.061567,41858.0
AMD 라이젠 스레드리퍼 PRO 7965WX (스톰 픽),3990000,,DDR5,2026-04-20 15:25:16.061567,82135.0
인텔 제온 스케일러블 골드 6234 (캐스케이드레이크),4020800,3647,DDR4,2026-04-20 15:25:16.061567,4072.0
인텔 제온 스케일러블 골드 5122 (스카이레이크),4090770,3647,DDR4,2026-04-20 15:25:16.061567,8875.0
인텔 제온 스케일러블 골드 6142 (스카이레이크),4244000,3647,DDR4,2026-04-20 15:25:16.061567,25218.0
인텔 제온 스케일러블 골드 6134 (스카이레이크),4292000,3647,DDR4,2026-04-20 15:25:16.061567,1910.0
인텔 제온 스케일러블 골드 6526Y (에메랄드 래피드),4412390,,DDR5,2026-04-20 15:25:16.061567,42036.0
인텔 제온 스케일러블 골드 6330H (쿠퍼레이크),4433000,4189,DDR4,2026-04-20 15:25:16.061567,4433.0
인텔 제온 스케일러블 골드 6240 (캐스케이드레이크),4438000,3647,DDR4,2026-04-20 15:25:16.061567,26927.0
인텔 제온 스케일러블 골드 6334 (아이스레이크),4461370,4189,DDR4,2026-04-20 15:25:16.061567,20512.0
인텔 제온 스케일러블 골드 5120 (스카이레이크),4476000,3647,DDR4,2026-04-20 15:25:16.061567,763.0
AMD 라이젠 스레드리퍼 PRO 9965WX (시마다 픽),4533830,,DDR5,2026-04-20 15:25:16.061567,92726.0
인텔 제온 스케일러블 골드 6242 (캐스케이드레이크),4592900,3647,DDR4,2026-04-20 15:25:16.061567,24099.0
인텔 제온 스케일러블 골드 6254 (캐스케이드레이크),4600000,3647,DDR4,2026-04-20 15:25:16.061567,32532.0
인텔 제온 스케일러블 골드 6348H (쿠퍼레이크),4787810,4189,DDR4,2026-04-20 15:25:16.061567,7850.0
인텔 제온 스케일러블 골드 6354 (아이스레이크),4842220,4189,DDR4,2026-04-20 15:25:16.061567,38332.0
인텔 제온 w7-3465X (사파이어 래피드),4921890,,DDR5,2026-04-20 15:25:16.061567,61600.0
인텔 제온 스케일러블 골드 6330N (아이스레이크),5066000,4189,DDR4,2026-04-20 15:25:16.061567,36360.0
인텔 제온 스케일러블 골드 6148 (스카이레이크),5199980,3647,DDR4,2026-04-20 15:25:16.061567,29037.0
인텔 제온 스케일러블 골드 6338N (아이스레이크),5255280,4189,DDR4,2026-04-20 15:25:16.061567,42086.0
인텔 제온 스케일러블 골드 6314U (아이스레이크),5331880,4189,DDR4,2026-04-20 15:25:16.061567,48916.0
인텔 제온 스케일러블 골드 6342 (아이스레이크),5393570,4189,DDR4,2026-04-20 15:25:16.061567,47076.0
인텔 제온 스케일러블 골드 6238 (캐스케이드레이크),5499600,3647,DDR4,2026-04-20 15:25:16.061567,5625.0
인텔 제온 스케일러블 골드 6128 (스카이레이크),5529000,3647,DDR4,2026-04-20 15:25:16.061567,2826.0
인텔 제온 스케일러블 골드 6248 (캐스케이드레이크),5576400,3647,DDR4,2026-04-20 15:25:16.061567,29530.0
인텔 제온 스케일러블 골드 6138 (스카이레이크),5879900,3647,DDR4,2026-04-20 15:25:16.061567,23661.0
AMD 라이젠 스레드리퍼 PRO 7975WX (스톰 픽),6115990,,DDR5,2026-04-20 15:25:16.061567,95460.0
인텔 제온 스케일러블 골드 6338 (아이스레이크),6330000,4189,DDR4,2026-04-20 15:25:16.061567,40225.0
인텔 제온 스케일러블 플래티넘 8354H (쿠퍼레이크),6365610,4189,DDR4,2026-04-20 15:25:16.061567,1664.0
인텔 제온 스케일러블 골드 6130 (스카이레이크),6373000,3647,DDR4,2026-04-20 15:25:16.061567,4353.0
인텔 제온 스케일러블 골드 6338T (아이스레이크),6614000,4189,DDR4,2026-04-20 15:25:16.061567,35801.0
인텔 제온 스케일러블 플래티넘 8351N (아이스레이크),6637650,4189,DDR4,2026-04-20 15:25:16.061567,48267.0
AMD 라이젠 스레드리퍼 7980X (스톰 픽),6919530,,DDR5,2026-04-20 15:25:16.061567,135602.0
인텔 제온 스케일러블 골드 6252 (캐스케이드레이크),7080200,3647,DDR4,2026-04-20 15:25:16.061567,26797.0
인텔 제온 스케일러블 골드 6348 (아이스레이크),7203480,4189,DDR4,2026-04-20 15:25:16.061567,7850.0
인텔 제온 스케일러블 플래티넘 8360H (쿠퍼레이크),7344940,4189,DDR4,2026-04-20 15:25:16.061567,54078.0
인텔 제온 스케일러블 플래티넘 8353H (쿠퍼레이크),7459000,4189,DDR4,2026-04-20 15:25:16.061567,
인텔 제온 스케일러블 플래티넘 8352V (아이스레이크),7508160,4189,DDR4,2026-04-20 15:25:16.061567,
인텔 제온 스케일러블 플래티넘 8352Y (아이스레이크),7508160,4189,DDR4,2026-04-20 15:25:16.061567,
AMD 라이젠 스레드리퍼 PRO 5995WX (샤갈 프로),7687690,SWRX8,DDR4,2026-04-20 15:25:16.061567,94569.0
AMD 라이젠 스레드리퍼 9980X (시마다 픽),7718630,,DDR5,2026-04-20 15:25:16.061567,143003.0
인텔 제온 스케일러블 플래티넘 8358P (아이스레이크),8433080,4189,DDR4,2026-04-20 15:25:16.061567,54416.0
인텔 제온 스케일러블 플래티넘 8358 (아이스레이크),8487490,4189,DDR4,2026-04-20 15:25:16.061567,54416.0
인텔 제온 스케일러블 플래티넘 8356H (쿠퍼레이크),8584000,4189,DDR4,2026-04-20 15:25:16.061567,
인텔 제온 스케일러블 플래티넘 8352S (아이스레이크),8596300,4189,DDR4,2026-04-20 15:25:16.061567,
인텔 제온 스케일러블 골드 6328HL (쿠퍼레이크),8737760,4189,DDR4,2026-04-20 15:25:16.061567,5306.0
인텔 제온 스케일러블 플래티넘 8360Y (아이스레이크),9738850,4189,DDR4,2026-04-20 15:25:16.061567,54078.0
AMD 라이젠 스레드리퍼 PRO 7985WX (스톰 픽),9899990,,DDR5,2026-04-20 15:25:16.061567,132624.0
인텔 제온 스케일러블 플래티넘 8568Y+ (에메랄드 래피드),10141750,,DDR5,2026-04-20 15:25:16.061567,79683.0
AMD 라이젠 스레드리퍼 PRO 9985WX (시마다 픽),12300000,,DDR5,2026-04-20 15:25:16.061567,151596.0
AMD 라이젠 스레드리퍼 PRO 3995WX (캐슬 픽-W),12500000,SWRX8,DDR4,2026-04-20 15:25:16.061567,82745.0
인텔 제온 스케일러블 플래티넘 8360HL (쿠퍼레이크),12731230,4189,DDR4,2026-04-20 15:25:16.061567,54078.0
인텔 제온 스케일러블 플래티넘 8368 (아이스레이크),12731230,4189,DDR4,2026-04-20 15:25:16.061567,46681.0
AMD 라이젠 스레드리퍼 PRO 7995WX (스톰 픽),13963280,,DDR5,2026-04-20 15:25:16.061567,141078.0
인텔 제온 스케일러블 플래티넘 8368Q (아이스레이크),14472250,4189,DDR4,2026-04-20 15:25:16.061567,46681.0
인텔 제온 스케일러블 플래티넘 8280L (캐스케이드레이크),17100000,3647,DDR4,2026-04-20 15:25:16.061567,36830.0
인텔 제온 스케일러블 플래티넘 8380H (쿠퍼레이크),17192600,4189,DDR4,2026-04-20 15:25:16.061567,62318.0
AMD 라이젠 스레드리퍼 PRO 9995WX (시마다 픽),18418620,,DDR5,2026-04-20 15:25:16.061567,173703.0
인텔 제온 스케일러블 플래티넘 8380 (아이스레이크),19042440,4189,DDR4,2026-04-20 15:25:16.061567,62318.0
인텔 제온 스케일러블 플래티넘 8376HL (쿠퍼레이크),20130580,4189,DDR4,2026-04-20 15:25:16.061567,
인텔 제온 스케일러블 플래티넘 8380HL (쿠퍼레이크),21653970,4189,DDR4,2026-04-20 15:25:16.061567,62318.0
